ISO-10303-21;
HEADER;
/* Generated by software containing ST-Developer
 * from STEP Tools, Inc. (www.steptools.com) 
 */

FILE_DESCRIPTION(
/* description */ (''),
/* implementation_level */ '2;1');

FILE_NAME(
/* name */ 'clamp_assembly.step',
/* time_stamp */ '2026-05-24T13:19:29+02:00',
/* author */ (''),
/* organization */ (''),
/* preprocessor_version */ 'ST-DEVELOPER v20.1',
/* originating_system */ 'Autodesk Translation Framework v15.8.0.0',
/* authorisation */ '');

FILE_SCHEMA (('AUTOMOTIVE_DESIGN { 1 0 10303 214 3 1 1 }'));
ENDSEC;

DATA;
#10=MECHANICAL_DESIGN_GEOMETRIC_PRESENTATION_REPRESENTATION('',(#107,#108,
#109,#110,#111,#112,#113,#114,#115,#116,#117,#118,#119,#120,#121,#122,#123,
#124,#125,#126,#127,#128),#9543);
#11=ITEM_DEFINED_TRANSFORMATION($,$,#2456,#2653);
#12=ITEM_DEFINED_TRANSFORMATION($,$,#2499,#2654);
#13=ITEM_DEFINED_TRANSFORMATION($,$,#2545,#2655);
#14=ITEM_DEFINED_TRANSFORMATION($,$,#2603,#2656);
#15=(
REPRESENTATION_RELATIONSHIP($,$,#9563,#9562)
REPRESENTATION_RELATIONSHIP_WITH_TRANSFORMATION(#11)
SHAPE_REPRESENTATION_RELATIONSHIP()
);
#16=(
REPRESENTATION_RELATIONSHIP($,$,#9564,#9562)
REPRESENTATION_RELATIONSHIP_WITH_TRANSFORMATION(#12)
SHAPE_REPRESENTATION_RELATIONSHIP()
);
#17=(
REPRESENTATION_RELATIONSHIP($,$,#9565,#9562)
REPRESENTATION_RELATIONSHIP_WITH_TRANSFORMATION(#13)
SHAPE_REPRESENTATION_RELATIONSHIP()
);
#18=(
REPRESENTATION_RELATIONSHIP($,$,#9566,#9562)
REPRESENTATION_RELATIONSHIP_WITH_TRANSFORMATION(#14)
SHAPE_REPRESENTATION_RELATIONSHIP()
);
#19=CONTEXT_DEPENDENT_SHAPE_REPRESENTATION(#15,#9558);
#20=CONTEXT_DEPENDENT_SHAPE_REPRESENTATION(#16,#9559);
#21=CONTEXT_DEPENDENT_SHAPE_REPRESENTATION(#17,#9560);
#22=CONTEXT_DEPENDENT_SHAPE_REPRESENTATION(#18,#9561);
#23=NEXT_ASSEMBLY_USAGE_OCCURRENCE('Component4:1','Component4:1',
'Component4:1',#9568,#9569,'Component4:1');
#24=NEXT_ASSEMBLY_USAGE_OCCURRENCE('Component5:1','Component5:1',
'Component5:1',#9568,#9570,'Component5:1');
#25=NEXT_ASSEMBLY_USAGE_OCCURRENCE('Component6:1','Component6:1',
'Component6:1',#9568,#9571,'Component6:1');
#26=NEXT_ASSEMBLY_USAGE_OCCURRENCE('Component7:1','Component7:1',
'Component7:1',#9568,#9572,'Component7:1');
#27=ELLIPSE('',#2649,0.50134915258416,0.479999999999997);
#28=ELLIPSE('',#2651,0.50134915258416,0.479999999999997);
#29=(
BOUNDED_SURFACE()
B_SPLINE_SURFACE(2,2,((#7168,#7169,#7170,#7171,#7172,#7173,#7174,#7175,
#7176),(#7177,#7178,#7179,#7180,#7181,#7182,#7183,#7184,#7185),(#7186,#7187,
#7188,#7189,#7190,#7191,#7192,#7193,#7194),(#7195,#7196,#7197,#7198,#7199,
#7200,#7201,#7202,#7203),(#7204,#7205,#7206,#7207,#7208,#7209,#7210,#7211,
#7212),(#7213,#7214,#7215,#7216,#7217,#7218,#7219,#7220,#7221),(#7222,#7223,
#7224,#7225,#7226,#7227,#7228,#7229,#7230),(#7231,#7232,#7233,#7234,#7235,
#7236,#7237,#7238,#7239),(#7240,#7241,#7242,#7243,#7244,#7245,#7246,#7247,
#7248)),.UNSPECIFIED.,.T.,.F.,.F.)
B_SPLINE_SURFACE_WITH_KNOTS((3,2,2,2,3),(3,2,2,2,3),(-3.14159265358979,
-1.5707963267949,0.,1.5707963267949,3.14159265358979),(0.,1.33027105974815,
2.66054211949629,3.99081317924444,5.32108423899258),.UNSPECIFIED.)
GEOMETRIC_REPRESENTATION_ITEM()
RATIONAL_B_SPLINE_SURFACE(((1.,0.78683314795495,1.,0.78683314795495,1.,
0.78683314795495,1.,0.78683314795495,1.),(0.707106781186549,0.556375054581305,
0.707106781186549,0.556375054581305,0.707106781186549,0.556375054581305,
0.707106781186549,0.556375054581305,0.707106781186549),(1.,0.78683314795495,
1.,0.78683314795495,1.,0.78683314795495,1.,0.78683314795495,1.),(0.707106781186549,
0.556375054581305,0.707106781186549,0.556375054581305,0.707106781186549,
0.556375054581305,0.707106781186549,0.556375054581305,0.707106781186549),
(1.,0.78683314795495,1.,0.78683314795495,1.,0.78683314795495,1.,0.78683314795495,
1.),(0.707106781186549,0.556375054581305,0.707106781186549,0.556375054581305,
0.707106781186549,0.556375054581305,0.707106781186549,0.556375054581305,
0.707106781186549),(1.,0.78683314795495,1.,0.78683314795495,1.,0.78683314795495,
1.,0.78683314795495,1.),(0.707106781186549,0.556375054581305,0.707106781186549,
0.556375054581305,0.707106781186549,0.556375054581305,0.707106781186549,
0.556375054581305,0.707106781186549),(1.,0.78683314795495,1.,0.78683314795495,
1.,0.78683314795495,1.,0.78683314795495,1.)))
REPRESENTATION_ITEM('')
SURFACE()
);
#30=SPHERICAL_SURFACE('',#2518,0.5);
#31=SPHERICAL_SURFACE('',#2520,0.5);
#32=SPHERICAL_SURFACE('',#2586,2.5);
#33=SPHERICAL_SURFACE('',#2629,2.5);
#34=TOROIDAL_SURFACE('',#2503,2.,0.5);
#35=TOROIDAL_SURFACE('',#2509,2.,0.5);
#36=TOROIDAL_SURFACE('',#2641,8.14315531856791,0.479999999999997);
#37=TOROIDAL_SURFACE('',#2645,8.14315531856792,0.479999999999997);
#38=SHAPE_REPRESENTATION_RELATIONSHIP('SRR','None',#9563,#43);
#39=SHAPE_REPRESENTATION_RELATIONSHIP('SRR','None',#9564,#44);
#40=SHAPE_REPRESENTATION_RELATIONSHIP('SRR','None',#9565,#45);
#41=SHAPE_REPRESENTATION_RELATIONSHIP('SRR','None',#9566,#46);
#42=SHAPE_REPRESENTATION_RELATIONSHIP('SRR','None',#9562,#47);
#43=ADVANCED_BREP_SHAPE_REPRESENTATION('',(#48),#9539);
#44=ADVANCED_BREP_SHAPE_REPRESENTATION('',(#49),#9540);
#45=ADVANCED_BREP_SHAPE_REPRESENTATION('',(#50),#9541);
#46=ADVANCED_BREP_SHAPE_REPRESENTATION('',(#51),#9542);
#47=ADVANCED_BREP_SHAPE_REPRESENTATION('',(#52),#9538);
#48=MANIFOLD_SOLID_BREP('Body1',#2405);
#49=MANIFOLD_SOLID_BREP('Body1',#2406);
#50=MANIFOLD_SOLID_BREP('Body1',#2407);
#51=MANIFOLD_SOLID_BREP('Body1',#2408);
#52=MANIFOLD_SOLID_BREP('Body8',#2409);
#53=B_SPLINE_SURFACE_WITH_KNOTS('',3,3,((#5131,#5132,#5133,#5134,#5135,
#5136,#5137,#5138,#5139,#5140,#5141,#5142,#5143,#5144,#5145,#5146,#5147,
#5148,#5149,#5150,#5151,#5152,#5153,#5154,#5155,#5156,#5157,#5158,#5159,
#5160,#5161,#5162,#5163,#5164,#5165,#5166,#5167,#5168,#5169,#5170,#5171,
#5172,#5173,#5174,#5175,#5176,#5177,#5178,#5179,#5180,#5181,#5182,#5183,
#5184,#5185,#5186,#5187,#5188,#5189,#5190,#5191,#5192,#5193,#5194,#5195,
#5196,#5197,#5198,#5199,#5200,#5201,#5202,#5203,#5204,#5205,#5206,#5207,
#5208,#5209,#5210,#5211,#5212,#5213,#5214,#5215,#5216,#5217,#5218,#5219,
#5220,#5221,#5222,#5223,#5224,#5225,#5226,#5227,#5228,#5229,#5230,#5231,
#5232,#5233,#5234,#5235,#5236,#5237,#5238,#5239,#5240,#5241,#5242,#5243,
#5244,#5245,#5246,#5247,#5248,#5249,#5250,#5251,#5252,#5253,#5254,#5255,
#5256,#5257,#5258,#5259,#5260,#5261,#5262,#5263,#5264,#5265,#5266,#5267,
#5268,#5269,#5270,#5271,#5272,#5273,#5274,#5275,#5276,#5277,#5278,#5279,
#5280,#5281,#5282,#5283,#5284,#5285,#5286,#5287,#5288,#5289,#5290,#5291,
#5292,#5293,#5294,#5295,#5296,#5297,#5298,#5299,#5300,#5301,#5302,#5303,
#5304,#5305,#5306,#5307),(#5308,#5309,#5310,#5311,#5312,#5313,#5314,#5315,
#5316,#5317,#5318,#5319,#5320,#5321,#5322,#5323,#5324,#5325,#5326,#5327,
#5328,#5329,#5330,#5331,#5332,#5333,#5334,#5335,#5336,#5337,#5338,#5339,
#5340,#5341,#5342,#5343,#5344,#5345,#5346,#5347,#5348,#5349,#5350,#5351,
#5352,#5353,#5354,#5355,#5356,#5357,#5358,#5359,#5360,#5361,#5362,#5363,
#5364,#5365,#5366,#5367,#5368,#5369,#5370,#5371,#5372,#5373,#5374,#5375,
#5376,#5377,#5378,#5379,#5380,#5381,#5382,#5383,#5384,#5385,#5386,#5387,
#5388,#5389,#5390,#5391,#5392,#5393,#5394,#5395,#5396,#5397,#5398,#5399,
#5400,#5401,#5402,#5403,#5404,#5405,#5406,#5407,#5408,#5409,#5410,#5411,
#5412,#5413,#5414,#5415,#5416,#5417,#5418,#5419,#5420,#5421,#5422,#5423,
#5424,#5425,#5426,#5427,#5428,#5429,#5430,#5431,#5432,#5433,#5434,#5435,
#5436,#5437,#5438,#5439,#5440,#5441,#5442,#5443,#5444,#5445,#5446,#5447,
#5448,#5449,#5450,#5451,#5452,#5453,#5454,#5455,#5456,#5457,#5458,#5459,
#5460,#5461,#5462,#5463,#5464,#5465,#5466,#5467,#5468,#5469,#5470,#5471,
#5472,#5473,#5474,#5475,#5476,#5477,#5478,#5479,#5480,#5481,#5482,#5483,
#5484),(#5485,#5486,#5487,#5488,#5489,#5490,#5491,#5492,#5493,#5494,#5495,
#5496,#5497,#5498,#5499,#5500,#5501,#5502,#5503,#5504,#5505,#5506,#5507,
#5508,#5509,#5510,#5511,#5512,#5513,#5514,#5515,#5516,#5517,#5518,#5519,
#5520,#5521,#5522,#5523,#5524,#5525,#5526,#5527,#5528,#5529,#5530,#5531,
#5532,#5533,#5534,#5535,#5536,#5537,#5538,#5539,#5540,#5541,#5542,#5543,
#5544,#5545,#5546,#5547,#5548,#5549,#5550,#5551,#5552,#5553,#5554,#5555,
#5556,#5557,#5558,#5559,#5560,#5561,#5562,#5563,#5564,#5565,#5566,#5567,
#5568,#5569,#5570,#5571,#5572,#5573,#5574,#5575,#5576,#5577,#5578,#5579,
#5580,#5581,#5582,#5583,#5584,#5585,#5586,#5587,#5588,#5589,#5590,#5591,
#5592,#5593,#5594,#5595,#5596,#5597,#5598,#5599,#5600,#5601,#5602,#5603,
#5604,#5605,#5606,#5607,#5608,#5609,#5610,#5611,#5612,#5613,#5614,#5615,
#5616,#5617,#5618,#5619,#5620,#5621,#5622,#5623,#5624,#5625,#5626,#5627,
#5628,#5629,#5630,#5631,#5632,#5633,#5634,#5635,#5636,#5637,#5638,#5639,
#5640,#5641,#5642,#5643,#5644,#5645,#5646,#5647,#5648,#5649,#5650,#5651,
#5652,#5653,#5654,#5655,#5656,#5657,#5658,#5659,#5660,#5661),(#5662,#5663,
#5664,#5665,#5666,#5667,#5668,#5669,#5670,#5671,#5672,#5673,#5674,#5675,
#5676,#5677,#5678,#5679,#5680,#5681,#5682,#5683,#5684,#5685,#5686,#5687,
#5688,#5689,#5690,#5691,#5692,#5693,#5694,#5695,#5696,#5697,#5698,#5699,
#5700,#5701,#5702,#5703,#5704,#5705,#5706,#5707,#5708,#5709,#5710,#5711,
#5712,#5713,#5714,#5715,#5716,#5717,#5718,#5719,#5720,#5721,#5722,#5723,
#5724,#5725,#5726,#5727,#5728,#5729,#5730,#5731,#5732,#5733,#5734,#5735,
#5736,#5737,#5738,#5739,#5740,#5741,#5742,#5743,#5744,#5745,#5746,#5747,
#5748,#5749,#5750,#5751,#5752,#5753,#5754,#5755,#5756,#5757,#5758,#5759,
#5760,#5761,#5762,#5763,#5764,#5765,#5766,#5767,#5768,#5769,#5770,#5771,
#5772,#5773,#5774,#5775,#5776,#5777,#5778,#5779,#5780,#5781,#5782,#5783,
#5784,#5785,#5786,#5787,#5788,#5789,#5790,#5791,#5792,#5793,#5794,#5795,
#5796,#5797,#5798,#5799,#5800,#5801,#5802,#5803,#5804,#5805,#5806,#5807,
#5808,#5809,#5810,#5811,#5812,#5813,#5814,#5815,#5816,#5817,#5818,#5819,
#5820,#5821,#5822,#5823,#5824,#5825,#5826,#5827,#5828,#5829,#5830,#5831,
#5832,#5833,#5834,#5835,#5836,#5837,#5838)),.UNSPECIFIED.,.F.,.F.,.F.,(4,
4),(4,1,1,1,1,1,1,1,1,1,1,1,1,1,1,1,1,1,1,1,1,1,1,1,1,1,1,1,1,1,1,1,1,1,
1,1,1,1,1,1,1,1,1,1,1,1,1,1,1,1,1,1,1,1,1,1,1,1,1,1,1,1,1,1,1,1,1,1,1,1,
1,1,1,1,1,1,1,1,1,1,1,1,1,1,1,1,1,1,1,1,1,1,1,1,1,1,1,1,1,1,1,1,1,1,1,1,
1,1,1,1,1,1,1,1,1,1,1,1,1,1,1,1,1,1,1,1,1,1,1,1,1,1,1,1,1,1,1,1,1,1,1,1,
1,1,1,1,1,1,1,1,1,1,1,1,1,1,1,1,1,1,1,1,1,1,1,1,1,1,1,1,1,1,1,1,4),(0.,
0.12317646093051),(8.99969307962654,9.49951814929728,9.99934321896802,10.4991682886388,
10.9989933583095,11.4988184279802,11.998643497651,12.4984685673217,12.9982936369924,
13.4981187066632,13.9979437763339,14.4977688460047,14.9975939156754,15.4974189853461,
15.9972440550169,16.4970691246876,16.9968941943583,17.4967192640291,17.9965443336998,
18.4963694033706,18.9961944730413,19.496019542712,19.9958446123828,20.4956696820535,
20.9954947517243,21.495319821395,21.9951448910657,22.4949699607365,22.9947950304072,
23.4946201000779,23.9944451697487,24.4942702394194,24.9940953090901,25.4939203787609,
25.9937454484316,26.4935705181024,26.9933955877731,27.4932206574438,27.9930457271146,
28.4928707967853,28.9926958664561,29.4925209361268,29.9923460057975,30.4921710754683,
30.991996145139,31.4918212148097,31.9916462844805,32.4914713541512,32.991296423822,
33.4911214934927,33.9909465631634,34.4907716328342,34.9905967025049,35.4904217721756,
35.9902468418464,36.4900719115171,36.9898969811879,37.4897220508586,37.9895471205293,
38.4893721902001,38.9891972598708,39.4890223295415,39.9888473992123,40.488672468883,
40.9884975385538,41.4883226082245,41.9881476778952,42.487972747566,42.9877978172367,
43.4876228869074,43.9874479565782,44.4872730262489,44.9870980959197,45.4869231655904,
45.9867482352611,46.4865733049319,46.9863983746026,47.4862234442733,47.9860485139441,
48.4858735836148,48.9856986532856,49.4855237229563,49.985348792627,50.4851738622978,
50.9849989319685,51.98464907131,52.9842992106515,53.9839493499929,54.9835994893344,
55.9832496286759,56.9828997680174,57.4827248376881,57.9825499073588,58.4823749770296,
58.9822000467003,59.482025116371,59.9818501860418,60.4816752557125,60.9815003253833,
61.481325395054,61.9811504647247,62.4809755343955,62.9808006040662,63.480625673737,
63.9804507434077,64.4802758130784,64.9801008827492,65.4799259524199,65.9797510220906,
66.4795760917614,66.9794011614321,67.4792262311029,67.9790513007736,68.4788763704443,
68.9787014401151,69.4785265097858,69.9783515794565,70.4781766491273,70.978001718798,
71.4778267884687,71.9776518581395,72.4774769278102,72.977301997481,73.4771270671517,
73.9769521368224,74.4767772064932,74.9766022761639,75.4764273458347,75.9762524155054,
76.4760774851761,76.9759025548469,77.4757276245176,77.9755526941883,78.4753777638591,
78.9752028335298,79.4750279032006,79.9748529728713,80.474678042542,80.9745031122128,
81.4743281818835,81.9741532515542,82.473978321225,82.9738033908957,83.4736284605665,
83.9734535302372,84.4732785999079,84.9731036695787,85.4729287392494,85.9727538089201,
86.4725788785909,86.9724039482616,87.4722290179324,87.9720540876031,88.4718791572738,
88.9717042269446,89.4715292966153,89.9713543662861,90.4711794359568,90.9710045056275,
91.4708295752983,91.970654644969,92.4704797146397,92.9703047843105,93.4701298539812,
93.969954923652,94.4697799933227,94.9696050629934,95.4694301326642,95.9692552023349,
96.4690802720056,96.9689053416764,97.4687304113471,97.9685554810178,98.4683805506886,
98.9682056203593),.UNSPECIFIED.);
#54=B_SPLINE_SURFACE_WITH_KNOTS('',3,3,((#5877,#5878,#5879,#5880,#5881,
#5882,#5883,#5884,#5885,#5886,#5887,#5888,#5889,#5890,#5891,#5892,#5893,
#5894,#5895,#5896,#5897,#5898,#5899,#5900,#5901,#5902,#5903,#5904,#5905,
#5906,#5907,#5908,#5909,#5910,#5911,#5912,#5913,#5914,#5915,#5916,#5917,
#5918,#5919,#5920,#5921,#5922,#5923,#5924,#5925,#5926,#5927,#5928,#5929,
#5930,#5931,#5932,#5933,#5934,#5935,#5936,#5937,#5938,#5939,#5940,#5941,
#5942,#5943,#5944,#5945,#5946,#5947,#5948,#5949,#5950,#5951,#5952,#5953,
#5954,#5955,#5956,#5957,#5958,#5959,#5960,#5961,#5962,#5963,#5964,#5965,
#5966,#5967,#5968,#5969,#5970,#5971,#5972,#5973,#5974,#5975,#5976,#5977,
#5978,#5979,#5980,#5981,#5982,#5983,#5984,#5985,#5986,#5987,#5988,#5989,
#5990,#5991,#5992,#5993,#5994,#5995,#5996,#5997,#5998,#5999,#6000,#6001,
#6002,#6003,#6004,#6005,#6006,#6007,#6008,#6009,#6010,#6011,#6012,#6013,
#6014,#6015,#6016,#6017,#6018,#6019,#6020,#6021,#6022,#6023,#6024,#6025,
#6026,#6027,#6028,#6029,#6030,#6031,#6032,#6033,#6034,#6035,#6036,#6037,
#6038,#6039,#6040,#6041,#6042,#6043,#6044,#6045,#6046,#6047,#6048,#6049,
#6050,#6051,#6052,#6053),(#6054,#6055,#6056,#6057,#6058,#6059,#6060,#6061,
#6062,#6063,#6064,#6065,#6066,#6067,#6068,#6069,#6070,#6071,#6072,#6073,
#6074,#6075,#6076,#6077,#6078,#6079,#6080,#6081,#6082,#6083,#6084,#6085,
#6086,#6087,#6088,#6089,#6090,#6091,#6092,#6093,#6094,#6095,#6096,#6097,
#6098,#6099,#6100,#6101,#6102,#6103,#6104,#6105,#6106,#6107,#6108,#6109,
#6110,#6111,#6112,#6113,#6114,#6115,#6116,#6117,#6118,#6119,#6120,#6121,
#6122,#6123,#6124,#6125,#6126,#6127,#6128,#6129,#6130,#6131,#6132,#6133,
#6134,#6135,#6136,#6137,#6138,#6139,#6140,#6141,#6142,#6143,#6144,#6145,
#6146,#6147,#6148,#6149,#6150,#6151,#6152,#6153,#6154,#6155,#6156,#6157,
#6158,#6159,#6160,#6161,#6162,#6163,#6164,#6165,#6166,#6167,#6168,#6169,
#6170,#6171,#6172,#6173,#6174,#6175,#6176,#6177,#6178,#6179,#6180,#6181,
#6182,#6183,#6184,#6185,#6186,#6187,#6188,#6189,#6190,#6191,#6192,#6193,
#6194,#6195,#6196,#6197,#6198,#6199,#6200,#6201,#6202,#6203,#6204,#6205,
#6206,#6207,#6208,#6209,#6210,#6211,#6212,#6213,#6214,#6215,#6216,#6217,
#6218,#6219,#6220,#6221,#6222,#6223,#6224,#6225,#6226,#6227,#6228,#6229,
#6230),(#6231,#6232,#6233,#6234,#6235,#6236,#6237,#6238,#6239,#6240,#6241,
#6242,#6243,#6244,#6245,#6246,#6247,#6248,#6249,#6250,#6251,#6252,#6253,
#6254,#6255,#6256,#6257,#6258,#6259,#6260,#6261,#6262,#6263,#6264,#6265,
#6266,#6267,#6268,#6269,#6270,#6271,#6272,#6273,#6274,#6275,#6276,#6277,
#6278,#6279,#6280,#6281,#6282,#6283,#6284,#6285,#6286,#6287,#6288,#6289,
#6290,#6291,#6292,#6293,#6294,#6295,#6296,#6297,#6298,#6299,#6300,#6301,
#6302,#6303,#6304,#6305,#6306,#6307,#6308,#6309,#6310,#6311,#6312,#6313,
#6314,#6315,#6316,#6317,#6318,#6319,#6320,#6321,#6322,#6323,#6324,#6325,
#6326,#6327,#6328,#6329,#6330,#6331,#6332,#6333,#6334,#6335,#6336,#6337,
#6338,#6339,#6340,#6341,#6342,#6343,#6344,#6345,#6346,#6347,#6348,#6349,
#6350,#6351,#6352,#6353,#6354,#6355,#6356,#6357,#6358,#6359,#6360,#6361,
#6362,#6363,#6364,#6365,#6366,#6367,#6368,#6369,#6370,#6371,#6372,#6373,
#6374,#6375,#6376,#6377,#6378,#6379,#6380,#6381,#6382,#6383,#6384,#6385,
#6386,#6387,#6388,#6389,#6390,#6391,#6392,#6393,#6394,#6395,#6396,#6397,
#6398,#6399,#6400,#6401,#6402,#6403,#6404,#6405,#6406,#6407),(#6408,#6409,
#6410,#6411,#6412,#6413,#6414,#6415,#6416,#6417,#6418,#6419,#6420,#6421,
#6422,#6423,#6424,#6425,#6426,#6427,#6428,#6429,#6430,#6431,#6432,#6433,
#6434,#6435,#6436,#6437,#6438,#6439,#6440,#6441,#6442,#6443,#6444,#6445,
#6446,#6447,#6448,#6449,#6450,#6451,#6452,#6453,#6454,#6455,#6456,#6457,
#6458,#6459,#6460,#6461,#6462,#6463,#6464,#6465,#6466,#6467,#6468,#6469,
#6470,#6471,#6472,#6473,#6474,#6475,#6476,#6477,#6478,#6479,#6480,#6481,
#6482,#6483,#6484,#6485,#6486,#6487,#6488,#6489,#6490,#6491,#6492,#6493,
#6494,#6495,#6496,#6497,#6498,#6499,#6500,#6501,#6502,#6503,#6504,#6505,
#6506,#6507,#6508,#6509,#6510,#6511,#6512,#6513,#6514,#6515,#6516,#6517,
#6518,#6519,#6520,#6521,#6522,#6523,#6524,#6525,#6526,#6527,#6528,#6529,
#6530,#6531,#6532,#6533,#6534,#6535,#6536,#6537,#6538,#6539,#6540,#6541,
#6542,#6543,#6544,#6545,#6546,#6547,#6548,#6549,#6550,#6551,#6552,#6553,
#6554,#6555,#6556,#6557,#6558,#6559,#6560,#6561,#6562,#6563,#6564,#6565,
#6566,#6567,#6568,#6569,#6570,#6571,#6572,#6573,#6574,#6575,#6576,#6577,
#6578,#6579,#6580,#6581,#6582,#6583,#6584)),.UNSPECIFIED.,.F.,.F.,.F.,(4,
4),(4,1,1,1,1,1,1,1,1,1,1,1,1,1,1,1,1,1,1,1,1,1,1,1,1,1,1,1,1,1,1,1,1,1,
1,1,1,1,1,1,1,1,1,1,1,1,1,1,1,1,1,1,1,1,1,1,1,1,1,1,1,1,1,1,1,1,1,1,1,1,
1,1,1,1,1,1,1,1,1,1,1,1,1,1,1,1,1,1,1,1,1,1,1,1,1,1,1,1,1,1,1,1,1,1,1,1,
1,1,1,1,1,1,1,1,1,1,1,1,1,1,1,1,1,1,1,1,1,1,1,1,1,1,1,1,1,1,1,1,1,1,1,1,
1,1,1,1,1,1,1,1,1,1,1,1,1,1,1,1,1,1,1,1,1,1,1,1,1,1,1,1,1,1,1,1,4),(0.,
0.12317646093051),(12.0759630565269,12.5757881261977,13.0756131958684,13.5754382655392,
14.0752633352099,14.5750884048806,15.0749134745514,15.5747385442221,16.0745636138928,
16.5743886835636,17.0742137532343,17.5740388229051,18.0738638925758,18.5736889622465,
19.0735140319173,19.573339101588,20.0731641712588,20.5729892409295,21.0728143106002,
21.572639380271,22.0724644499417,22.5722895196124,23.0721145892832,23.5719396589539,
24.0717647286247,24.5715897982954,25.0714148679661,25.5712399376369,26.0710650073076,
26.5708900769783,27.0707151466491,27.5705402163198,28.0703652859906,28.5701903556613,
29.070015425332,29.5698404950028,30.0696655646735,30.5694906343442,31.069315704015,
31.5691407736857,32.0689658433565,32.5687909130272,33.0686159826979,33.5684410523687,
34.0682661220394,34.5680911917102,35.0679162613809,35.5677413310516,36.0675664007224,
36.5673914703931,37.0672165400638,37.5670416097346,38.0668666794053,38.5666917490761,
39.0665168187468,39.5663418884175,40.0661669580883,40.565992027759,41.0658170974297,
41.5656421671005,42.0654672367712,42.5652923064419,43.0651173761127,43.5649424457834,
44.0647675154542,44.5645925851249,45.0644176547956,45.5642427244664,46.0640677941371,
46.5638928638079,47.0637179334786,47.5635430031493,48.0633680728201,48.5631931424908,
49.0630182121615,49.5628432818323,50.062668351503,50.5624934211738,51.0623184908445,
51.5621435605152,52.061968630186,52.5617936998567,53.0616187695274,53.5614438391982,
54.0612689088689,55.0609190482104,56.0605691875519,57.0602193268933,58.0598694662348,
59.0595196055763,60.0591697449178,60.5589948145885,61.0588198842593,61.55864495393,
62.0584700236007,62.5582950932715,63.0581201629422,63.5579452326129,64.0577703022837,
64.5575953719544,65.0574204416252,65.5572455112959,66.0570705809666,66.5568956506374,
67.0567207203081,67.5565457899788,68.0563708596496,68.5561959293203,69.0560209989911,
69.5558460686618,70.0556711383325,70.5554962080033,71.055321277674,71.5551463473447,
72.0549714170155,72.5547964866862,73.054621556357,73.5544466260277,74.0542716956984,
74.5540967653692,75.0539218350399,75.5537469047106,76.0535719743814,76.5533970440521,
77.0532221137229,77.5530471833936,78.0528722530643,78.5526973227351,79.0525223924058,
79.5523474620765,80.0521725317473,80.551997601418,81.0518226710888,81.5516477407595,
82.0514728104302,82.551297880101,83.0511229497717,83.5509480194424,84.0507730891132,
84.5505981587839,85.0504232284547,85.5502482981254,86.0500733677961,86.5498984374669,
87.0497235071376,87.5495485768083,88.0493736464791,88.5491987161498,89.0490237858206,
89.5488488554913,90.048673925162,90.5484989948328,91.0483240645035,91.5481491341743,
92.047974203845,92.5477992735157,93.0476243431865,93.5474494128572,94.0472744825279,
94.5470995521987,95.0469246218694,95.5467496915402,96.0465747612109,96.5463998308816,
97.0462249005524,97.5460499702231,98.0458750398938,98.5457001095646,99.0455251792353,
99.5453502489061,100.045175318577,100.545000388248,101.044825457918,101.544650527589,
102.04447559726),.UNSPECIFIED.);
#55=B_SPLINE_SURFACE_WITH_KNOTS('',3,3,((#6717,#6718,#6719,#6720),(#6721,
#6722,#6723,#6724),(#6725,#6726,#6727,#6728),(#6729,#6730,#6731,#6732),
(#6733,#6734,#6735,#6736)),.UNSPECIFIED.,.F.,.F.,.F.,(4,1,4),(4,4),(-1.92107278483443E-15,
0.428571428571428,1.),(0.0718979010333949,1.),.UNSPECIFIED.);
#56=B_SPLINE_SURFACE_WITH_KNOTS('',3,3,((#6742,#6743,#6744,#6745),(#6746,
#6747,#6748,#6749),(#6750,#6751,#6752,#6753),(#6754,#6755,#6756,#6757),
(#6758,#6759,#6760,#6761),(#6762,#6763,#6764,#6765)),.UNSPECIFIED.,.F.,
 .F.,.F.,(4,1,1,4),(4,4),(5.79111840032127E-16,0.285714285757051,0.571428571514101,
1.00000000014968),(-0.206999652621994,1.),.UNSPECIFIED.);
#57=B_SPLINE_SURFACE_WITH_KNOTS('',3,3,((#6769,#6770,#6771,#6772),(#6773,
#6774,#6775,#6776),(#6777,#6778,#6779,#6780),(#6781,#6782,#6783,#6784),
(#6785,#6786,#6787,#6788),(#6789,#6790,#6791,#6792)),.UNSPECIFIED.,.F.,
 .F.,.F.,(4,1,1,4),(4,4),(-2.42167397246362E-15,0.285714285714285,0.571428571428572,
1.),(-1.43426607197658E-15,1.),.UNSPECIFIED.);
#58=B_SPLINE_SURFACE_WITH_KNOTS('',3,3,((#6828,#6829,#6830,#6831),(#6832,
#6833,#6834,#6835),(#6836,#6837,#6838,#6839),(#6840,#6841,#6842,#6843),
(#6844,#6845,#6846,#6847)),.UNSPECIFIED.,.F.,.F.,.F.,(4,1,4),(4,4),(0.,
0.571428571428574,1.),(-9.10371000997733E-16,1.),.UNSPECIFIED.);
#59=B_SPLINE_SURFACE_WITH_KNOTS('',3,3,((#8121,#8122,#8123,#8124,#8125,
#8126,#8127,#8128,#8129,#8130,#8131,#8132,#8133,#8134,#8135,#8136,#8137,
#8138,#8139,#8140,#8141,#8142,#8143,#8144,#8145,#8146,#8147,#8148,#8149,
#8150,#8151,#8152,#8153,#8154,#8155,#8156,#8157,#8158,#8159,#8160,#8161,
#8162,#8163,#8164,#8165,#8166,#8167,#8168,#8169,#8170,#8171,#8172,#8173,
#8174,#8175,#8176,#8177,#8178,#8179,#8180,#8181,#8182,#8183,#8184,#8185,
#8186,#8187,#8188,#8189,#8190,#8191,#8192,#8193,#8194,#8195,#8196,#8197,
#8198,#8199,#8200,#8201,#8202,#8203,#8204,#8205,#8206,#8207,#8208,#8209,
#8210,#8211,#8212),(#8213,#8214,#8215,#8216,#8217,#8218,#8219,#8220,#8221,
#8222,#8223,#8224,#8225,#8226,#8227,#8228,#8229,#8230,#8231,#8232,#8233,
#8234,#8235,#8236,#8237,#8238,#8239,#8240,#8241,#8242,#8243,#8244,#8245,
#8246,#8247,#8248,#8249,#8250,#8251,#8252,#8253,#8254,#8255,#8256,#8257,
#8258,#8259,#8260,#8261,#8262,#8263,#8264,#8265,#8266,#8267,#8268,#8269,
#8270,#8271,#8272,#8273,#8274,#8275,#8276,#8277,#8278,#8279,#8280,#8281,
#8282,#8283,#8284,#8285,#8286,#8287,#8288,#8289,#8290,#8291,#8292,#8293,
#8294,#8295,#8296,#8297,#8298,#8299,#8300,#8301,#8302,#8303,#8304),(#8305,
#8306,#8307,#8308,#8309,#8310,#8311,#8312,#8313,#8314,#8315,#8316,#8317,
#8318,#8319,#8320,#8321,#8322,#8323,#8324,#8325,#8326,#8327,#8328,#8329,
#8330,#8331,#8332,#8333,#8334,#8335,#8336,#8337,#8338,#8339,#8340,#8341,
#8342,#8343,#8344,#8345,#8346,#8347,#8348,#8349,#8350,#8351,#8352,#8353,
#8354,#8355,#8356,#8357,#8358,#8359,#8360,#8361,#8362,#8363,#8364,#8365,
#8366,#8367,#8368,#8369,#8370,#8371,#8372,#8373,#8374,#8375,#8376,#8377,
#8378,#8379,#8380,#8381,#8382,#8383,#8384,#8385,#8386,#8387,#8388,#8389,
#8390,#8391,#8392,#8393,#8394,#8395,#8396),(#8397,#8398,#8399,#8400,#8401,
#8402,#8403,#8404,#8405,#8406,#8407,#8408,#8409,#8410,#8411,#8412,#8413,
#8414,#8415,#8416,#8417,#8418,#8419,#8420,#8421,#8422,#8423,#8424,#8425,
#8426,#8427,#8428,#8429,#8430,#8431,#8432,#8433,#8434,#8435,#8436,#8437,
#8438,#8439,#8440,#8441,#8442,#8443,#8444,#8445,#8446,#8447,#8448,#8449,
#8450,#8451,#8452,#8453,#8454,#8455,#8456,#8457,#8458,#8459,#8460,#8461,
#8462,#8463,#8464,#8465,#8466,#8467,#8468,#8469,#8470,#8471,#8472,#8473,
#8474,#8475,#8476,#8477,#8478,#8479,#8480,#8481,#8482,#8483,#8484,#8485,
#8486,#8487,#8488)),.UNSPECIFIED.,.F.,.F.,.F.,(4,4),(4,1,1,1,1,1,1,1,1,
1,1,1,1,1,1,1,1,1,1,1,1,1,1,1,1,1,1,1,1,1,1,1,1,1,1,1,1,1,1,1,1,1,1,1,1,
1,1,1,1,1,1,1,1,1,1,1,1,1,1,1,1,1,1,1,1,1,1,1,1,1,1,1,1,1,1,1,1,1,1,1,1,
1,1,1,1,1,1,1,1,4),(0.,0.125668849383843),(12.1646849009857,12.6588210621923,
13.1529572233988,13.6470933846054,14.141229545812,14.6353657070186,15.1295018682251,
15.6236380294317,16.1177741906383,16.6119103518448,17.1060465130514,17.600182674258,
18.0943188354646,18.5884549966711,19.0825911578777,19.5767273190843,20.0708634802908,
20.5649996414974,21.059135802704,21.5532719639106,22.0474081251171,22.5415442863237,
23.0356804475303,23.5298166087368,24.0239527699434,24.51808893115,25.0122250923566,
25.5063612535631,26.0004974147697,26.4946335759763,26.9887697371828,27.4829058983894,
27.977042059596,28.4711782208026,28.9653143820091,29.4594505432157,29.9535867044223,
30.4477228656288,30.9418590268354,31.435995188042,31.9301313492486,32.4242675104551,
32.9184036716617,33.9066759940748,34.894948316488,35.8832206389011,36.3773568001077,
36.8714929613143,37.3656291225208,37.8597652837274,38.353901444934,38.8480376061406,
39.3421737673471,39.8363099285537,40.3304460897603,40.8245822509668,41.3187184121734,
41.81285457338,42.3069907345866,42.8011268957931,43.2952630569997,43.7893992182063,
44.2835353794128,44.7776715406194,45.271807701826,45.7659438630326,46.2600800242391,
46.7542161854457,47.2483523466523,47.7424885078588,48.2366246690654,48.730760830272,
49.2248969914786,49.7190331526851,50.2131693138917,50.7073054750983,51.2014416363048,
51.6955777975114,52.189713958718,52.6838501199246,53.1779862811311,53.6721224423377,
54.1662586035443,54.6603947647508,55.1545309259574,55.648667087164,56.1428032483706,
56.6369394095771,57.1310755707837,57.6252117319903),.UNSPECIFIED.);
#60=B_SPLINE_SURFACE_WITH_KNOTS('',3,3,((#8633,#8634,#8635,#8636,#8637,
#8638,#8639,#8640,#8641,#8642,#8643,#8644,#8645,#8646,#8647,#8648,#8649,
#8650,#8651,#8652,#8653,#8654,#8655,#8656,#8657,#8658,#8659,#8660,#8661,
#8662,#8663,#8664,#8665,#8666,#8667,#8668,#8669,#8670,#8671,#8672,#8673,
#8674,#8675,#8676,#8677,#8678,#8679,#8680,#8681,#8682,#8683,#8684,#8685,
#8686,#8687,#8688,#8689,#8690,#8691,#8692,#8693,#8694,#8695,#8696,#8697,
#8698,#8699,#8700,#8701,#8702,#8703,#8704,#8705,#8706,#8707,#8708,#8709,
#8710,#8711,#8712,#8713,#8714,#8715,#8716,#8717,#8718,#8719,#8720,#8721,
#8722,#8723,#8724),(#8725,#8726,#8727,#8728,#8729,#8730,#8731,#8732,#8733,
#8734,#8735,#8736,#8737,#8738,#8739,#8740,#8741,#8742,#8743,#8744,#8745,
#8746,#8747,#8748,#8749,#8750,#8751,#8752,#8753,#8754,#8755,#8756,#8757,
#8758,#8759,#8760,#8761,#8762,#8763,#8764,#8765,#8766,#8767,#8768,#8769,
#8770,#8771,#8772,#8773,#8774,#8775,#8776,#8777,#8778,#8779,#8780,#8781,
#8782,#8783,#8784,#8785,#8786,#8787,#8788,#8789,#8790,#8791,#8792,#8793,
#8794,#8795,#8796,#8797,#8798,#8799,#8800,#8801,#8802,#8803,#8804,#8805,
#8806,#8807,#8808,#8809,#8810,#8811,#8812,#8813,#8814,#8815,#8816),(#8817,
#8818,#8819,#8820,#8821,#8822,#8823,#8824,#8825,#8826,#8827,#8828,#8829,
#8830,#8831,#8832,#8833,#8834,#8835,#8836,#8837,#8838,#8839,#8840,#8841,
#8842,#8843,#8844,#8845,#8846,#8847,#8848,#8849,#8850,#8851,#8852,#8853,
#8854,#8855,#8856,#8857,#8858,#8859,#8860,#8861,#8862,#8863,#8864,#8865,
#8866,#8867,#8868,#8869,#8870,#8871,#8872,#8873,#8874,#8875,#8876,#8877,
#8878,#8879,#8880,#8881,#8882,#8883,#8884,#8885,#8886,#8887,#8888,#8889,
#8890,#8891,#8892,#8893,#8894,#8895,#8896,#8897,#8898,#8899,#8900,#8901,
#8902,#8903,#8904,#8905,#8906,#8907,#8908),(#8909,#8910,#8911,#8912,#8913,
#8914,#8915,#8916,#8917,#8918,#8919,#8920,#8921,#8922,#8923,#8924,#8925,
#8926,#8927,#8928,#8929,#8930,#8931,#8932,#8933,#8934,#8935,#8936,#8937,
#8938,#8939,#8940,#8941,#8942,#8943,#8944,#8945,#8946,#8947,#8948,#8949,
#8950,#8951,#8952,#8953,#8954,#8955,#8956,#8957,#8958,#8959,#8960,#8961,
#8962,#8963,#8964,#8965,#8966,#8967,#8968,#8969,#8970,#8971,#8972,#8973,
#8974,#8975,#8976,#8977,#8978,#8979,#8980,#8981,#8982,#8983,#8984,#8985,
#8986,#8987,#8988,#8989,#8990,#8991,#8992,#8993,#8994,#8995,#8996,#8997,
#8998,#8999,#9000)),.UNSPECIFIED.,.F.,.F.,.F.,(4,4),(4,1,1,1,1,1,1,1,1,
1,1,1,1,1,1,1,1,1,1,1,1,1,1,1,1,1,1,1,1,1,1,1,1,1,1,1,1,1,1,1,1,1,1,1,1,
1,1,1,1,1,1,1,1,1,1,1,1,1,1,1,1,1,1,1,1,1,1,1,1,1,1,1,1,1,1,1,1,1,1,1,1,
1,1,1,1,1,1,1,1,4),(0.,0.125668849383843),(15.1756322011968,15.6697683624034,
16.1639045236099,16.6580406848165,17.1521768460231,17.6463130072296,18.1404491684362,
18.6345853296428,19.1287214908494,19.6228576520559,20.1169938132625,20.6111299744691,
21.1052661356756,21.5994022968822,22.0935384580888,22.5876746192954,23.0818107805019,
23.5759469417085,24.0700831029151,24.5642192641216,25.0583554253282,25.5524915865348,
26.0466277477414,26.5407639089479,27.0349000701545,27.5290362313611,28.0231723925676,
28.5173085537742,29.0114447149808,29.5055808761874,29.9997170373939,30.4938531986005,
30.9879893598071,31.4821255210136,31.9762616822202,32.4703978434268,32.9645340046334,
33.4586701658399,33.9528063270465,34.4469424882531,34.9410786494596,35.4352148106662,
35.9293509718728,36.9176232942859,37.9058956166991,38.8941679391122,39.3883041003188,
39.8824402615254,40.3765764227319,40.8707125839385,41.3648487451451,41.8589849063516,
42.3531210675582,42.8472572287648,43.3413933899714,43.8355295511779,44.3296657123845,
44.8238018735911,45.3179380347976,45.8120741960042,46.3062103572108,46.8003465184174,
47.2944826796239,47.7886188408305,48.2827550020371,48.7768911632436,49.2710273244502,
49.7651634856568,50.2592996468634,50.7534358080699,51.2475719692765,51.7417081304831,
52.2358442916896,52.7299804528962,53.2241166141028,53.7182527753094,54.2123889365159,
54.7065250977225,55.2006612589291,55.6947974201356,56.1889335813422,56.6830697425488,
57.1772059037554,57.6713420649619,58.1654782261685,58.6596143873751,59.1537505485816,
59.6478867097882,60.1420228709948,60.6361590322014),.UNSPECIFIED.);
#61=FACE_BOUND('',#292,.T.);
#62=FACE_BOUND('',#324,.T.);
#63=FACE_BOUND('',#325,.T.);
#64=FACE_BOUND('',#326,.T.);
#65=FACE_BOUND('',#327,.T.);
#66=FACE_BOUND('',#328,.T.);
#67=FACE_BOUND('',#329,.T.);
#68=FACE_BOUND('',#351,.T.);
#69=FACE_BOUND('',#364,.T.);
#70=PLANE('',#2489);
#71=PLANE('',#2491);
#72=PLANE('',#2496);
#73=PLANE('',#2523);
#74=PLANE('',#2525);
#75=PLANE('',#2526);
#76=PLANE('',#2528);
#77=PLANE('',#2533);
#78=PLANE('',#2543);
#79=PLANE('',#2567);
#80=PLANE('',#2573);
#81=PLANE('',#2574);
#82=PLANE('',#2579);
#83=PLANE('',#2590);
#84=PLANE('',#2591);
#85=PLANE('',#2595);
#86=PLANE('',#2597);
#87=PLANE('',#2598);
#88=PLANE('',#2599);
#89=PLANE('',#2600);
#90=PLANE('',#2601);
#91=PLANE('',#2602);
#92=PLANE('',#2607);
#93=PLANE('',#2608);
#94=PLANE('',#2613);
#95=PLANE('',#2614);
#96=PLANE('',#2619);
#97=PLANE('',#2622);
#98=PLANE('',#2631);
#99=PLANE('',#2634);
#100=PLANE('',#2635);
#101=PLANE('',#2636);
#102=PLANE('',#2637);
#103=PLANE('',#2638);
#104=PLANE('',#2639);
#105=PLANE('',#2640);
#106=PLANE('',#2644);
#107=STYLED_ITEM('',(#9593),#2302);
#108=STYLED_ITEM('',(#9593),#2304);
#109=STYLED_ITEM('',(#9591),#48);
#110=STYLED_ITEM('',(#9595),#2331);
#111=STYLED_ITEM('',(#9595),#2332);
#112=STYLED_ITEM('',(#9595),#2333);
#113=STYLED_ITEM('',(#9596),#2334);
#114=STYLED_ITEM('',(#9597),#2335);
#115=STYLED_ITEM('',(#9594),#49);
#116=STYLED_ITEM('',(#9599),#2361);
#117=STYLED_ITEM('',(#9600),#2367);
#118=STYLED_ITEM('',(#9599),#2369);
#119=STYLED_ITEM('',(#9599),#2371);
#120=STYLED_ITEM('',(#9599),#2372);
#121=STYLED_ITEM('',(#9599),#2373);
#122=STYLED_ITEM('',(#9598),#50);
#123=STYLED_ITEM('',(#9600),#2386);
#124=STYLED_ITEM('',(#9601),#51);
#125=STYLED_ITEM('',(#9592),#2399);
#126=STYLED_ITEM('',(#9592),#2401);
#127=STYLED_ITEM('',(#9592),#2404);
#128=STYLED_ITEM('',(#9591),#52);
#129=FACE_OUTER_BOUND('',#261,.T.);
#130=FACE_OUTER_BOUND('',#262,.T.);
#131=FACE_OUTER_BOUND('',#263,.T.);
#132=FACE_OUTER_BOUND('',#264,.T.);
#133=FACE_OUTER_BOUND('',#265,.T.);
#134=FACE_OUTER_BOUND('',#266,.T.);
#135=FACE_OUTER_BOUND('',#267,.T.);
#136=FACE_OUTER_BOUND('',#268,.T.);
#137=FACE_OUTER_BOUND('',#269,.T.);
#138=FACE_OUTER_BOUND('',#270,.T.);
#139=FACE_OUTER_BOUND('',#271,.T.);
#140=FACE_OUTER_BOUND('',#272,.T.);
#141=FACE_OUTER_BOUND('',#273,.T.);
#142=FACE_OUTER_BOUND('',#274,.T.);
#143=FACE_OUTER_BOUND('',#275,.T.);
#144=FACE_OUTER_BOUND('',#276,.T.);
#145=FACE_OUTER_BOUND('',#277,.T.);
#146=FACE_OUTER_BOUND('',#278,.T.);
#147=FACE_OUTER_BOUND('',#279,.T.);
#148=FACE_OUTER_BOUND('',#280,.T.);
#149=FACE_OUTER_BOUND('',#281,.T.);
#150=FACE_OUTER_BOUND('',#282,.T.);
#151=FACE_OUTER_BOUND('',#283,.T.);
#152=FACE_OUTER_BOUND('',#284,.T.);
#153=FACE_OUTER_BOUND('',#285,.T.);
#154=FACE_OUTER_BOUND('',#286,.T.);
#155=FACE_OUTER_BOUND('',#287,.T.);
#156=FACE_OUTER_BOUND('',#288,.T.);
#157=FACE_OUTER_BOUND('',#289,.T.);
#158=FACE_OUTER_BOUND('',#290,.T.);
#159=FACE_OUTER_BOUND('',#291,.T.);
#160=FACE_OUTER_BOUND('',#293,.T.);
#161=FACE_OUTER_BOUND('',#294,.T.);
#162=FACE_OUTER_BOUND('',#295,.T.);
#163=FACE_OUTER_BOUND('',#296,.T.);
#164=FACE_OUTER_BOUND('',#297,.T.);
#165=FACE_OUTER_BOUND('',#298,.T.);
#166=FACE_OUTER_BOUND('',#299,.T.);
#167=FACE_OUTER_BOUND('',#300,.T.);
#168=FACE_OUTER_BOUND('',#301,.T.);
#169=FACE_OUTER_BOUND('',#302,.T.);
#170=FACE_OUTER_BOUND('',#303,.T.);
#171=FACE_OUTER_BOUND('',#304,.T.);
#172=FACE_OUTER_BOUND('',#305,.T.);
#173=FACE_OUTER_BOUND('',#306,.T.);
#174=FACE_OUTER_BOUND('',#307,.T.);
#175=FACE_OUTER_BOUND('',#308,.T.);
#176=FACE_OUTER_BOUND('',#309,.T.);
#177=FACE_OUTER_BOUND('',#310,.T.);
#178=FACE_OUTER_BOUND('',#311,.T.);
#179=FACE_OUTER_BOUND('',#312,.T.);
#180=FACE_OUTER_BOUND('',#313,.T.);
#181=FACE_OUTER_BOUND('',#314,.T.);
#182=FACE_OUTER_BOUND('',#315,.T.);
#183=FACE_OUTER_BOUND('',#316,.T.);
#184=FACE_OUTER_BOUND('',#317,.T.);
#185=FACE_OUTER_BOUND('',#318,.T.);
#186=FACE_OUTER_BOUND('',#319,.T.);
#187=FACE_OUTER_BOUND('',#320,.T.);
#188=FACE_OUTER_BOUND('',#321,.T.);
#189=FACE_OUTER_BOUND('',#322,.T.);
#190=FACE_OUTER_BOUND('',#323,.T.);
#191=FACE_OUTER_BOUND('',#330,.T.);
#192=FACE_OUTER_BOUND('',#331,.T.);
#193=FACE_OUTER_BOUND('',#332,.T.);
#194=FACE_OUTER_BOUND('',#333,.T.);
#195=FACE_OUTER_BOUND('',#334,.T.);
#196=FACE_OUTER_BOUND('',#335,.T.);
#197=FACE_OUTER_BOUND('',#336,.T.);
#198=FACE_OUTER_BOUND('',#337,.T.);
#199=FACE_OUTER_BOUND('',#338,.T.);
#200=FACE_OUTER_BOUND('',#339,.T.);
#201=FACE_OUTER_BOUND('',#340,.T.);
#202=FACE_OUTER_BOUND('',#341,.T.);
#203=FACE_OUTER_BOUND('',#342,.T.);
#204=FACE_OUTER_BOUND('',#343,.T.);
#205=FACE_OUTER_BOUND('',#344,.T.);
#206=FACE_OUTER_BOUND('',#345,.T.);
#207=FACE_OUTER_BOUND('',#346,.T.);
#208=FACE_OUTER_BOUND('',#347,.T.);
#209=FACE_OUTER_BOUND('',#348,.T.);
#210=FACE_OUTER_BOUND('',#349,.T.);
#211=FACE_OUTER_BOUND('',#350,.T.);
#212=FACE_OUTER_BOUND('',#352,.T.);
#213=FACE_OUTER_BOUND('',#353,.T.);
#214=FACE_OUTER_BOUND('',#354,.T.);
#215=FACE_OUTER_BOUND('',#355,.T.);
#216=FACE_OUTER_BOUND('',#356,.T.);
#217=FACE_OUTER_BOUND('',#357,.T.);
#218=FACE_OUTER_BOUND('',#358,.T.);
#219=FACE_OUTER_BOUND('',#359,.T.);
#220=FACE_OUTER_BOUND('',#360,.T.);
#221=FACE_OUTER_BOUND('',#361,.T.);
#222=FACE_OUTER_BOUND('',#362,.T.);
#223=FACE_OUTER_BOUND('',#363,.T.);
#224=FACE_OUTER_BOUND('',#365,.T.);
#225=FACE_OUTER_BOUND('',#366,.T.);
#226=FACE_OUTER_BOUND('',#367,.T.);
#227=FACE_OUTER_BOUND('',#368,.T.);
#228=FACE_OUTER_BOUND('',#369,.T.);
#229=FACE_OUTER_BOUND('',#370,.T.);
#230=FACE_OUTER_BOUND('',#371,.T.);
#231=FACE_OUTER_BOUND('',#372,.T.);
#232=FACE_OUTER_BOUND('',#373,.T.);
#233=FACE_OUTER_BOUND('',#374,.T.);
#234=FACE_OUTER_BOUND('',#375,.T.);
#235=FACE_OUTER_BOUND('',#376,.T.);
#236=FACE_OUTER_BOUND('',#377,.T.);
#237=FACE_OUTER_BOUND('',#378,.T.);
#238=FACE_OUTER_BOUND('',#379,.T.);
#239=FACE_OUTER_BOUND('',#380,.T.);
#240=FACE_OUTER_BOUND('',#381,.T.);
#241=FACE_OUTER_BOUND('',#382,.T.);
#242=FACE_OUTER_BOUND('',#383,.T.);
#243=FACE_OUTER_BOUND('',#384,.T.);
#244=FACE_OUTER_BOUND('',#385,.T.);
#245=FACE_OUTER_BOUND('',#386,.T.);
#246=FACE_OUTER_BOUND('',#387,.T.);
#247=FACE_OUTER_BOUND('',#388,.T.);
#248=FACE_OUTER_BOUND('',#389,.T.);
#249=FACE_OUTER_BOUND('',#390,.T.);
#250=FACE_OUTER_BOUND('',#391,.T.);
#251=FACE_OUTER_BOUND('',#392,.T.);
#252=FACE_OUTER_BOUND('',#393,.T.);
#253=FACE_OUTER_BOUND('',#394,.T.);
#254=FACE_OUTER_BOUND('',#395,.T.);
#255=FACE_OUTER_BOUND('',#396,.T.);
#256=FACE_OUTER_BOUND('',#397,.T.);
#257=FACE_OUTER_BOUND('',#398,.T.);
#258=FACE_OUTER_BOUND('',#399,.T.);
#259=FACE_OUTER_BOUND('',#400,.T.);
#260=FACE_OUTER_BOUND('',#401,.T.);
#261=EDGE_LOOP('',(#1489,#1490,#1491,#1492));
#262=EDGE_LOOP('',(#1493,#1494,#1495,#1496));
#263=EDGE_LOOP('',(#1497,#1498,#1499,#1500));
#264=EDGE_LOOP('',(#1501,#1502,#1503,#1504));
#265=EDGE_LOOP('',(#1505,#1506,#1507,#1508));
#266=EDGE_LOOP('',(#1509,#1510,#1511,#1512));
#267=EDGE_LOOP('',(#1513,#1514,#1515,#1516));
#268=EDGE_LOOP('',(#1517,#1518,#1519,#1520));
#269=EDGE_LOOP('',(#1521,#1522,#1523,#1524));
#270=EDGE_LOOP('',(#1525,#1526,#1527,#1528));
#271=EDGE_LOOP('',(#1529,#1530,#1531,#1532));
#272=EDGE_LOOP('',(#1533,#1534,#1535,#1536));
#273=EDGE_LOOP('',(#1537,#1538,#1539,#1540));
#274=EDGE_LOOP('',(#1541,#1542,#1543,#1544));
#275=EDGE_LOOP('',(#1545,#1546,#1547,#1548,#1549));
#276=EDGE_LOOP('',(#1550,#1551,#1552,#1553));
#277=EDGE_LOOP('',(#1554,#1555,#1556,#1557));
#278=EDGE_LOOP('',(#1558,#1559,#1560,#1561));
#279=EDGE_LOOP('',(#1562,#1563,#1564,#1565));
#280=EDGE_LOOP('',(#1566,#1567,#1568,#1569));
#281=EDGE_LOOP('',(#1570,#1571,#1572,#1573));
#282=EDGE_LOOP('',(#1574,#1575,#1576,#1577));
#283=EDGE_LOOP('',(#1578,#1579,#1580,#1581));
#284=EDGE_LOOP('',(#1582,#1583,#1584,#1585));
#285=EDGE_LOOP('',(#1586,#1587,#1588,#1589));
#286=EDGE_LOOP('',(#1590,#1591,#1592,#1593));
#287=EDGE_LOOP('',(#1594,#1595,#1596,#1597));
#288=EDGE_LOOP('',(#1598,#1599,#1600,#1601));
#289=EDGE_LOOP('',(#1602,#1603,#1604,#1605));
#290=EDGE_LOOP('',(#1606,#1607,#1608,#1609,#1610));
#291=EDGE_LOOP('',(#1611));
#292=EDGE_LOOP('',(#1612,#1613,#1614,#1615));
#293=EDGE_LOOP('',(#1616,#1617,#1618,#1619));
#294=EDGE_LOOP('',(#1620));
#295=EDGE_LOOP('',(#1621,#1622,#1623,#1624,#1625,#1626,#1627,#1628,#1629,
#1630,#1631,#1632,#1633,#1634,#1635,#1636,#1637,#1638,#1639,#1640,#1641,
#1642,#1643,#1644,#1645,#1646,#1647,#1648,#1649,#1650,#1651,#1652,#1653));
#296=EDGE_LOOP('',(#1654,#1655,#1656,#1657));
#297=EDGE_LOOP('',(#1658,#1659,#1660,#1661,#1662,#1663,#1664,#1665,#1666,
#1667,#1668,#1669,#1670,#1671,#1672,#1673,#1674,#1675,#1676,#1677,#1678,
#1679,#1680,#1681,#1682,#1683,#1684,#1685,#1686,#1687,#1688,#1689));
#298=EDGE_LOOP('',(#1690,#1691,#1692));
#299=EDGE_LOOP('',(#1693,#1694,#1695,#1696));
#300=EDGE_LOOP('',(#1697,#1698,#1699,#1700));
#301=EDGE_LOOP('',(#1701,#1702,#1703,#1704));
#302=EDGE_LOOP('',(#1705,#1706,#1707,#1708));
#303=EDGE_LOOP('',(#1709,#1710,#1711,#1712));
#304=EDGE_LOOP('',(#1713,#1714,#1715,#1716));
#305=EDGE_LOOP('',(#1717,#1718,#1719));
#306=EDGE_LOOP('',(#1720,#1721,#1722));
#307=EDGE_LOOP('',(#1723,#1724,#1725,#1726,#1727));
#308=EDGE_LOOP('',(#1728,#1729,#1730,#1731,#1732));
#309=EDGE_LOOP('',(#1733,#1734,#1735,#1736));
#310=EDGE_LOOP('',(#1737,#1738,#1739,#1740));
#311=EDGE_LOOP('',(#1741,#1742,#1743,#1744,#1745,#1746));
#312=EDGE_LOOP('',(#1747,#1748,#1749,#1750));
#313=EDGE_LOOP('',(#1751,#1752,#1753,#1754));
#314=EDGE_LOOP('',(#1755,#1756,#1757,#1758,#1759));
#315=EDGE_LOOP('',(#1760,#1761,#1762,#1763,#1764,#1765,#1766));
#316=EDGE_LOOP('',(#1767,#1768,#1769,#1770,#1771,#1772,#1773));
#317=EDGE_LOOP('',(#1774,#1775,#1776,#1777));
#318=EDGE_LOOP('',(#1778,#1779,#1780,#1781,#1782));
#319=EDGE_LOOP('',(#1783,#1784,#1785,#1786,#1787));
#320=EDGE_LOOP('',(#1788,#1789,#1790,#1791,#1792,#1793));
#321=EDGE_LOOP('',(#1794,#1795,#1796,#1797,#1798,#1799));
#322=EDGE_LOOP('',(#1800,#1801,#1802,#1803,#1804,#1805));
#323=EDGE_LOOP('',(#1806,#1807,#1808,#1809,#1810,#1811));
#324=EDGE_LOOP('',(#1812,#1813));
#325=EDGE_LOOP('',(#1814,#1815));
#326=EDGE_LOOP('',(#1816,#1817));
#327=EDGE_LOOP('',(#1818,#1819));
#328=EDGE_LOOP('',(#1820,#1821));
#329=EDGE_LOOP('',(#1822,#1823));
#330=EDGE_LOOP('',(#1824));
#331=EDGE_LOOP('',(#1825,#1826,#1827,#1828,#1829,#1830,#1831,#1832,#1833,
#1834));
#332=EDGE_LOOP('',(#1835,#1836,#1837,#1838));
#333=EDGE_LOOP('',(#1839,#1840,#1841,#1842));
#334=EDGE_LOOP('',(#1843,#1844,#1845,#1846));
#335=EDGE_LOOP('',(#1847,#1848,#1849,#1850));
#336=EDGE_LOOP('',(#1851,#1852,#1853,#1854));
#337=EDGE_LOOP('',(#1855,#1856,#1857,#1858));
#338=EDGE_LOOP('',(#1859,#1860,#1861,#1862));
#339=EDGE_LOOP('',(#1863,#1864,#1865));
#340=EDGE_LOOP('',(#1866,#1867,#1868,#1869,#1870));
#341=EDGE_LOOP('',(#1871,#1872,#1873,#1874));
#342=EDGE_LOOP('',(#1875,#1876,#1877,#1878));
#343=EDGE_LOOP('',(#1879,#1880,#1881,#1882));
#344=EDGE_LOOP('',(#1883,#1884,#1885,#1886));
#345=EDGE_LOOP('',(#1887,#1888,#1889,#1890));
#346=EDGE_LOOP('',(#1891,#1892,#1893,#1894));
#347=EDGE_LOOP('',(#1895,#1896,#1897,#1898));
#348=EDGE_LOOP('',(#1899,#1900,#1901,#1902,#1903,#1904,#1905,#1906,#1907,
#1908,#1909,#1910,#1911,#1912,#1913,#1914,#1915,#1916));
#349=EDGE_LOOP('',(#1917,#1918,#1919,#1920,#1921,#1922,#1923,#1924,#1925,
#1926,#1927,#1928,#1929,#1930,#1931,#1932,#1933,#1934,#1935));
#350=EDGE_LOOP('',(#1936,#1937,#1938,#1939,#1940,#1941,#1942,#1943,#1944));
#351=EDGE_LOOP('',(#1945,#1946,#1947,#1948,#1949));
#352=EDGE_LOOP('',(#1950,#1951,#1952,#1953));
#353=EDGE_LOOP('',(#1954,#1955,#1956,#1957));
#354=EDGE_LOOP('',(#1958,#1959,#1960,#1961));
#355=EDGE_LOOP('',(#1962,#1963,#1964,#1965,#1966,#1967,#1968));
#356=EDGE_LOOP('',(#1969,#1970,#1971,#1972));
#357=EDGE_LOOP('',(#1973,#1974,#1975,#1976));
#358=EDGE_LOOP('',(#1977,#1978,#1979,#1980));
#359=EDGE_LOOP('',(#1981,#1982,#1983,#1984));
#360=EDGE_LOOP('',(#1985,#1986,#1987));
#361=EDGE_LOOP('',(#1988,#1989,#1990,#1991));
#362=EDGE_LOOP('',(#1992,#1993,#1994,#1995));
#363=EDGE_LOOP('',(#1996,#1997,#1998,#1999,#2000,#2001,#2002,#2003,#2004,
#2005,#2006,#2007,#2008,#2009,#2010));
#364=EDGE_LOOP('',(#2011,#2012,#2013,#2014));
#365=EDGE_LOOP('',(#2015,#2016,#2017,#2018));
#366=EDGE_LOOP('',(#2019,#2020,#2021,#2022));
#367=EDGE_LOOP('',(#2023,#2024,#2025,#2026));
#368=EDGE_LOOP('',(#2027,#2028,#2029,#2030,#2031,#2032,#2033));
#369=EDGE_LOOP('',(#2034,#2035,#2036,#2037,#2038,#2039));
#370=EDGE_LOOP('',(#2040,#2041,#2042,#2043,#2044));
#371=EDGE_LOOP('',(#2045,#2046,#2047,#2048));
#372=EDGE_LOOP('',(#2049,#2050,#2051,#2052));
#373=EDGE_LOOP('',(#2053,#2054,#2055,#2056));
#374=EDGE_LOOP('',(#2057,#2058,#2059,#2060));
#375=EDGE_LOOP('',(#2061,#2062,#2063,#2064));
#376=EDGE_LOOP('',(#2065,#2066,#2067,#2068,#2069,#2070,#2071,#2072,#2073,
#2074));
#377=EDGE_LOOP('',(#2075,#2076,#2077,#2078));
#378=EDGE_LOOP('',(#2079,#2080,#2081,#2082,#2083,#2084));
#379=EDGE_LOOP('',(#2085,#2086,#2087,#2088,#2089,#2090,#2091));
#380=EDGE_LOOP('',(#2092,#2093,#2094,#2095));
#381=EDGE_LOOP('',(#2096,#2097,#2098,#2099));
#382=EDGE_LOOP('',(#2100,#2101,#2102,#2103,#2104,#2105));
#383=EDGE_LOOP('',(#2106,#2107,#2108,#2109,#2110,#2111,#2112,#2113,#2114,
#2115,#2116,#2117,#2118,#2119));
#384=EDGE_LOOP('',(#2120,#2121,#2122,#2123));
#385=EDGE_LOOP('',(#2124,#2125,#2126,#2127));
#386=EDGE_LOOP('',(#2128,#2129,#2130));
#387=EDGE_LOOP('',(#2131,#2132,#2133,#2134));
#388=EDGE_LOOP('',(#2135,#2136,#2137,#2138));
#389=EDGE_LOOP('',(#2139,#2140,#2141,#2142));
#390=EDGE_LOOP('',(#2143,#2144,#2145,#2146,#2147));
#391=EDGE_LOOP('',(#2148,#2149,#2150,#2151,#2152));
#392=EDGE_LOOP('',(#2153,#2154,#2155,#2156));
#393=EDGE_LOOP('',(#2157,#2158,#2159,#2160));
#394=EDGE_LOOP('',(#2161,#2162,#2163,#2164));
#395=EDGE_LOOP('',(#2165,#2166));
#396=EDGE_LOOP('',(#2167,#2168,#2169,#2170,#2171,#2172,#2173));
#397=EDGE_LOOP('',(#2174,#2175));
#398=EDGE_LOOP('',(#2176,#2177,#2178,#2179,#2180,#2181,#2182));
#399=EDGE_LOOP('',(#2183,#2184));
#400=EDGE_LOOP('',(#2185,#2186));
#401=EDGE_LOOP('',(#2187,#2188,#2189,#2190,#2191,#2192,#2193,#2194));
#402=CIRCLE('',#2458,4.73075);
#403=CIRCLE('',#2473,4.73075);
#404=CIRCLE('',#2475,3.53821999999999);
#405=CIRCLE('',#2490,4.73075);
#406=CIRCLE('',#2492,7.5);
#407=CIRCLE('',#2493,3.53822);
#408=CIRCLE('',#2495,7.5);
#409=CIRCLE('',#2501,0.499999999999998);
#410=CIRCLE('',#2502,0.5);
#411=CIRCLE('',#2504,0.5);
#412=CIRCLE('',#2505,2.5);
#413=CIRCLE('',#2506,2.);
#414=CIRCLE('',#2508,0.5);
#415=CIRCLE('',#2510,0.5);
#416=CIRCLE('',#2511,2.5);
#417=CIRCLE('',#2512,2.);
#418=CIRCLE('',#2514,0.5);
#419=CIRCLE('',#2516,0.499999999999998);
#420=CIRCLE('',#2517,0.499999999999998);
#421=CIRCLE('',#2519,0.499999999999999);
#422=CIRCLE('',#2521,0.499999999999999);
#423=CIRCLE('',#2529,3.90000000000001);
#424=CIRCLE('',#2530,3.90000000000001);
#425=CIRCLE('',#2531,3.90000000000001);
#426=CIRCLE('',#2532,3.90000000000001);
#427=CIRCLE('',#2534,3.90000000000001);
#428=CIRCLE('',#2539,3.90000000000001);
#429=CIRCLE('',#2540,3.90000000000001);
#430=CIRCLE('',#2541,3.90000000000001);
#431=CIRCLE('',#2542,12.644164935606);
#432=CIRCLE('',#2547,3.73634);
#433=CIRCLE('',#2554,3.73634);
#434=CIRCLE('',#2556,4.95299999999999);
#435=CIRCLE('',#2558,4.95299999999999);
#436=CIRCLE('',#2565,4.95299999999999);
#437=CIRCLE('',#2568,2.5);
#438=CIRCLE('',#2571,2.);
#439=CIRCLE('',#2572,2.);
#440=CIRCLE('',#2575,2.5);
#441=CIRCLE('',#2576,2.);
#442=CIRCLE('',#2578,2.);
#443=CIRCLE('',#2581,2.5);
#444=CIRCLE('',#2582,2.5);
#445=CIRCLE('',#2584,2.5);
#446=CIRCLE('',#2585,2.5);
#447=CIRCLE('',#2587,2.5);
#448=CIRCLE('',#2589,2.5);
#449=CIRCLE('',#2592,2.5);
#450=CIRCLE('',#2593,2.5);
#451=CIRCLE('',#2605,2.5);
#452=CIRCLE('',#2606,2.5);
#453=CIRCLE('',#2609,2.5);
#454=CIRCLE('',#2611,2.);
#455=CIRCLE('',#2612,2.);
#456=CIRCLE('',#2615,2.);
#457=CIRCLE('',#2616,2.5);
#458=CIRCLE('',#2618,2.);
#459=CIRCLE('',#2621,2.5);
#460=CIRCLE('',#2623,2.5);
#461=CIRCLE('',#2625,2.5);
#462=CIRCLE('',#2627,2.5);
#463=CIRCLE('',#2628,2.5);
#464=CIRCLE('',#2630,2.5);
#465=CIRCLE('',#2633,2.5);
#466=CIRCLE('',#2642,7.66315531856792);
#467=CIRCLE('',#2643,0.479999999999997);
#468=CIRCLE('',#2646,7.66315531856792);
#469=CIRCLE('',#2647,0.479999999999997);
#470=B_SPLINE_CURVE_WITH_KNOTS('',3,(#3219,#3220,#3221,#3222,#3223,#3224,
#3225,#3226,#3227,#3228,#3229,#3230,#3231,#3232,#3233,#3234,#3235,#3236,
#3237,#3238,#3239,#3240),.UNSPECIFIED.,.F.,.F.,(4,3,3,3,3,3,3,4),(-3.63200021142195,
-3.49877548769516,-2.99895041802443,-2.49912534835369,-1.99930027868295,
-1.49947520901221,-0.999650139341477,-0.915492438974911),.UNSPECIFIED.);
#471=B_SPLINE_CURVE_WITH_KNOTS('',3,(#3243,#3244,#3245,#3246),
 .UNSPECIFIED.,.F.,.F.,(4,4),(0.,0.425084881142672),.UNSPECIFIED.);
#472=B_SPLINE_CURVE_WITH_KNOTS('',3,(#3251,#3252,#3253,#3254,#3255,#3256,
#3257,#3258,#3259,#3260,#3261,#3262,#3263,#3264,#3265,#3266,#3267,#3268,
#3269,#3270,#3271,#3272,#3273,#3274,#3275,#3276,#3277,#3278,#3279,#3280,
#3281,#3282,#3283,#3284,#3285,#3286,#3287,#3288,#3289,#3290),
 .UNSPECIFIED.,.F.,.F.,(4,3,3,3,3,3,3,3,3,3,3,3,3,4),(-9.91518551860153,
-9.49667632374402,-8.99685125407328,-8.49702618440254,-7.99720111473181,
-7.49737604506107,-6.99755097539033,-6.49772590571959,-5.99790083604885,
-5.49807576637811,-4.99825069670738,-4.49842562703664,-3.9986005573659,
-3.63200021142195),.UNSPECIFIED.);
#473=B_SPLINE_CURVE_WITH_KNOTS('',3,(#3291,#3292,#3293,#3294,#3295,#3296,
#3297,#3298,#3299,#3300,#3301,#3302,#3303,#3304,#3305,#3306,#3307,#3308,
#3309,#3310,#3311,#3312,#3313,#3314,#3315,#3316,#3317,#3318,#3319,#3320,
#3321,#3322,#3323,#3324,#3325,#3326,#3327,#3328,#3329,#3330,#3331,#3332,
#3333),.UNSPECIFIED.,.F.,.F.,(4,3,3,3,3,3,3,3,3,3,3,3,3,3,4),(0.425084881142672,
0.499825069670746,0.999650139341483,1.49947520901222,1.99930027868296,2.49912534835369,
2.99895041802443,3.49877548769517,3.9986005573659,4.49842562703664,4.99825069670737,
5.49807576637811,5.99790083604885,6.49772590571959,6.70827018832227),
 .UNSPECIFIED.);
#474=B_SPLINE_CURVE_WITH_KNOTS('',3,(#3338,#3339,#3340,#3341,#3342,#3343,
#3344,#3345,#3346,#3347,#3348,#3349,#3350,#3351,#3352,#3353,#3354,#3355,
#3356,#3357,#3358,#3359,#3360,#3361,#3362,#3363,#3364,#3365,#3366,#3367,
#3368,#3369,#3370,#3371,#3372,#3373,#3374,#3375,#3376,#3377,#3378,#3379,
#3380),.UNSPECIFIED.,.F.,.F.,(4,3,3,3,3,3,3,3,3,3,3,3,3,3,4),(-16.1983708257811,
-15.9944022294636,-15.4945771597929,-14.9947520901221,-14.4949270204514,
-13.9951019507807,-13.4952768811099,-12.9954518114392,-12.4956267417684,
-11.9958016720977,-11.495976602427,-10.9961515327562,-10.4963264630855,
-9.99650139341476,-9.91518551860153),.UNSPECIFIED.);
#475=B_SPLINE_CURVE_WITH_KNOTS('',3,(#3381,#3382,#3383,#3384,#3385,#3386,
#3387,#3388,#3389,#3390,#3391,#3392,#3393,#3394,#3395,#3396,#3397,#3398,
#3399,#3400,#3401,#3402,#3403,#3404,#3405,#3406,#3407,#3408,#3409,#3410,
#3411,#3412,#3413,#3414,#3415,#3416,#3417,#3418,#3419,#3420),
 .UNSPECIFIED.,.F.,.F.,(4,3,3,3,3,3,3,3,3,3,3,3,3,4),(6.70827018832227,
6.99755097539033,7.49737604506106,7.9972011147318,8.49702618440254,8.99685125407328,
9.49667632374402,9.99650139341475,10.4963264630855,10.9961515327562,11.495976602427,
11.9958016720977,12.4956267417684,12.9914554955018),.UNSPECIFIED.);
#476=B_SPLINE_CURVE_WITH_KNOTS('',3,(#3425,#3426,#3427,#3428,#3429,#3430,
#3431,#3432,#3433,#3434,#3435,#3436,#3437,#3438,#3439,#3440,#3441,#3442,
#3443,#3444,#3445,#3446,#3447,#3448,#3449,#3450,#3451,#3452,#3453,#3454,
#3455,#3456,#3457,#3458,#3459,#3460,#3461,#3462,#3463,#3464),
 .UNSPECIFIED.,.F.,.F.,(4,3,3,3,3,3,3,3,3,3,3,3,3,4),(-22.4815561329607,
-21.9923030655125,-21.4924779958417,-20.992652926171,-20.4928278565003,
-19.9930027868295,-19.4931777171588,-18.993352647488,-18.4935275778173,
-17.9937025081466,-17.4938774384758,-16.9940523688051,-16.4942272991343,
-16.1983708257811),.UNSPECIFIED.);
#477=B_SPLINE_CURVE_WITH_KNOTS('',3,(#3465,#3466,#3467,#3468,#3469,#3470,
#3471,#3472,#3473,#3474,#3475,#3476,#3477,#3478,#3479,#3480,#3481,#3482,
#3483,#3484,#3485,#3486,#3487,#3488,#3489,#3490,#3491,#3492,#3493,#3494,
#3495,#3496,#3497,#3498,#3499,#3500,#3501,#3502,#3503,#3504,#3505,#3506,
#3507),.UNSPECIFIED.,.F.,.F.,(4,3,3,3,3,3,3,3,3,3,3,3,3,3,4),(12.9914554955018,
12.9954518114392,13.4952768811099,13.9951019507807,14.4949270204514,14.9947520901221,
15.4945771597929,15.9944022294636,16.4942272991343,16.9940523688051,17.4938774384758,
17.9937025081466,18.4935275778173,18.993352647488,19.2746408026814),
 .UNSPECIFIED.);
#478=B_SPLINE_CURVE_WITH_KNOTS('',3,(#3512,#3513,#3514,#3515,#3516,#3517,
#3518,#3519,#3520,#3521,#3522,#3523,#3524,#3525,#3526,#3527,#3528,#3529,
#3530,#3531,#3532,#3533,#3534,#3535,#3536,#3537,#3538,#3539,#3540,#3541,
#3542,#3543,#3544,#3545,#3546,#3547,#3548,#3549,#3550,#3551,#3552,#3553,
#3554),.UNSPECIFIED.,.F.,.F.,(4,3,3,3,3,3,3,3,3,3,3,3,3,3,4),(-28.7647414401403,
-28.490028971232,-27.9902039015613,-27.4903788318906,-26.9905537622199,
-26.4907286925491,-25.9909036228784,-25.4910785532076,-24.9912534835369,
-24.4914284138662,-23.9916033441954,-23.4917782745247,-22.9919532048539,
-22.4921281351832,-22.4815561329607),.UNSPECIFIED.);
#479=B_SPLINE_CURVE_WITH_KNOTS('',3,(#3555,#3556,#3557,#3558,#3559,#3560,
#3561,#3562,#3563,#3564,#3565,#3566,#3567,#3568,#3569,#3570,#3571,#3572,
#3573,#3574,#3575,#3576,#3577,#3578,#3579,#3580,#3581,#3582,#3583,#3584,
#3585,#3586,#3587,#3588,#3589,#3590,#3591,#3592,#3593,#3594,#3595,#3596,
#3597),.UNSPECIFIED.,.F.,.F.,(4,3,3,3,3,3,3,3,3,3,3,3,3,3,4),(19.2746408026814,
19.4931777171588,19.9930027868295,20.4928278565002,20.992652926171,21.4924779958417,
21.9923030655125,22.4921281351832,22.9919532048539,23.4917782745247,23.9916033441954,
24.4914284138661,24.9912534835369,25.4910785532076,25.557826109861),
 .UNSPECIFIED.);
#480=B_SPLINE_CURVE_WITH_KNOTS('',3,(#3602,#3603,#3604,#3605,#3606,#3607,
#3608,#3609,#3610,#3611,#3612,#3613,#3614,#3615,#3616,#3617,#3618,#3619,
#3620,#3621,#3622,#3623,#3624,#3625,#3626,#3627,#3628,#3629,#3630,#3631,
#3632,#3633,#3634,#3635,#3636,#3637,#3638,#3639,#3640,#3641,#3642,#3643,
#3644),.UNSPECIFIED.,.F.,.F.,(4,3,3,3,3,3,3,3,3,3,3,3,3,3,4),(-35.0479267473199,
-34.9877548769516,-34.4879298072809,-33.9881047376102,-33.4882796679394,
-32.9884545982687,-32.488629528598,-31.9888044589272,-31.4889793892565,
-30.9891543195857,-30.489329249915,-29.9895041802443,-29.4896791105735,
-28.9898540409028,-28.7647414401403),.UNSPECIFIED.);
#481=B_SPLINE_CURVE_WITH_KNOTS('',3,(#3645,#3646,#3647,#3648,#3649,#3650,
#3651,#3652,#3653,#3654,#3655,#3656,#3657,#3658,#3659,#3660,#3661,#3662,
#3663,#3664,#3665,#3666,#3667,#3668,#3669,#3670,#3671,#3672,#3673,#3674,
#3675,#3676,#3677,#3678,#3679,#3680,#3681,#3682,#3683,#3684),
 .UNSPECIFIED.,.F.,.F.,(4,3,3,3,3,3,3,3,3,3,3,3,3,4),(25.557826109861,25.9909036228784,
26.4907286925491,26.9905537622198,27.4903788318906,27.9902039015613,28.490028971232,
28.9898540409028,29.4896791105735,29.9895041802443,30.489329249915,30.9891543195857,
31.4889793892565,31.8410114170406),.UNSPECIFIED.);
#482=B_SPLINE_CURVE_WITH_KNOTS('',3,(#3689,#3690,#3691,#3692,#3693,#3694,
#3695,#3696,#3697,#3698,#3699,#3700,#3701,#3702,#3703,#3704,#3705,#3706,
#3707,#3708,#3709,#3710,#3711,#3712,#3713,#3714,#3715,#3716,#3717,#3718,
#3719,#3720,#3721,#3722,#3723,#3724,#3725,#3726,#3727,#3728),
 .UNSPECIFIED.,.F.,.F.,(4,3,3,3,3,3,3,3,3,3,3,3,3,4),(-41.3311120544995,
-40.9856557130005,-40.4858306433298,-39.986005573659,-39.4861805039883,
-38.9863554343176,-38.4865303646468,-37.9867052949761,-37.4868802253053,
-36.9870551556346,-36.4872300859639,-35.9874050162931,-35.4875799466224,
-35.0479267473199),.UNSPECIFIED.);
#483=B_SPLINE_CURVE_WITH_KNOTS('',3,(#3729,#3730,#3731,#3732,#3733,#3734,
#3735,#3736,#3737,#3738,#3739,#3740,#3741,#3742,#3743,#3744,#3745,#3746,
#3747,#3748,#3749,#3750,#3751,#3752,#3753,#3754,#3755,#3756,#3757,#3758,
#3759,#3760,#3761,#3762,#3763,#3764,#3765,#3766,#3767,#3768,#3769,#3770,
#3771),.UNSPECIFIED.,.F.,.F.,(4,3,3,3,3,3,3,3,3,3,3,3,3,3,4),(31.8410114170406,
31.9888044589272,32.488629528598,32.9884545982687,33.4882796679394,33.9881047376102,
34.4879298072809,34.9877548769516,35.4875799466224,35.9874050162931,36.4872300859639,
36.9870551556346,37.4868802253053,37.9867052949761,38.1241967242202),
 .UNSPECIFIED.);
#484=B_SPLINE_CURVE_WITH_KNOTS('',3,(#3776,#3777,#3778,#3779,#3780,#3781,
#3782,#3783,#3784,#3785,#3786,#3787,#3788,#3789,#3790,#3791,#3792,#3793,
#3794,#3795,#3796,#3797,#3798,#3799,#3800),.UNSPECIFIED.,.F.,.F.,(4,3,3,
3,3,3,3,3,4),(-47.6142973616791,-46.9835565490494,-45.9839064097079,-44.9842562703664,
-43.9846061310249,-42.9849559916834,-41.985305852342,-41.4854807826712,
-41.3311120544995),.UNSPECIFIED.);
#485=B_SPLINE_CURVE_WITH_KNOTS('',3,(#3801,#3802,#3803,#3804,#3805,#3806,
#3807,#3808,#3809,#3810,#3811,#3812,#3813,#3814,#3815,#3816,#3817,#3818,
#3819,#3820,#3821,#3822,#3823,#3824,#3825,#3826,#3827,#3828,#3829,#3830,
#3831,#3832,#3833,#3834),.UNSPECIFIED.,.F.,.F.,(4,3,3,3,3,3,3,3,3,3,3,4),
(38.1241967242202,38.4865303646468,38.9863554343175,39.4861805039883,39.986005573659,
40.4858306433298,40.9856557130005,41.4854807826712,41.985305852342,42.9849559916834,
43.9846061310249,44.4073820313998),.UNSPECIFIED.);
#486=B_SPLINE_CURVE_WITH_KNOTS('',3,(#3839,#3840,#3841,#3842,#3843,#3844,
#3845,#3846,#3847,#3848,#3849,#3850,#3851,#3852,#3853,#3854,#3855,#3856,
#3857,#3858,#3859,#3860,#3861,#3862,#3863,#3864,#3865,#3866,#3867,#3868,
#3869,#3870,#3871,#3872,#3873,#3874,#3875,#3876,#3877,#3878),
 .UNSPECIFIED.,.F.,.F.,(4,3,3,3,3,3,3,3,3,3,3,3,3,4),(-53.8974826688587,
-53.4812824547689,-52.9814573850982,-52.4816323154275,-51.9818072457567,
-51.481982176086,-50.9821571064153,-50.4823320367445,-49.9825069670738,
-49.482681897403,-48.9828568277323,-48.4830317580616,-47.9832066883908,
-47.6142973616791),.UNSPECIFIED.);
#487=B_SPLINE_CURVE_WITH_KNOTS('',3,(#3879,#3880,#3881,#3882,#3883,#3884,
#3885,#3886,#3887,#3888,#3889,#3890,#3891,#3892,#3893,#3894,#3895,#3896,
#3897,#3898,#3899,#3900,#3901,#3902,#3903,#3904,#3905,#3906,#3907,#3908,
#3909),.UNSPECIFIED.,.F.,.F.,(4,3,3,3,3,3,3,3,3,3,4),(44.4073820313998,
44.9842562703664,45.9839064097079,46.9835565490494,47.9832066883908,48.4830317580616,
48.9828568277323,49.482681897403,49.9825069670738,50.4823320367445,50.6905673385794),
 .UNSPECIFIED.);
#488=B_SPLINE_CURVE_WITH_KNOTS('',3,(#3914,#3915,#3916,#3917,#3918,#3919,
#3920,#3921,#3922,#3923,#3924,#3925,#3926,#3927,#3928,#3929,#3930,#3931,
#3932,#3933,#3934,#3935,#3936,#3937,#3938,#3939,#3940,#3941,#3942,#3943,
#3944,#3945,#3946,#3947,#3948,#3949,#3950,#3951,#3952,#3953,#3954,#3955,
#3956),.UNSPECIFIED.,.F.,.F.,(4,3,3,3,3,3,3,3,3,3,3,3,3,3,4),(-60.1806679760383,
-59.9790083604885,-59.4791832908178,-58.9793582211471,-58.4795331514763,
-57.9797080818056,-57.4798830121349,-56.9800579424641,-56.4802328727934,
-55.9804078031226,-55.4805827334519,-54.9807576637812,-54.4809325941104,
-53.9811075244397,-53.8974826688587),.UNSPECIFIED.);
#489=B_SPLINE_CURVE_WITH_KNOTS('',3,(#3957,#3958,#3959,#3960,#3961,#3962,
#3963,#3964,#3965,#3966,#3967,#3968,#3969,#3970,#3971,#3972,#3973,#3974,
#3975,#3976,#3977,#3978,#3979,#3980,#3981,#3982,#3983,#3984,#3985,#3986,
#3987,#3988,#3989,#3990,#3991,#3992,#3993,#3994,#3995,#3996),
 .UNSPECIFIED.,.F.,.F.,(4,3,3,3,3,3,3,3,3,3,3,3,3,4),(50.6905673385794,
50.9821571064152,51.481982176086,51.9818072457567,52.4816323154275,52.9814573850982,
53.4812824547689,53.9811075244397,54.4809325941104,54.9807576637811,55.4805827334519,
55.9804078031226,56.4802328727934,56.973752645759),.UNSPECIFIED.);
#490=B_SPLINE_CURVE_WITH_KNOTS('',3,(#4001,#4002,#4003,#4004,#4005,#4006,
#4007,#4008,#4009,#4010,#4011,#4012,#4013,#4014,#4015,#4016,#4017,#4018,
#4019,#4020,#4021,#4022,#4023,#4024,#4025,#4026,#4027,#4028,#4029,#4030,
#4031,#4032,#4033,#4034,#4035,#4036,#4037,#4038,#4039,#4040),
 .UNSPECIFIED.,.F.,.F.,(4,3,3,3,3,3,3,3,3,3,3,3,3,4),(-66.4638532832178,
-65.9769091965374,-65.4770841268667,-64.9772590571959,-64.4774339875252,
-63.9776089178544,-63.4777838481837,-62.977958778513,-62.4781337088422,
-61.9783086391715,-61.4784835695008,-60.97865849983,-60.4788334301593,-60.1806679760383),
 .UNSPECIFIED.);
#491=B_SPLINE_CURVE_WITH_KNOTS('',3,(#4041,#4042,#4043,#4044,#4045,#4046,
#4047,#4048,#4049,#4050,#4051,#4052,#4053,#4054,#4055,#4056,#4057,#4058,
#4059,#4060,#4061,#4062,#4063,#4064,#4065,#4066,#4067,#4068,#4069,#4070,
#4071,#4072,#4073,#4074,#4075,#4076,#4077,#4078,#4079,#4080,#4081,#4082,
#4083),.UNSPECIFIED.,.F.,.F.,(4,3,3,3,3,3,3,3,3,3,3,3,3,3,4),(56.973752645759,
56.9800579424641,57.4798830121348,57.9797080818056,58.4795331514763,58.9793582211471,
59.4791832908178,59.9790083604885,60.4788334301593,60.97865849983,61.4784835695007,
61.9783086391715,62.4781337088422,62.977958778513,63.2569379529386),
 .UNSPECIFIED.);
#492=B_SPLINE_CURVE_WITH_KNOTS('',3,(#4088,#4089,#4090,#4091,#4092,#4093,
#4094,#4095,#4096,#4097,#4098,#4099,#4100,#4101,#4102,#4103,#4104,#4105,
#4106,#4107,#4108,#4109,#4110,#4111,#4112,#4113,#4114,#4115,#4116,#4117,
#4118,#4119,#4120,#4121,#4122,#4123,#4124,#4125,#4126,#4127,#4128,#4129,
#4130),.UNSPECIFIED.,.F.,.F.,(4,3,3,3,3,3,3,3,3,3,3,3,3,3,4),(-72.7470385903974,
-72.474635102257,-71.9748100325862,-71.4749849629155,-70.9751598932448,
-70.475334823574,-69.9755097539033,-69.4756846842326,-68.9758596145618,
-68.4760345448911,-67.9762094752203,-67.4763844055496,-66.9765593358789,
-66.4767342662081,-66.4638532832178),.UNSPECIFIED.);
#493=B_SPLINE_CURVE_WITH_KNOTS('',3,(#4131,#4132,#4133,#4134,#4135,#4136,
#4137,#4138,#4139,#4140,#4141,#4142,#4143,#4144,#4145,#4146,#4147,#4148,
#4149,#4150,#4151,#4152,#4153,#4154,#4155,#4156,#4157,#4158,#4159,#4160,
#4161,#4162,#4163,#4164,#4165,#4166,#4167,#4168,#4169,#4170,#4171,#4172,
#4173),.UNSPECIFIED.,.F.,.F.,(4,3,3,3,3,3,3,3,3,3,3,3,3,3,4),(63.2569379529386,
63.4777838481837,63.9776089178544,64.4774339875252,64.9772590571959,65.4770841268666,
65.9769091965374,66.4767342662081,66.9765593358789,67.4763844055496,67.9762094752203,
68.4760345448911,68.9758596145618,69.4756846842325,69.5401232601181),
 .UNSPECIFIED.);
#494=B_SPLINE_CURVE_WITH_KNOTS('',3,(#4178,#4179,#4180,#4181,#4182,#4183,
#4184,#4185,#4186,#4187,#4188,#4189,#4190,#4191,#4192,#4193,#4194,#4195,
#4196,#4197,#4198,#4199,#4200,#4201,#4202,#4203,#4204,#4205,#4206,#4207,
#4208,#4209,#4210,#4211,#4212,#4213,#4214,#4215,#4216,#4217,#4218,#4219,
#4220),.UNSPECIFIED.,.F.,.F.,(4,3,3,3,3,3,3,3,3,3,3,3,3,3,4),(-79.030223897577,
-78.9723610079766,-78.4725359383058,-77.9727108686351,-77.4728857989644,
-76.9730607292936,-76.4732356596229,-75.9734105899522,-75.4735855202814,
-74.9737604506107,-74.4739353809399,-73.9741103112692,-73.4742852415985,
-72.9744601719277,-72.7470385903974),.UNSPECIFIED.);
#495=B_SPLINE_CURVE_WITH_KNOTS('',3,(#4221,#4222,#4223,#4224,#4225,#4226,
#4227,#4228,#4229,#4230,#4231,#4232,#4233,#4234,#4235,#4236,#4237,#4238,
#4239,#4240,#4241,#4242,#4243,#4244,#4245,#4246,#4247,#4248,#4249,#4250,
#4251,#4252,#4253,#4254,#4255,#4256,#4257,#4258,#4259,#4260),
 .UNSPECIFIED.,.F.,.F.,(4,3,3,3,3,3,3,3,3,3,3,3,3,4),(69.5401232601181,
69.9755097539033,70.475334823574,70.9751598932447,71.4749849629155,71.9748100325862,
72.474635102257,72.9744601719277,73.4742852415984,73.9741103112692,74.4739353809399,
74.9737604506106,75.4735855202814,75.8233085672978),.UNSPECIFIED.);
#496=B_SPLINE_CURVE_WITH_KNOTS('',3,(#4265,#4266,#4267,#4268,#4269,#4270,
#4271,#4272,#4273,#4274,#4275,#4276,#4277,#4278,#4279,#4280,#4281,#4282,
#4283,#4284,#4285,#4286,#4287,#4288,#4289,#4290,#4291,#4292,#4293,#4294,
#4295,#4296,#4297,#4298,#4299,#4300,#4301,#4302,#4303,#4304),
 .UNSPECIFIED.,.F.,.F.,(4,3,3,3,3,3,3,3,3,3,3,3,3,4),(-85.3134092047566,
-84.9702618440254,-84.4704367743547,-83.9706117046839,-83.4707866350132,
-82.9709615653425,-82.4711364956717,-81.971311426001,-81.4714863563303,
-80.9716612866595,-80.4718362169888,-79.9720111473181,-79.4721860776473,
-79.030223897577),.UNSPECIFIED.);
#497=B_SPLINE_CURVE_WITH_KNOTS('',3,(#4305,#4306,#4307,#4308,#4309,#4310,
#4311,#4312,#4313,#4314,#4315,#4316,#4317,#4318,#4319,#4320,#4321,#4322,
#4323,#4324,#4325,#4326,#4327,#4328,#4329,#4330,#4331,#4332,#4333,#4334,
#4335,#4336,#4337,#4338,#4339,#4340,#4341,#4342,#4343,#4344,#4345,#4346,
#4347),.UNSPECIFIED.,.F.,.F.,(4,3,3,3,3,3,3,3,3,3,3,3,3,3,4),(75.8233085672978,
75.9734105899521,76.4732356596228,76.9730607292936,77.4728857989643,77.9727108686351,
78.4725359383058,78.9723610079765,79.4721860776473,79.972011147318,80.4718362169887,
80.9716612866595,81.4714863563303,81.971311426001,82.1064938744773),
 .UNSPECIFIED.);
#498=B_SPLINE_CURVE_WITH_KNOTS('',3,(#4354,#4355,#4356,#4357,#4358,#4359,
#4360,#4361,#4362,#4363,#4364,#4365,#4366,#4367,#4368,#4369,#4370,#4371,
#4372,#4373,#4374,#4375,#4376,#4377,#4378,#4379,#4380,#4381,#4382,#4383,
#4384),.UNSPECIFIED.,.F.,.F.,(4,3,3,3,3,3,3,3,3,3,4),(-89.9685125407328,
-89.4686874710621,-88.9688624013913,-88.4690373317206,-87.9692122620499,
-87.4693871923791,-86.9695621227084,-86.4697370530377,-85.9699119833669,
-85.4700869136962,-85.3134092047566),.UNSPECIFIED.);
#499=B_SPLINE_CURVE_WITH_KNOTS('',3,(#4385,#4386,#4387,#4388,#4389,#4390,
#4391,#4392,#4393,#4394,#4395,#4396,#4397,#4398,#4399,#4400,#4401,#4402,
#4403,#4404,#4405,#4406,#4407,#4408,#4409,#4410,#4411,#4412,#4413,#4414,
#4415,#4416,#4417,#4418,#4419,#4420,#4421,#4422,#4423,#4424),
 .UNSPECIFIED.,.F.,.F.,(4,3,3,3,3,3,3,3,3,3,3,3,3,4),(82.1064938744773,
82.4711364956717,82.9709615653425,83.4707866350132,83.9706117046839,84.4704367743547,
84.9702618440254,85.4700869136962,85.9699119833669,86.4697370530376,86.9695621227084,
87.4693871923791,87.9692122620498,88.389679181657),.UNSPECIFIED.);
#500=B_SPLINE_CURVE_WITH_KNOTS('',3,(#4430,#4431,#4432,#4433,#4434,#4435,
#4436,#4437,#4438,#4439,#4440,#4441),.UNSPECIFIED.,.F.,.F.,(4,1,1,1,1,1,
1,1,1,4),(97.3893722612836,97.5460499702231,98.0458750398938,98.5457001095646,
99.0455251792353,99.5453502489061,100.045175318577,100.545000388248,101.044825457918,
101.128983158285),.UNSPECIFIED.);
#501=B_SPLINE_CURVE_WITH_KNOTS('',3,(#4444,#4445,#4446,#4447,#4448,#4449,
#4450),.UNSPECIFIED.,.F.,.F.,(4,1,1,1,4),(97.3893722612836,97.4687304113471,
97.9685554810178,98.4683805506886,98.9682056203593),.UNSPECIFIED.);
#502=B_SPLINE_CURVE_WITH_KNOTS('',3,(#4455,#4456,#4457,#4458,#4459,#4460,
#4461,#4462,#4463,#4464,#4465,#4466,#4467,#4468,#4469,#4470),
 .UNSPECIFIED.,.F.,.F.,(4,1,1,1,1,1,1,1,1,1,1,1,1,4),(91.106186954104,91.5481491341743,
92.047974203845,92.5477992735157,93.0476243431865,93.5474494128572,94.0472744825279,
94.5470995521987,95.0469246218694,95.5467496915402,96.0465747612109,96.5463998308816,
97.0462249005524,97.3893722612836),.UNSPECIFIED.);
#503=B_SPLINE_CURVE_WITH_KNOTS('',3,(#4471,#4472,#4473,#4474,#4475,#4476,
#4477,#4478,#4479,#4480,#4481,#4482,#4483,#4484,#4485,#4486),
 .UNSPECIFIED.,.F.,.F.,(4,1,1,1,1,1,1,1,1,1,1,1,1,4),(91.106186954104,91.4708295752983,
91.970654644969,92.4704797146397,92.9703047843105,93.4701298539812,93.969954923652,
94.4697799933227,94.9696050629934,95.4694301326642,95.9692552023349,96.4690802720056,
96.9689053416764,97.3893722612836),.UNSPECIFIED.);
#504=B_SPLINE_CURVE_WITH_KNOTS('',3,(#4491,#4492,#4493,#4494,#4495,#4496,
#4497,#4498,#4499,#4500,#4501,#4502,#4503,#4504,#4505,#4506,#4507),
 .UNSPECIFIED.,.F.,.F.,(4,1,1,1,1,1,1,1,1,1,1,1,1,1,4),(84.8230016469244,
85.0504232284547,85.5502482981254,86.0500733677961,86.5498984374669,87.0497235071376,
87.5495485768083,88.0493736464791,88.5491987161498,89.0490237858206,89.5488488554913,
90.048673925162,90.5484989948328,91.0483240645035,91.106186954104),
 .UNSPECIFIED.);
#505=B_SPLINE_CURVE_WITH_KNOTS('',3,(#4508,#4509,#4510,#4511,#4512,#4513,
#4514,#4515,#4516,#4517,#4518,#4519,#4520,#4521,#4522,#4523,#4524),
 .UNSPECIFIED.,.F.,.F.,(4,1,1,1,1,1,1,1,1,1,1,1,1,1,4),(84.8230016469244,
84.9731036695787,85.4729287392494,85.9727538089201,86.4725788785909,86.9724039482616,
87.4722290179324,87.9720540876031,88.4718791572738,88.9717042269446,89.4715292966153,
89.9713543662861,90.4711794359568,90.9710045056275,91.106186954104),
 .UNSPECIFIED.);
#506=B_SPLINE_CURVE_WITH_KNOTS('',3,(#4529,#4530,#4531,#4532,#4533,#4534,
#4535,#4536,#4537,#4538,#4539,#4540,#4541,#4542,#4543,#4544,#4545),
 .UNSPECIFIED.,.F.,.F.,(4,1,1,1,1,1,1,1,1,1,1,1,1,1,4),(78.5398163397448,
78.5526973227351,79.0525223924058,79.5523474620765,80.0521725317473,80.551997601418,
81.0518226710888,81.5516477407595,82.0514728104302,82.551297880101,83.0511229497717,
83.5509480194424,84.0507730891132,84.5505981587839,84.8230016469244),
 .UNSPECIFIED.);
#507=B_SPLINE_CURVE_WITH_KNOTS('',3,(#4546,#4547,#4548,#4549,#4550,#4551,
#4552,#4553,#4554,#4555,#4556,#4557,#4558,#4559,#4560,#4561),
 .UNSPECIFIED.,.F.,.F.,(4,1,1,1,1,1,1,1,1,1,1,1,1,4),(78.5398163397448,
78.9752028335298,79.4750279032006,79.9748529728713,80.474678042542,80.9745031122128,
81.4743281818835,81.9741532515542,82.473978321225,82.9738033908957,83.4736284605665,
83.9734535302372,84.4732785999079,84.8230016469244),.UNSPECIFIED.);
#508=B_SPLINE_CURVE_WITH_KNOTS('',3,(#4566,#4567,#4568,#4569,#4570,#4571,
#4572,#4573,#4574,#4575,#4576,#4577,#4578,#4579,#4580,#4581),
 .UNSPECIFIED.,.F.,.F.,(4,1,1,1,1,1,1,1,1,1,1,1,1,4),(72.2566310325652,
72.5547964866862,73.054621556357,73.5544466260277,74.0542716956984,74.5540967653692,
75.0539218350399,75.5537469047106,76.0535719743814,76.5533970440521,77.0532221137229,
77.5530471833936,78.0528722530643,78.5398163397448),.UNSPECIFIED.);
#509=B_SPLINE_CURVE_WITH_KNOTS('',3,(#4582,#4583,#4584,#4585,#4586,#4587,
#4588,#4589,#4590,#4591,#4592,#4593,#4594,#4595,#4596,#4597,#4598),
 .UNSPECIFIED.,.F.,.F.,(4,1,1,1,1,1,1,1,1,1,1,1,1,1,4),(72.2566310325652,
72.4774769278102,72.977301997481,73.4771270671517,73.9769521368224,74.4767772064932,
74.9766022761639,75.4764273458347,75.9762524155054,76.4760774851761,76.9759025548469,
77.4757276245176,77.9755526941883,78.4753777638591,78.5398163397448),
 .UNSPECIFIED.);
#510=B_SPLINE_CURVE_WITH_KNOTS('',3,(#4603,#4604,#4605,#4606,#4607,#4608,
#4609,#4610,#4611,#4612,#4613,#4614,#4615,#4616,#4617,#4618,#4619),
 .UNSPECIFIED.,.F.,.F.,(4,1,1,1,1,1,1,1,1,1,1,1,1,1,4),(65.9734457253856,
66.0570705809666,66.5568956506374,67.0567207203081,67.5565457899788,68.0563708596496,
68.5561959293203,69.0560209989911,69.5558460686618,70.0556711383325,70.5554962080033,
71.055321277674,71.5551463473447,72.0549714170155,72.2566310325652),
 .UNSPECIFIED.);
#511=B_SPLINE_CURVE_WITH_KNOTS('',3,(#4620,#4621,#4622,#4623,#4624,#4625,
#4626,#4627,#4628,#4629,#4630,#4631,#4632,#4633,#4634,#4635,#4636),
 .UNSPECIFIED.,.F.,.F.,(4,1,1,1,1,1,1,1,1,1,1,1,1,1,4),(65.9734457253856,
65.9797510220906,66.4795760917614,66.9794011614321,67.4792262311029,67.9790513007736,
68.4788763704443,68.9787014401151,69.4785265097858,69.9783515794565,70.4781766491273,
70.978001718798,71.4778267884687,71.9776518581395,72.2566310325652),
 .UNSPECIFIED.);
#512=B_SPLINE_CURVE_WITH_KNOTS('',3,(#4641,#4642,#4643,#4644,#4645,#4646,
#4647,#4648,#4649,#4650,#4651,#4652,#4653,#4654,#4655,#4656),
 .UNSPECIFIED.,.F.,.F.,(4,1,1,1,1,1,1,1,1,1,1,1,1,4),(59.690260418206,60.0591697449178,
60.5589948145885,61.0588198842593,61.55864495393,62.0584700236007,62.5582950932715,
63.0581201629422,63.5579452326129,64.0577703022837,64.5575953719544,65.0574204416252,
65.5572455112959,65.9734457253856),.UNSPECIFIED.);
#513=B_SPLINE_CURVE_WITH_KNOTS('',3,(#4657,#4658,#4659,#4660,#4661,#4662,
#4663,#4664,#4665,#4666,#4667,#4668,#4669,#4670,#4671,#4672),
 .UNSPECIFIED.,.F.,.F.,(4,1,1,1,1,1,1,1,1,1,1,1,1,4),(59.690260418206,59.9818501860418,
60.4816752557125,60.9815003253833,61.481325395054,61.9811504647247,62.4809755343955,
62.9808006040662,63.480625673737,63.9804507434077,64.4802758130784,64.9801008827492,
65.4799259524199,65.9734457253856),.UNSPECIFIED.);
#514=B_SPLINE_CURVE_WITH_KNOTS('',3,(#4677,#4678,#4679,#4680,#4681,#4682,
#4683,#4684,#4685,#4686,#4687),.UNSPECIFIED.,.F.,.F.,(4,1,1,1,1,1,1,1,4),
(53.4070751110265,53.5614438391982,54.0612689088689,55.0609190482104,56.0605691875519,
57.0602193268933,58.0598694662348,59.0595196055763,59.690260418206),
 .UNSPECIFIED.);
#515=B_SPLINE_CURVE_WITH_KNOTS('',3,(#4688,#4689,#4690,#4691,#4692,#4693,
#4694,#4695,#4696,#4697,#4698,#4699,#4700),.UNSPECIFIED.,.F.,.F.,(4,1,1,
1,1,1,1,1,1,1,4),(53.4070751110264,53.9839493499929,54.9835994893344,55.9832496286759,
56.9828997680174,57.4827248376881,57.9825499073588,58.4823749770296,58.9822000467003,
59.482025116371,59.690260418206),.UNSPECIFIED.);
#516=B_SPLINE_CURVE_WITH_KNOTS('',3,(#4705,#4706,#4707,#4708,#4709,#4710,
#4711,#4712,#4713,#4714,#4715,#4716,#4717,#4718,#4719,#4720),
 .UNSPECIFIED.,.F.,.F.,(4,1,1,1,1,1,1,1,1,1,1,1,1,4),(47.1238898038468,
47.5635430031493,48.0633680728201,48.5631931424908,49.0630182121615,49.5628432818323,
50.062668351503,50.5624934211738,51.0623184908445,51.5621435605152,52.061968630186,
52.5617936998567,53.0616187695274,53.4070751110265),.UNSPECIFIED.);
#517=B_SPLINE_CURVE_WITH_KNOTS('',3,(#4721,#4722,#4723,#4724,#4725,#4726,
#4727,#4728,#4729,#4730,#4731,#4732,#4733,#4734),.UNSPECIFIED.,.F.,.F.,
(4,1,1,1,1,1,1,1,1,1,1,4),(47.1238898038468,47.4862234442733,47.9860485139441,
48.4858735836148,48.9856986532856,49.4855237229563,49.985348792627,50.4851738622978,
50.9849989319685,51.98464907131,52.9842992106515,53.4070751110264),
 .UNSPECIFIED.);
#518=B_SPLINE_CURVE_WITH_KNOTS('',3,(#4739,#4740,#4741,#4742,#4743,#4744,
#4745,#4746,#4747,#4748,#4749,#4750,#4751,#4752,#4753,#4754,#4755),
 .UNSPECIFIED.,.F.,.F.,(4,1,1,1,1,1,1,1,1,1,1,1,1,1,4),(40.8407044966673,
41.0658170974297,41.5656421671005,42.0654672367712,42.5652923064419,43.0651173761127,
43.5649424457834,44.0647675154542,44.5645925851249,45.0644176547956,45.5642427244664,
46.0640677941371,46.5638928638079,47.0637179334786,47.1238898038468),
 .UNSPECIFIED.);
#519=B_SPLINE_CURVE_WITH_KNOTS('',3,(#4756,#4757,#4758,#4759,#4760,#4761,
#4762,#4763,#4764,#4765,#4766,#4767,#4768,#4769,#4770,#4771,#4772),
 .UNSPECIFIED.,.F.,.F.,(4,1,1,1,1,1,1,1,1,1,1,1,1,1,4),(40.8407044966672,
40.9884975385538,41.4883226082245,41.9881476778952,42.487972747566,42.9877978172367,
43.4876228869074,43.9874479565782,44.4872730262489,44.9870980959197,45.4869231655904,
45.9867482352611,46.4865733049319,46.9863983746026,47.1238898038468),
 .UNSPECIFIED.);
#520=B_SPLINE_CURVE_WITH_KNOTS('',3,(#4777,#4778,#4779,#4780,#4781,#4782,
#4783,#4784,#4785,#4786,#4787,#4788,#4789,#4790,#4791,#4792,#4793),
 .UNSPECIFIED.,.F.,.F.,(4,1,1,1,1,1,1,1,1,1,1,1,1,1,4),(34.5575191894877,
34.5680911917102,35.0679162613809,35.5677413310516,36.0675664007224,36.5673914703931,
37.0672165400638,37.5670416097346,38.0668666794053,38.5666917490761,39.0665168187468,
39.5663418884175,40.0661669580883,40.565992027759,40.8407044966673),
 .UNSPECIFIED.);
#521=B_SPLINE_CURVE_WITH_KNOTS('',3,(#4794,#4795,#4796,#4797,#4798,#4799,
#4800,#4801,#4802,#4803,#4804,#4805,#4806,#4807,#4808,#4809),
 .UNSPECIFIED.,.F.,.F.,(4,1,1,1,1,1,1,1,1,1,1,1,1,4),(34.5575191894876,
34.9905967025049,35.4904217721756,35.9902468418464,36.4900719115171,36.9898969811879,
37.4897220508586,37.9895471205293,38.4893721902001,38.9891972598708,39.4890223295415,
39.9888473992123,40.488672468883,40.8407044966672),.UNSPECIFIED.);
#522=B_SPLINE_CURVE_WITH_KNOTS('',3,(#4814,#4815,#4816,#4817,#4818,#4819,
#4820,#4821,#4822,#4823,#4824,#4825,#4826,#4827,#4828,#4829),
 .UNSPECIFIED.,.F.,.F.,(4,1,1,1,1,1,1,1,1,1,1,1,1,4),(28.2743338823081,
28.5701903556613,29.070015425332,29.5698404950028,30.0696655646735,30.5694906343442,
31.069315704015,31.5691407736857,32.0689658433565,32.5687909130272,33.0686159826979,
33.5684410523687,34.0682661220394,34.5575191894877),.UNSPECIFIED.);
#523=B_SPLINE_CURVE_WITH_KNOTS('',3,(#4830,#4831,#4832,#4833,#4834,#4835,
#4836,#4837,#4838,#4839,#4840,#4841,#4842,#4843,#4844,#4845,#4846),
 .UNSPECIFIED.,.F.,.F.,(4,1,1,1,1,1,1,1,1,1,1,1,1,1,4),(28.2743338823081,
28.4928707967853,28.9926958664561,29.4925209361268,29.9923460057975,30.4921710754683,
30.991996145139,31.4918212148097,31.9916462844805,32.4914713541512,32.991296423822,
33.4911214934927,33.9909465631634,34.4907716328342,34.5575191894876),
 .UNSPECIFIED.);
#524=B_SPLINE_CURVE_WITH_KNOTS('',3,(#4851,#4852,#4853,#4854,#4855,#4856,
#4857,#4858,#4859,#4860,#4861,#4862,#4863,#4864,#4865,#4866,#4867),
 .UNSPECIFIED.,.F.,.F.,(4,1,1,1,1,1,1,1,1,1,1,1,1,1,4),(21.9911485751285,
22.0724644499417,22.5722895196124,23.0721145892832,23.5719396589539,24.0717647286247,
24.5715897982954,25.0714148679661,25.5712399376369,26.0710650073076,26.5708900769783,
27.0707151466491,27.5705402163198,28.0703652859906,28.2743338823081),
 .UNSPECIFIED.);
#525=B_SPLINE_CURVE_WITH_KNOTS('',3,(#4868,#4869,#4870,#4871,#4872,#4873,
#4874,#4875,#4876,#4877,#4878,#4879,#4880,#4881,#4882,#4883,#4884),
 .UNSPECIFIED.,.F.,.F.,(4,1,1,1,1,1,1,1,1,1,1,1,1,1,4),(21.9911485751285,
21.9951448910657,22.4949699607365,22.9947950304072,23.4946201000779,23.9944451697487,
24.4942702394194,24.9940953090901,25.4939203787609,25.9937454484316,26.4935705181024,
26.9933955877731,27.4932206574438,27.9930457271146,28.2743338823081),
 .UNSPECIFIED.);
#526=B_SPLINE_CURVE_WITH_KNOTS('',3,(#4889,#4890,#4891,#4892,#4893,#4894,
#4895,#4896,#4897,#4898,#4899,#4900,#4901,#4902,#4903,#4904),
 .UNSPECIFIED.,.F.,.F.,(4,1,1,1,1,1,1,1,1,1,1,1,1,4),(15.7079632679489,
16.0745636138928,16.5743886835636,17.0742137532343,17.5740388229051,18.0738638925758,
18.5736889622465,19.0735140319173,19.573339101588,20.0731641712588,20.5729892409295,
21.0728143106002,21.572639380271,21.9911485751285),.UNSPECIFIED.);
#527=B_SPLINE_CURVE_WITH_KNOTS('',3,(#4905,#4906,#4907,#4908,#4909,#4910,
#4911,#4912,#4913,#4914,#4915,#4916,#4917,#4918,#4919,#4920),
 .UNSPECIFIED.,.F.,.F.,(4,1,1,1,1,1,1,1,1,1,1,1,1,4),(15.7079632679489,
15.9972440550169,16.4970691246876,16.9968941943583,17.4967192640291,17.9965443336998,
18.4963694033706,18.9961944730413,19.496019542712,19.9958446123828,20.4956696820535,
20.9954947517243,21.495319821395,21.9911485751285),.UNSPECIFIED.);
#528=B_SPLINE_CURVE_WITH_KNOTS('',3,(#4923,#4924,#4925,#4926,#4927,#4928,
#4929,#4930,#4931,#4932,#4933,#4934,#4935,#4936,#4937,#4938,#4939,#4940,
#4941,#4942,#4943,#4944,#4945,#4946,#4947,#4948,#4949,#4950,#4951,#4952,
#4953,#4954,#4955,#4956,#4957,#4958,#4959,#4960,#4961,#4962,#4963,#4964,
#4965,#4966,#4967,#4968,#4969,#4970,#4971,#4972,#4973,#4974),
 .UNSPECIFIED.,.F.,.F.,(4,3,3,3,3,3,3,3,3,3,3,3,3,3,3,3,3,4),(0.,0.0380748498717398,
0.0770373251806124,0.11385769663122,0.150114244384443,0.16453477292597,
0.170542278578629,0.176843250367919,0.19392475110723,0.228367077525312,
0.26217002807814,0.279258329417044,0.287347401796371,0.293600759753137,
0.325339518419209,0.35660665310166,0.387171009287215,0.398876438789375),
 .UNSPECIFIED.);
#529=B_SPLINE_CURVE_WITH_KNOTS('',3,(#4975,#4976,#4977,#4978,#4979,#4980,
#4981,#4982,#4983,#4984,#4985,#4986,#4987,#4988,#4989,#4990,#4991,#4992,
#4993,#4994,#4995,#4996,#4997,#4998,#4999,#5000,#5001,#5002,#5003,#5004,
#5005,#5006,#5007,#5008,#5009,#5010,#5011,#5012,#5013,#5014,#5015,#5016,
#5017,#5018,#5019,#5020),.UNSPECIFIED.,.F.,.F.,(4,3,3,3,3,3,3,3,3,3,3,3,
3,3,3,4),(0.,0.0303817108059349,0.0613508348880637,0.0931761600840237,0.125389695035643,
0.1337629731095,0.139433198097213,0.167453983155676,0.201930434817292,0.236930731229565,
0.256879713819796,0.263418744163655,0.30033374897161,0.337810300590921,
0.375969637916229,0.396522591951416),.UNSPECIFIED.);
#530=B_SPLINE_CURVE_WITH_KNOTS('',3,(#5026,#5027,#5028,#5029,#5030,#5031,
#5032,#5033,#5034,#5035,#5036,#5037,#5038,#5039,#5040,#5041,#5042,#5043,
#5044,#5045,#5046,#5047,#5048,#5049,#5050,#5051,#5052,#5053,#5054,#5055,
#5056,#5057,#5058,#5059,#5060,#5061,#5062,#5063,#5064,#5065,#5066,#5067,
#5068,#5069,#5070,#5071),.UNSPECIFIED.,.F.,.F.,(4,3,3,3,3,3,3,3,3,3,3,3,
3,3,3,4),(0.,0.0303817288232685,0.061350867153197,0.0931761981882368,0.125389734714084,
0.133763038593522,0.139433253011651,0.167453983155704,0.20193043039213,
0.236930727959406,0.256879710958419,0.263418741415205,0.300333746416812,
0.337810302586351,0.375969643635527,0.396522591951508),.UNSPECIFIED.);
#531=B_SPLINE_CURVE_WITH_KNOTS('',3,(#5073,#5074,#5075,#5076,#5077,#5078,
#5079,#5080,#5081,#5082,#5083,#5084,#5085,#5086,#5087,#5088,#5089,#5090,
#5091,#5092,#5093,#5094,#5095,#5096,#5097,#5098,#5099,#5100,#5101,#5102,
#5103,#5104,#5105,#5106,#5107,#5108,#5109,#5110,#5111,#5112,#5113,#5114,
#5115,#5116,#5117,#5118,#5119,#5120,#5121,#5122,#5123,#5124),
 .UNSPECIFIED.,.F.,.F.,(4,3,3,3,3,3,3,3,3,3,3,3,3,3,3,3,3,4),(0.,0.0380748417468123,
0.07703731908692,0.113857662684342,0.150114182858655,0.164534740802946,
0.170542224086594,0.176843239027867,0.193924751107243,0.228367090094266,
0.262170056062096,0.279258353902988,0.287347469888418,0.293600782222024,
0.325339551928827,0.356606696333761,0.387171057341276,0.398876438789229),
 .UNSPECIFIED.);
#532=B_SPLINE_CURVE_WITH_KNOTS('',3,(#5839,#5840,#5841,#5842,#5843,#5844,
#5845,#5846,#5847,#5848),.UNSPECIFIED.,.F.,.F.,(4,3,3,4),(88.389679181657,
88.4690373317206,88.9688624013913,89.0530201017579),.UNSPECIFIED.);
#533=B_SPLINE_CURVE_WITH_KNOTS('',3,(#5849,#5850,#5851,#5852,#5853,#5854,
#5855,#5856,#5857,#5858,#5859,#5860,#5861,#5862,#5863,#5864),
 .UNSPECIFIED.,.F.,.F.,(4,1,1,1,1,1,1,1,1,1,1,1,1,4),(9.91518551860144,
9.99934321896802,10.4991682886388,10.9989933583095,11.4988184279802,11.998643497651,
12.4984685673217,12.9982936369924,13.4981187066632,13.9979437763339,14.4977688460047,
14.9975939156754,15.4974189853461,15.7079632679489),.UNSPECIFIED.);
#534=B_SPLINE_CURVE_WITH_KNOTS('',3,(#5866,#5867,#5868,#5869,#5870,#5871,
#5872,#5873,#5874,#5875,#5876),.UNSPECIFIED.,.F.,.F.,(4,1,1,1,1,1,1,1,4),
(12.0759630565269,12.5757881261977,13.0756131958684,13.5754382655392,14.0752633352099,
14.5750884048806,15.0749134745514,15.5747385442221,15.7079632679489),
 .UNSPECIFIED.);
#535=B_SPLINE_CURVE_WITH_KNOTS('',3,(#6635,#6636,#6637,#6638,#6639,#6640,
#6641,#6642),.UNSPECIFIED.,.F.,.F.,(4,2,2,4),(-0.165227964026732,-0.155671868447164,
-0.0970990394054889,0.),.UNSPECIFIED.);
#536=B_SPLINE_CURVE_WITH_KNOTS('',3,(#6644,#6645,#6646,#6647,#6648,#6649,
#6650,#6651,#6652,#6653),.UNSPECIFIED.,.F.,.F.,(4,2,2,2,4),(-0.841727886711576,
-0.742172651813871,-0.656900999661033,-0.622434144988991,-0.612626636025257),
 .UNSPECIFIED.);
#537=B_SPLINE_CURVE_WITH_KNOTS('',3,(#6659,#6660,#6661,#6662),
 .UNSPECIFIED.,.F.,.F.,(4,4),(-0.10557115415594,-0.074648235204106),
 .UNSPECIFIED.);
#538=B_SPLINE_CURVE_WITH_KNOTS('',3,(#6663,#6664,#6665,#6666,#6667,#6668),
 .UNSPECIFIED.,.F.,.F.,(4,2,4),(0.204074746291117,0.545536014850376,1.46399685938375),
 .UNSPECIFIED.);
#539=B_SPLINE_CURVE_WITH_KNOTS('',3,(#6672,#6673,#6674,#6675,#6676,#6677,
#6678,#6679,#6680,#6681,#6682,#6683,#6684,#6685),.UNSPECIFIED.,.F.,.F.,
(4,2,2,2,2,2,4),(-0.212939531847363,-0.20859163557592,-0.197907826114258,
-0.180189031676368,-0.16038166493392,-0.13943238043681,-0.133079050087373),
 .UNSPECIFIED.);
#540=B_SPLINE_CURVE_WITH_KNOTS('',3,(#6689,#6690,#6691,#6692,#6693,#6694),
 .UNSPECIFIED.,.F.,.F.,(4,2,4),(-3.49487059577008,-1.24270433259479,-0.360487084846149),
 .UNSPECIFIED.);
#541=B_SPLINE_CURVE_WITH_KNOTS('',3,(#6699,#6700,#6701,#6702,#6703,#6704,
#6705,#6706,#6707,#6708,#6709,#6710,#6711,#6712),.UNSPECIFIED.,.F.,.F.,
(4,2,2,2,2,2,4),(-0.203148282192357,-0.187186443721084,-0.170612271080789,
-0.153610669298777,-0.133844637914825,-0.125348794650436,-0.123527992857669),
 .UNSPECIFIED.);
#542=B_SPLINE_CURVE_WITH_KNOTS('',3,(#6800,#6801,#6802,#6803,#6804,#6805,
#6806,#6807,#6808,#6809,#6810,#6811,#6812,#6813,#6814,#6815,#6816,#6817,
#6818,#6819,#6820,#6821,#6822,#6823,#6824),.UNSPECIFIED.,.F.,.F.,(4,3,3,
3,3,3,3,3,4),(-0.170999997429145,-0.1504479262254,-0.147709363821642,-0.125516731657691,
-0.10265996250547,-0.0899219886883981,-0.0545298547491963,-0.0238409706312484,
0.),.UNSPECIFIED.);
#543=B_SPLINE_CURVE_WITH_KNOTS('',3,(#6848,#6849,#6850,#6851,#6852,#6853,
#6854,#6855),.UNSPECIFIED.,.F.,.F.,(4,2,2,4),(-0.962666712059477,-0.880283245416538,
-0.780969191276944,-0.739614314277791),.UNSPECIFIED.);
#544=B_SPLINE_CURVE_WITH_KNOTS('',3,(#6861,#6862,#6863,#6864,#6865,#6866),
 .UNSPECIFIED.,.F.,.F.,(4,2,4),(-0.474357126403549,-0.447841030927908,-0.432135245846083),
 .UNSPECIFIED.);
#545=B_SPLINE_CURVE_WITH_KNOTS('',3,(#6867,#6868,#6869,#6870,#6871,#6872,
#6873,#6874,#6875,#6876,#6877,#6878,#6879,#6880,#6881,#6882,#6883,#6884,
#6885,#6886,#6887,#6888,#6889,#6890,#6891,#6892,#6893,#6894,#6895,#6896,
#6897,#6898,#6899,#6900,#6901,#6902,#6903,#6904,#6905,#6906,#6907,#6908),
 .UNSPECIFIED.,.F.,.F.,(4,2,2,2,2,2,2,2,2,2,2,2,2,2,2,2,2,2,2,2,4),(-0.432135245846083,
-0.424088460953585,-0.395316218092955,-0.368663284739722,-0.34136356251985,
-0.327481022280693,-0.317211361816288,-0.306758794709353,-0.291991052727046,
-0.26199397021806,-0.232478410823588,-0.203860382863417,-0.176012496803403,
-0.149155057697378,-0.118994186621073,-0.098481290422044,-0.0841693396535881,
-0.0707740854411292,-0.0543738129394046,-0.0294804311580416,0.),
 .UNSPECIFIED.);
#546=B_SPLINE_CURVE_WITH_KNOTS('',3,(#6912,#6913,#6914,#6915,#6916,#6917,
#6918,#6919,#6920,#6921,#6922,#6923,#6924,#6925,#6926,#6927,#6928,#6929,
#6930,#6931,#6932,#6933,#6934,#6935,#6936,#6937,#6938,#6939,#6940,#6941,
#6942,#6943,#6944,#6945,#6946,#6947,#6948,#6949,#6950,#6951,#6952,#6953,
#6954,#6955),.UNSPECIFIED.,.F.,.F.,(4,2,2,2,2,2,2,2,2,2,2,2,2,2,2,2,2,2,
2,2,2,4),(-0.621728075528812,-0.60012950290573,-0.577446695040363,-0.545409578209044,
-0.52350078717472,-0.50918718538988,-0.496164226933966,-0.480234142440991,
-0.454455472821194,-0.423500992398813,-0.38915627030126,-0.348121188368358,
-0.290283462123571,-0.234688450258193,-0.204810152823961,-0.187572156377786,
-0.174049543066944,-0.159142729655762,-0.135691040145381,-0.101591782412658,
-0.0500631176197798,-0.0211744393933936),.UNSPECIFIED.);
#547=B_SPLINE_CURVE_WITH_KNOTS('',3,(#6956,#6957,#6958,#6959),
 .UNSPECIFIED.,.F.,.F.,(4,4),(-0.0211744393933936,0.),.UNSPECIFIED.);
#548=B_SPLINE_CURVE_WITH_KNOTS('',3,(#6963,#6964,#6965,#6966,#6967,#6968,
#6969,#6970,#6971,#6972,#6973,#6974,#6975,#6976),.UNSPECIFIED.,.F.,.F.,
(4,2,2,2,2,2,4),(-0.475211804591556,-0.447050644347535,-0.429692427897958,
-0.416434207516717,-0.403106621327071,-0.385168114701282,-0.35877274725257),
 .UNSPECIFIED.);
#549=B_SPLINE_CURVE_WITH_KNOTS('',3,(#6977,#6978,#6979,#6980,#6981,#6982,
#6983,#6984,#6985,#6986,#6987,#6988,#6989,#6990,#6991,#6992,#6993,#6994,
#6995,#6996,#6997,#6998,#6999,#7000,#7001,#7002,#7003,#7004,#7005,#7006,
#7007,#7008,#7009,#7010),.UNSPECIFIED.,.F.,.F.,(4,2,2,2,2,2,2,2,2,2,2,2,
2,2,2,2,4),(-0.35877274725257,-0.35573791891108,-0.326308457717339,-0.297585952884433,
-0.268393402893358,-0.24052376337373,-0.210455440529625,-0.193647381611192,
-0.182958128019525,-0.173359857086641,-0.161523622408793,-0.141095502342743,
-0.111271022860702,-0.0819725223296503,-0.0538705045857941,-0.026288290896648,
0.),.UNSPECIFIED.);
#550=B_SPLINE_CURVE_WITH_KNOTS('',3,(#7014,#7015,#7016,#7017,#7018,#7019,
#7020,#7021,#7022,#7023,#7024,#7025,#7026,#7027),.UNSPECIFIED.,.F.,.F.,
(4,2,2,2,2,2,4),(-0.49625641983343,-0.474203857282143,-0.454153645023968,
-0.406867043056086,-0.375287375485068,-0.350509665791616,-0.334031554512169),
 .UNSPECIFIED.);
#551=B_SPLINE_CURVE_WITH_KNOTS('',3,(#7028,#7029,#7030,#7031,#7032,#7033,
#7034,#7035,#7036,#7037,#7038,#7039,#7040,#7041,#7042,#7043,#7044,#7045,
#7046,#7047,#7048,#7049,#7050,#7051,#7052,#7053,#7054,#7055,#7056,#7057,
#7058,#7059,#7060,#7061,#7062,#7063),.UNSPECIFIED.,.F.,.F.,(4,2,2,2,2,2,
2,2,2,2,2,2,2,2,2,2,2,4),(-0.334031554512169,-0.328482145036642,-0.306675385856582,
-0.294024816460411,-0.283778750422728,-0.272674400416371,-0.256228359872541,
-0.231274581136276,-0.206748062564337,-0.180809527525321,-0.148482134047302,
-0.105692729961696,-0.0690791510131395,-0.0509224601043434,-0.0399075074052727,
-0.0304824224660623,-0.0190796760862254,0.),.UNSPECIFIED.);
#552=B_SPLINE_CURVE_WITH_KNOTS('',3,(#7067,#7068,#7069,#7070,#7071,#7072,
#7073,#7074,#7075,#7076,#7077,#7078,#7079,#7080,#7081,#7082,#7083,#7084,
#7085,#7086,#7087,#7088,#7089,#7090,#7091,#7092,#7093,#7094,#7095,#7096,
#7097,#7098,#7099,#7100,#7101,#7102,#7103,#7104,#7105,#7106),
 .UNSPECIFIED.,.F.,.F.,(4,2,2,2,2,2,2,2,2,2,2,2,2,2,2,2,2,2,2,4),(-0.474977946869805,
-0.445832327709198,-0.416561265184566,-0.387855844389886,-0.358810831330733,
-0.33163069056041,-0.302060247623784,-0.287716501223868,-0.277609950836309,
-0.267721607449513,-0.25456320794892,-0.229039551409402,-0.199314284368382,
-0.170565079715555,-0.142592010443514,-0.115335887995486,-0.0895623569503658,
-0.0635797964797959,-0.0479606495522571,-0.0464630471769998),
 .UNSPECIFIED.);
#553=B_SPLINE_CURVE_WITH_KNOTS('',3,(#7107,#7108,#7109,#7110,#7111,#7112,
#7113,#7114),.UNSPECIFIED.,.F.,.F.,(4,2,2,4),(-0.0464630471769998,-0.0349521689006678,
-0.0206524549319495,0.),.UNSPECIFIED.);
#554=B_SPLINE_CURVE_WITH_KNOTS('',3,(#7118,#7119,#7120,#7121,#7122,#7123,
#7124,#7125,#7126,#7127,#7128,#7129,#7130,#7131,#7132,#7133,#7134,#7135,
#7136,#7137,#7138,#7139,#7140,#7141,#7142,#7143,#7144,#7145),
 .UNSPECIFIED.,.F.,.F.,(4,2,2,2,2,2,2,2,2,2,2,2,2,4),(-0.500426342579408,
-0.499646891143697,-0.488916208511735,-0.471004215277442,-0.445310203622322,
-0.4042840519549,-0.364848514171807,-0.336518112433407,-0.313234849751244,
-0.287695783307292,-0.272279371293908,-0.261341760430139,-0.250908133534787,
-0.248596225541531),.UNSPECIFIED.);
#555=B_SPLINE_CURVE_WITH_KNOTS('',3,(#7146,#7147,#7148,#7149,#7150,#7151,
#7152,#7153,#7154,#7155,#7156,#7157,#7158,#7159,#7160,#7161,#7162,#7163,
#7164,#7165,#7166,#7167),.UNSPECIFIED.,.F.,.F.,(4,2,2,2,2,2,2,2,2,2,4),
(-0.248596225541531,-0.237536658827222,-0.21451728271591,-0.189568284572879,
-0.163756029158163,-0.133368958770627,-0.0903570991198917,-0.044365473940269,
-0.0219525568854525,-0.00960683512703939,0.),.UNSPECIFIED.);
#556=B_SPLINE_CURVE_WITH_KNOTS('',3,(#7257,#7258,#7259,#7260,#7261,#7262,
#7263,#7264,#7265,#7266,#7267,#7268,#7269,#7270,#7271,#7272,#7273,#7274,
#7275,#7276,#7277,#7278,#7279,#7280,#7281,#7282,#7283,#7284,#7285,#7286,
#7287,#7288,#7289,#7290,#7291,#7292,#7293,#7294,#7295,#7296,#7297),
 .UNSPECIFIED.,.T.,.F.,(4,3,2,2,2,2,2,2,2,2,2,2,2,2,2,2,2,2,2,4),(-0.076166636535307,
0.,0.0506113816471503,0.0996053022220089,0.162027704654658,0.213683894484657,
0.25904113720845,0.288802396600724,0.319755028218919,0.384493405333267,
0.510974496133136,0.590022535506883,0.643124748479417,0.689369176850599,
0.737887648224212,0.794747278723519,0.863524214743706,0.942961664975987,
1.02618955439105,1.03224287007906),.UNSPECIFIED.);
#557=B_SPLINE_CURVE_WITH_KNOTS('',3,(#7307,#7308,#7309,#7310,#7311,#7312,
#7313),.UNSPECIFIED.,.F.,.F.,(4,3,4),(44.5146282170093,44.966390669798,
45.4605268310046),.UNSPECIFIED.);
#558=B_SPLINE_CURVE_WITH_KNOTS('',3,(#7316,#7317,#7318,#7319,#7320,#7321,
#7322,#7323,#7324,#7325,#7326,#7327,#7328,#7329,#7330,#7331,#7332,#7333,
#7334,#7335,#7336,#7337,#7338,#7339,#7340),.UNSPECIFIED.,.F.,.F.,(4,3,3,
3,3,3,3,3,4),(-44.526510050879,-44.4722545085914,-43.9781183473849,-43.4839821861783,
-42.9898460249717,-42.4957098637651,-42.0015737025586,-41.507437541352,
-41.2423902100408),.UNSPECIFIED.);
#559=B_SPLINE_CURVE_WITH_KNOTS('',3,(#7345,#7346,#7347,#7348,#7349,#7350,
#7351,#7352,#7353,#7354,#7355,#7356,#7357,#7358,#7359,#7360,#7361,#7362,
#7363,#7364,#7365,#7366,#7367,#7368,#7369,#7370,#7371,#7372,#7373,#7374,
#7375,#7376,#7377,#7378,#7379,#7380,#7381,#7382,#7383,#7384,#7385,#7386,
#7387),.UNSPECIFIED.,.F.,.F.,(4,3,3,3,3,3,3,3,3,3,3,3,3,3,4),(38.2314429098297,
38.5426205741126,39.0367567353191,39.5308928965257,40.0250290577323,40.5191652189389,
41.0133013801454,41.507437541352,42.0015737025586,42.4957098637651,42.9898460249717,
43.4839821861783,43.9781183473849,44.4722545085914,44.5146282170093),
 .UNSPECIFIED.);
#560=B_SPLINE_CURVE_WITH_KNOTS('',3,(#7388,#7389,#7390,#7391,#7392,#7393,
#7394,#7395,#7396,#7397,#7398,#7399,#7400,#7401,#7402,#7403,#7404,#7405,
#7406,#7407,#7408,#7409,#7410,#7411,#7412,#7413,#7414,#7415,#7416,#7417,
#7418,#7419,#7420,#7421,#7422,#7423,#7424,#7425,#7426,#7427,#7428,#7429,
#7430),.UNSPECIFIED.,.F.,.F.,(4,3,3,3,3,3,3,3,3,3,3,3,3,3,4),(-41.2423902100408,
-41.0133013801454,-40.5191652189389,-40.0250290577323,-39.5308928965257,
-39.0367567353191,-38.5426205741126,-38.048484412906,-37.5543482516994,
-37.0602120904929,-36.5660759292863,-36.0719397680797,-35.5778036068731,
-35.0836674456666,-34.9592049028612),.UNSPECIFIED.);
#561=B_SPLINE_CURVE_WITH_KNOTS('',3,(#7435,#7436,#7437,#7438,#7439,#7440,
#7441,#7442,#7443,#7444,#7445,#7446,#7447,#7448,#7449,#7450,#7451,#7452,
#7453,#7454,#7455,#7456,#7457,#7458,#7459,#7460,#7461,#7462,#7463,#7464,
#7465,#7466,#7467,#7468,#7469,#7470,#7471,#7472,#7473,#7474,#7475,#7476,
#7477),.UNSPECIFIED.,.F.,.F.,(4,3,3,3,3,3,3,3,3,3,3,3,3,3,4),(31.9482576026501,
32.1188504784272,32.6129866396337,33.1071228008403,33.6012589620469,34.0953951232534,
34.58953128446,35.0836674456666,35.5778036068731,36.0719397680797,36.5660759292863,
37.0602120904929,37.5543482516994,38.048484412906,38.2314429098297),
 .UNSPECIFIED.);
#562=B_SPLINE_CURVE_WITH_KNOTS('',3,(#7478,#7479,#7480,#7481,#7482,#7483,
#7484,#7485,#7486,#7487,#7488,#7489,#7490,#7491,#7492,#7493,#7494,#7495,
#7496,#7497,#7498,#7499,#7500,#7501,#7502,#7503,#7504,#7505,#7506,#7507,
#7508,#7509,#7510,#7511,#7512,#7513,#7514,#7515,#7516,#7517),
 .UNSPECIFIED.,.F.,.F.,(4,3,3,3,3,3,3,3,3,3,3,3,3,4),(-34.9592049028612,
-34.58953128446,-34.0953951232534,-33.6012589620468,-33.1071228008403,-32.6129866396337,
-32.1188504784271,-31.6247143172206,-31.130578156014,-30.6364419948074,
-30.1423058336009,-29.6481696723943,-29.1540335111877,-28.6760195956816),
 .UNSPECIFIED.);
#563=B_SPLINE_CURVE_WITH_KNOTS('',3,(#7522,#7523,#7524,#7525,#7526,#7527,
#7528,#7529,#7530,#7531,#7532,#7533,#7534,#7535,#7536,#7537,#7538,#7539,
#7540,#7541,#7542,#7543,#7544,#7545,#7546,#7547,#7548,#7549,#7550,#7551,
#7552,#7553,#7554,#7555,#7556,#7557,#7558,#7559,#7560,#7561,#7562,#7563,
#7564),.UNSPECIFIED.,.F.,.F.,(4,3,3,3,3,3,3,3,3,3,3,3,3,3,4),(25.6650722954705,
25.6950803827417,26.1892165439483,26.6833527051548,27.1774888663614,27.671625027568,
28.1657611887746,28.6598973499812,29.1540335111877,29.6481696723943,30.1423058336009,
30.6364419948074,31.130578156014,31.6247143172206,31.9482576026501),
 .UNSPECIFIED.);
#564=B_SPLINE_CURVE_WITH_KNOTS('',3,(#7565,#7566,#7567,#7568,#7569,#7570,
#7571,#7572,#7573,#7574,#7575,#7576,#7577,#7578,#7579,#7580,#7581,#7582,
#7583,#7584,#7585,#7586,#7587,#7588,#7589,#7590,#7591,#7592,#7593,#7594,
#7595,#7596,#7597,#7598,#7599,#7600,#7601,#7602,#7603,#7604),
 .UNSPECIFIED.,.F.,.F.,(4,3,3,3,3,3,3,3,3,3,3,3,3,4),(-28.6760195956816,
-28.6598973499811,-28.1657611887746,-27.671625027568,-27.1774888663614,
-26.6833527051549,-26.1892165439483,-25.6950803827417,-25.2009442215351,
-24.7068080603286,-24.212671899122,-23.7185357379154,-22.7302634155023,
-22.392834288502),.UNSPECIFIED.);
#565=B_SPLINE_CURVE_WITH_KNOTS('',3,(#7609,#7610,#7611,#7612,#7613,#7614,
#7615,#7616,#7617,#7618,#7619,#7620,#7621,#7622,#7623,#7624,#7625,#7626,
#7627,#7628,#7629,#7630,#7631,#7632,#7633,#7634,#7635,#7636,#7637,#7638,
#7639),.UNSPECIFIED.,.F.,.F.,(4,3,3,3,3,3,3,3,3,3,4),(19.3818869882909,
19.7654464482629,20.2595826094694,20.753718770676,21.7419910930891,22.7302634155023,
23.7185357379154,24.212671899122,24.7068080603286,25.2009442215351,25.6650722954705),
 .UNSPECIFIED.);
#566=B_SPLINE_CURVE_WITH_KNOTS('',3,(#7640,#7641,#7642,#7643,#7644,#7645,
#7646,#7647,#7648,#7649,#7650,#7651,#7652,#7653,#7654,#7655,#7656,#7657,
#7658,#7659,#7660,#7661,#7662,#7663,#7664,#7665,#7666,#7667,#7668,#7669,
#7670,#7671,#7672,#7673,#7674,#7675,#7676),.UNSPECIFIED.,.F.,.F.,(4,3,3,
3,3,3,3,3,3,3,3,3,4),(-22.392834288502,-21.7419910930891,-20.753718770676,
-20.2595826094694,-19.7654464482628,-19.2713102870563,-18.7771741258497,
-18.2830379646431,-17.7889018034366,-17.29476564223,-16.8006294810234,-16.3064933198169,
-16.1096489813224),.UNSPECIFIED.);
#567=B_SPLINE_CURVE_WITH_KNOTS('',3,(#7681,#7682,#7683,#7684,#7685,#7686,
#7687,#7688,#7689,#7690,#7691,#7692,#7693,#7694,#7695,#7696,#7697,#7698,
#7699,#7700,#7701,#7702,#7703,#7704,#7705,#7706,#7707,#7708,#7709,#7710,
#7711,#7712,#7713,#7714,#7715,#7716,#7717,#7718,#7719,#7720,#7721,#7722,
#7723),.UNSPECIFIED.,.F.,.F.,(4,3,3,3,3,3,3,3,3,3,3,3,3,3,4),(13.0987016811113,
13.3416763525774,13.835812513784,14.3299486749906,14.8240848361971,15.3182209974037,
15.8123571586103,16.3064933198169,16.8006294810234,17.29476564223,17.7889018034366,
18.2830379646431,18.7771741258497,19.2713102870563,19.3818869882909),
 .UNSPECIFIED.);
#568=B_SPLINE_CURVE_WITH_KNOTS('',3,(#7724,#7725,#7726,#7727,#7728,#7729,
#7730,#7731,#7732,#7733,#7734,#7735,#7736,#7737,#7738,#7739,#7740,#7741,
#7742,#7743,#7744,#7745,#7746,#7747,#7748,#7749,#7750,#7751,#7752,#7753,
#7754,#7755,#7756,#7757,#7758,#7759,#7760,#7761,#7762,#7763,#7764,#7765,
#7766),.UNSPECIFIED.,.F.,.F.,(4,3,3,3,3,3,3,3,3,3,3,3,3,3,4),(-16.1096489813224,
-15.8123571586103,-15.3182209974037,-14.8240848361971,-14.3299486749906,
-13.835812513784,-13.3416763525774,-12.8475401913709,-12.3534040301643,
-11.8592678689577,-11.3651317077511,-10.8709955465446,-10.376859385338,
-9.88272322413142,-9.82646367414284),.UNSPECIFIED.);
#569=B_SPLINE_CURVE_WITH_KNOTS('',3,(#7772,#7773,#7774,#7775,#7776,#7777,
#7778,#7779,#7780,#7781,#7782,#7783,#7784,#7785,#7786,#7787,#7788,#7789,
#7790,#7791,#7792,#7793,#7794,#7795,#7796),.UNSPECIFIED.,.F.,.F.,(4,3,3,
3,3,3,3,3,4),(-3.54327836696325,-3.458953128446,-2.96481696723943,-2.47068080603285,
-1.97654464482628,-1.48240848361971,-0.988272322413144,-0.494136161206571,
0.),.UNSPECIFIED.);
#570=B_SPLINE_CURVE_WITH_KNOTS('',3,(#7799,#7800,#7801,#7802,#7803,#7804,
#7805,#7806,#7807,#7808,#7809,#7810,#7811,#7812,#7813,#7814,#7815,#7816,
#7817,#7818,#7819,#7820,#7821,#7822,#7823,#7824,#7825,#7826,#7827,#7828,
#7829,#7830,#7831,#7832,#7833,#7834,#7835,#7836,#7837,#7838),
 .UNSPECIFIED.,.F.,.F.,(4,3,3,3,3,3,3,3,3,3,3,3,3,4),(0.934016780125607,
0.988272322413142,1.48240848361971,1.97654464482629,2.47068080603286,2.96481696723943,
3.458953128446,3.95308928965257,4.44722545085914,4.94136161206572,5.43549777327229,
5.92963393447886,6.42377009568543,6.81551637393174),.UNSPECIFIED.);
#571=B_SPLINE_CURVE_WITH_KNOTS('',3,(#7845,#7846,#7847,#7848),
 .UNSPECIFIED.,.F.,.F.,(4,4),(59.6902604182061,59.7021422520757),
 .UNSPECIFIED.);
#572=B_SPLINE_CURVE_WITH_KNOTS('',3,(#7854,#7855,#7856,#7857,#7858,#7859,
#7860,#7861,#7862,#7863,#7864,#7865),.UNSPECIFIED.,.F.,.F.,(4,1,1,1,1,1,
1,1,1,4),(53.4070751110265,53.6721224423377,54.1662586035443,54.6603947647508,
55.1545309259574,55.648667087164,56.1428032483706,56.6369394095771,57.1310755707837,
57.6252117319903),.UNSPECIFIED.);
#573=B_SPLINE_CURVE_WITH_KNOTS('',3,(#7867,#7868,#7869,#7870,#7871,#7872,
#7873,#7874,#7875,#7876,#7877,#7878,#7879,#7880,#7881,#7882,#7883),
 .UNSPECIFIED.,.F.,.F.,(4,1,1,1,1,1,1,1,1,1,1,1,1,1,4),(53.4070751110265,
53.7182527753094,54.2123889365159,54.7065250977225,55.2006612589291,55.6947974201356,
56.1889335813422,56.6830697425488,57.1772059037554,57.6713420649619,58.1654782261685,
58.6596143873751,59.1537505485816,59.6478867097882,59.6902604182061),
 .UNSPECIFIED.);
#574=B_SPLINE_CURVE_WITH_KNOTS('',3,(#7888,#7889,#7890,#7891,#7892,#7893,
#7894,#7895,#7896,#7897,#7898,#7899,#7900,#7901,#7902,#7903,#7904),
 .UNSPECIFIED.,.F.,.F.,(4,1,1,1,1,1,1,1,1,1,1,1,1,1,4),(47.1238898038469,
47.2483523466523,47.7424885078588,48.2366246690654,48.730760830272,49.2248969914786,
49.7190331526851,50.2131693138917,50.7073054750983,51.2014416363048,51.6955777975114,
52.189713958718,52.6838501199246,53.1779862811311,53.4070751110265),
 .UNSPECIFIED.);
#575=B_SPLINE_CURVE_WITH_KNOTS('',3,(#7905,#7906,#7907,#7908,#7909,#7910,
#7911,#7912,#7913,#7914,#7915,#7916,#7917,#7918,#7919,#7920,#7921),
 .UNSPECIFIED.,.F.,.F.,(4,1,1,1,1,1,1,1,1,1,1,1,1,1,4),(47.1238898038469,
47.2944826796239,47.7886188408305,48.2827550020371,48.7768911632436,49.2710273244502,
49.7651634856568,50.2592996468634,50.7534358080699,51.2475719692765,51.7417081304831,
52.2358442916896,52.7299804528962,53.2241166141028,53.4070751110265),
 .UNSPECIFIED.);
#576=B_SPLINE_CURVE_WITH_KNOTS('',3,(#7926,#7927,#7928,#7929,#7930,#7931,
#7932,#7933,#7934,#7935,#7936,#7937,#7938,#7939,#7940,#7941),
 .UNSPECIFIED.,.F.,.F.,(4,1,1,1,1,1,1,1,1,1,1,1,1,4),(40.8407044966673,
41.3187184121734,41.81285457338,42.3069907345866,42.8011268957931,43.2952630569997,
43.7893992182063,44.2835353794128,44.7776715406194,45.271807701826,45.7659438630326,
46.2600800242391,46.7542161854457,47.1238898038469),.UNSPECIFIED.);
#577=B_SPLINE_CURVE_WITH_KNOTS('',3,(#7942,#7943,#7944,#7945,#7946,#7947,
#7948,#7949,#7950,#7951,#7952,#7953,#7954,#7955,#7956,#7957,#7958),
 .UNSPECIFIED.,.F.,.F.,(4,1,1,1,1,1,1,1,1,1,1,1,1,1,4),(40.8407044966673,
40.8707125839385,41.3648487451451,41.8589849063516,42.3531210675582,42.8472572287648,
43.3413933899714,43.8355295511779,44.3296657123845,44.8238018735911,45.3179380347976,
45.8120741960042,46.3062103572108,46.8003465184174,47.1238898038469),
 .UNSPECIFIED.);
#578=B_SPLINE_CURVE_WITH_KNOTS('',3,(#7963,#7964,#7965,#7966,#7967,#7968,
#7969,#7970,#7971,#7972,#7973,#7974,#7975,#7976,#7977,#7978),
 .UNSPECIFIED.,.F.,.F.,(4,1,1,1,1,1,1,1,1,1,1,1,1,4),(34.5575191894877,
34.894948316488,35.8832206389011,36.3773568001077,36.8714929613143,37.3656291225208,
37.8597652837274,38.353901444934,38.8480376061406,39.3421737673471,39.8363099285537,
40.3304460897603,40.8245822509668,40.8407044966673),.UNSPECIFIED.);
#579=B_SPLINE_CURVE_WITH_KNOTS('',3,(#7979,#7980,#7981,#7982,#7983,#7984,
#7985,#7986,#7987,#7988,#7989,#7990,#7991),.UNSPECIFIED.,.F.,.F.,(4,1,1,
1,1,1,1,1,1,1,4),(34.5575191894877,34.9410786494596,35.4352148106662,35.9293509718728,
36.9176232942859,37.9058956166991,38.8941679391122,39.3883041003188,39.8824402615254,
40.3765764227319,40.8407044966673),.UNSPECIFIED.);
#580=B_SPLINE_CURVE_WITH_KNOTS('',3,(#7996,#7997,#7998,#7999,#8000,#8001,
#8002,#8003,#8004,#8005,#8006,#8007,#8008,#8009,#8010),.UNSPECIFIED.,.F.,
 .F.,(4,1,1,1,1,1,1,1,1,1,1,1,4),(28.2743338823081,28.4711782208026,28.9653143820091,
29.4594505432157,29.9535867044223,30.4477228656288,30.9418590268354,31.435995188042,
31.9301313492486,32.4242675104551,32.9184036716617,33.9066759940748,34.5575191894877),
 .UNSPECIFIED.);
#581=B_SPLINE_CURVE_WITH_KNOTS('',3,(#8011,#8012,#8013,#8014,#8015,#8016,
#8017,#8018,#8019,#8020,#8021,#8022,#8023,#8024,#8025,#8026,#8027),
 .UNSPECIFIED.,.F.,.F.,(4,1,1,1,1,1,1,1,1,1,1,1,1,1,4),(28.2743338823081,
28.5173085537742,29.0114447149808,29.5055808761874,29.9997170373939,30.4938531986005,
30.9879893598071,31.4821255210136,31.9762616822202,32.4703978434268,32.9645340046334,
33.4586701658399,33.9528063270465,34.4469424882531,34.5575191894877),
 .UNSPECIFIED.);
#582=B_SPLINE_CURVE_WITH_KNOTS('',3,(#8032,#8033,#8034,#8035,#8036,#8037,
#8038,#8039,#8040,#8041,#8042,#8043,#8044,#8045,#8046,#8047,#8048),
 .UNSPECIFIED.,.F.,.F.,(4,1,1,1,1,1,1,1,1,1,1,1,1,1,4),(21.9911485751285,
22.0474081251171,22.5415442863237,23.0356804475303,23.5298166087368,24.0239527699434,
24.51808893115,25.0122250923566,25.5063612535631,26.0004974147697,26.4946335759763,
26.9887697371828,27.4829058983894,27.977042059596,28.2743338823081),
 .UNSPECIFIED.);
#583=B_SPLINE_CURVE_WITH_KNOTS('',3,(#8049,#8050,#8051,#8052,#8053,#8054,
#8055,#8056,#8057,#8058,#8059,#8060,#8061,#8062,#8063,#8064,#8065),
 .UNSPECIFIED.,.F.,.F.,(4,1,1,1,1,1,1,1,1,1,1,1,1,1,4),(21.9911485751285,
22.0935384580888,22.5876746192954,23.0818107805019,23.5759469417085,24.0700831029151,
24.5642192641216,25.0583554253282,25.5524915865348,26.0466277477414,26.5407639089479,
27.0349000701545,27.5290362313611,28.0231723925676,28.2743338823081),
 .UNSPECIFIED.);
#584=B_SPLINE_CURVE_WITH_KNOTS('',3,(#8071,#8072,#8073,#8074,#8075),
 .UNSPECIFIED.,.F.,.F.,(4,1,4),(15.1756322011968,15.6697683624034,15.7079632679489),
 .UNSPECIFIED.);
#585=B_SPLINE_CURVE_WITH_KNOTS('',3,(#8078,#8079,#8080,#8081,#8082,#8083,
#8084,#8085,#8086,#8087),.UNSPECIFIED.,.F.,.F.,(4,1,1,1,1,1,1,4),(13.0987016811113,
13.1529572233988,13.6470933846054,14.141229545812,14.6353657070186,15.1295018682251,
15.6236380294317,15.7079632679489),.UNSPECIFIED.);
#586=B_SPLINE_CURVE_WITH_KNOTS('',3,(#8089,#8090,#8091,#8092,#8093,#8094,
#8095,#8096,#8097,#8098,#8099,#8100,#8101,#8102,#8103,#8104),
 .UNSPECIFIED.,.F.,.F.,(4,1,1,1,1,1,1,1,1,1,1,1,1,4),(15.7079632679489,
16.1177741906383,16.6119103518448,17.1060465130514,17.600182674258,18.0943188354646,
18.5884549966711,19.0825911578777,19.5767273190843,20.0708634802908,20.5649996414974,
21.059135802704,21.5532719639106,21.9911485751285),.UNSPECIFIED.);
#587=B_SPLINE_CURVE_WITH_KNOTS('',3,(#8105,#8106,#8107,#8108,#8109,#8110,
#8111,#8112,#8113,#8114,#8115,#8116,#8117,#8118,#8119,#8120),
 .UNSPECIFIED.,.F.,.F.,(4,1,1,1,1,1,1,1,1,1,1,1,1,4),(15.7079632679489,
16.1639045236099,16.6580406848165,17.1521768460231,17.6463130072296,18.1404491684362,
18.6345853296428,19.1287214908494,19.6228576520559,20.1169938132625,20.6111299744691,
21.1052661356756,21.5994022968822,21.9911485751285),.UNSPECIFIED.);
#588=B_SPLINE_CURVE_WITH_KNOTS('',3,(#8489,#8490,#8491,#8492,#8493,#8494,
#8495,#8496,#8497,#8498,#8499,#8500,#8501,#8502,#8503,#8504,#8505,#8506,
#8507,#8508,#8509,#8510,#8511,#8512,#8513,#8514,#8515,#8516,#8517,#8518,
#8519,#8520,#8521,#8522,#8523,#8524,#8525,#8526,#8527,#8528,#8529,#8530,
#8531,#8532,#8533,#8534,#8535,#8536,#8537,#8538,#8539,#8540),
 .UNSPECIFIED.,.F.,.F.,(4,3,3,3,3,3,3,3,3,3,3,3,3,3,3,3,3,4),(0.,0.0397321515659453,
0.0791380126807419,0.119035035049169,0.156868281822003,0.170435278727692,
0.179299793773753,0.185464764910258,0.221598195887767,0.238726102154452,
0.274307450683653,0.293243284473436,0.307360960623643,0.313521183241607,
0.34688508688379,0.37975770774836,0.411878146180073,0.425794121001913),
 .UNSPECIFIED.);
#589=B_SPLINE_CURVE_WITH_KNOTS('',3,(#8541,#8542,#8543,#8544,#8545,#8546,
#8547,#8548,#8549,#8550,#8551,#8552,#8553,#8554,#8555,#8556,#8557,#8558,
#8559,#8560,#8561,#8562,#8563,#8564,#8565,#8566,#8567,#8568,#8569,#8570,
#8571,#8572,#8573,#8574,#8575,#8576,#8577,#8578,#8579,#8580,#8581,#8582,
#8583,#8584,#8585,#8586,#8587,#8588,#8589,#8590,#8591,#8592),
 .UNSPECIFIED.,.F.,.F.,(4,3,3,3,3,3,3,3,3,3,3,3,3,3,3,3,3,4),(0.,0.032060702049738,
0.0646921203235155,0.0978846508497339,0.126098672436746,0.140822819416129,
0.14645519016843,0.15218522843849,0.188013362921055,0.210740737197781,0.24721133877136,
0.26922869167437,0.27709057218691,0.284114986955132,0.322636506408639,0.361723344172374,
0.401510544607354,0.423350161995442),.UNSPECIFIED.);
#590=B_SPLINE_CURVE_WITH_KNOTS('',3,(#8593,#8594,#8595,#8596,#8597,#8598,
#8599,#8600,#8601,#8602,#8603,#8604,#8605,#8606,#8607,#8608,#8609,#8610,
#8611,#8612,#8613,#8614,#8615,#8616,#8617,#8618,#8619,#8620,#8621,#8622,
#8623,#8624,#8625,#8626,#8627,#8628,#8629,#8630,#8631,#8632),
 .UNSPECIFIED.,.F.,.F.,(4,3,3,3,3,3,3,3,3,3,3,3,3,4),(-9.82646367414284,
-9.38858706292485,-8.89445090171828,-8.40031474051171,-7.90617857930514,
-7.41204241809857,-6.917906256892,-6.42377009568543,-5.92963393447885,-5.43549777327228,
-4.94136161206571,-4.44722545085914,-3.95308928965257,-3.54327836696325),
 .UNSPECIFIED.);
#591=B_SPLINE_CURVE_WITH_KNOTS('',3,(#9001,#9002,#9003,#9004,#9005,#9006,
#9007,#9008,#9009,#9010,#9011,#9012,#9013,#9014,#9015,#9016,#9017,#9018,
#9019,#9020,#9021,#9022,#9023,#9024,#9025,#9026,#9027,#9028,#9029,#9030,
#9031,#9032,#9033,#9034,#9035,#9036,#9037,#9038,#9039,#9040,#9041,#9042,
#9043,#9044,#9045,#9046,#9047,#9048,#9049,#9050,#9051,#9052),
 .UNSPECIFIED.,.F.,.F.,(4,3,3,3,3,3,3,3,3,3,3,3,3,3,3,3,3,4),(0.,0.0320606994024446,
0.0646921134662107,0.0978846390043637,0.12609866355272,0.140822801289008,
0.146455198208052,0.152185229433119,0.188013357324887,0.210740737197788,
0.247211346936599,0.269228698818952,0.277090615427431,0.284114975551428,
0.322636504861666,0.361723351575573,0.401510556999649,0.423350161995416),
 .UNSPECIFIED.);
#592=B_SPLINE_CURVE_WITH_KNOTS('',3,(#9053,#9054,#9055,#9056,#9057,#9058,
#9059,#9060,#9061,#9062,#9063,#9064,#9065,#9066,#9067,#9068,#9069,#9070,
#9071,#9072,#9073,#9074,#9075,#9076,#9077,#9078,#9079,#9080,#9081,#9082,
#9083,#9084,#9085,#9086,#9087,#9088,#9089,#9090,#9091,#9092,#9093,#9094,
#9095),.UNSPECIFIED.,.F.,.F.,(4,3,3,3,3,3,3,3,3,3,3,3,3,3,4),(6.81551637393174,
6.917906256892,7.41204241809857,7.90617857930514,8.40031474051171,8.89445090171829,
9.38858706292486,9.88272322413143,10.376859385338,10.8709955465446,11.3651317077511,
11.8592678689577,12.3534040301643,12.8475401913709,13.0987016811113),
 .UNSPECIFIED.);
#593=B_SPLINE_CURVE_WITH_KNOTS('',3,(#9096,#9097,#9098,#9099,#9100,#9101,
#9102,#9103,#9104,#9105,#9106,#9107,#9108,#9109,#9110,#9111,#9112,#9113,
#9114,#9115,#9116,#9117,#9118,#9119,#9120,#9121,#9122,#9123,#9124,#9125,
#9126,#9127,#9128,#9129,#9130,#9131,#9132,#9133,#9134,#9135,#9136,#9137,
#9138,#9139,#9140,#9141,#9142,#9143,#9144,#9145,#9146,#9147),
 .UNSPECIFIED.,.F.,.F.,(4,3,3,3,3,3,3,3,3,3,3,3,3,3,3,3,3,4),(0.,0.0397321512345428,
0.079138014463829,0.119035036386483,0.15686828176746,0.170435278211849,
0.179299789443052,0.185464764041337,0.221598195398652,0.238726102154443,
0.274307452838043,0.293243286358525,0.307360961287653,0.313521183581926,
0.346885088985571,0.379757713303776,0.411878157331191,0.425794121001904),
 .UNSPECIFIED.);
#594=B_SPLINE_CURVE_WITH_KNOTS('',3,(#9373,#9374,#9375,#9376,#9377,#9378,
#9379,#9380,#9381,#9382,#9383,#9384,#9385,#9386,#9387,#9388,#9389,#9390,
#9391,#9392,#9393,#9394,#9395,#9396,#9397,#9398,#9399),.UNSPECIFIED.,.F.,
 .F.,(4,2,2,2,2,2,2,2,3,2,2,2,4),(0.177815594185591,0.200021359832468,0.222241473472838,
0.24447781990076,0.26672590128228,0.288972573831509,0.311205651480918,0.333424107232386,
0.355631188371182,0.377838269509978,0.400056725261446,0.422289802910855,
0.443967661840165),.UNSPECIFIED.);
#595=B_SPLINE_CURVE_WITH_KNOTS('',3,(#9400,#9401,#9402,#9403,#9404,#9405,
#9406,#9407,#9408,#9409,#9410,#9411),.UNSPECIFIED.,.F.,.F.,(4,2,2,2,2,4),
(0.088336473468983,0.0889052870889021,0.111153368470422,0.133389714898344,
0.155609828538713,0.177815594185591),.UNSPECIFIED.);
#596=B_SPLINE_CURVE_WITH_KNOTS('',3,(#9415,#9416,#9417,#9418,#9419,#9420,
#9421,#9422,#9423,#9424,#9425,#9426,#9427,#9428),.UNSPECIFIED.,.F.,.F.,
(4,2,2,2,2,2,4),(-0.192685084611593,-0.19232071514922,-0.178874091951439,
-0.165470746294312,-0.141289027171604,-0.118224840758795,-0.0957092653354145),
 .UNSPECIFIED.);
#597=B_SPLINE_CURVE_WITH_KNOTS('',3,(#9431,#9432,#9433,#9434,#9435,#9436,
#9437,#9438,#9439,#9440,#9441,#9442,#9443,#9444),.UNSPECIFIED.,.F.,.F.,
(4,2,2,2,2,2,4),(-0.0957092653354145,-0.0802573479277325,-0.0567121065187591,
-0.0347766422704753,-0.0171168288372314,0.,0.000994838981027382),
 .UNSPECIFIED.);
#598=B_SPLINE_CURVE_WITH_KNOTS('',3,(#9449,#9450,#9451,#9452,#9453,#9454,
#9455,#9456,#9457,#9458,#9459,#9460,#9461,#9462,#9463,#9464,#9465,#9466,
#9467,#9468,#9469,#9470,#9471,#9472,#9473,#9474,#9475),.UNSPECIFIED.,.F.,
 .F.,(4,2,2,2,2,2,2,2,3,2,2,2,4),(0.177815594185591,0.200021359832468,0.222241473472838,
0.24447781990076,0.266725901282279,0.288972573831509,0.311205651480918,
0.333424107232386,0.355631188371182,0.377838269509978,0.400056725261447,
0.422289802910855,0.443967661840162),.UNSPECIFIED.);
#599=B_SPLINE_CURVE_WITH_KNOTS('',3,(#9476,#9477,#9478,#9479,#9480,#9481,
#9482,#9483,#9484,#9485,#9486,#9487),.UNSPECIFIED.,.F.,.F.,(4,2,2,2,2,4),
(0.0883364734689799,0.088905287088903,0.111153368470423,0.133389714898345,
0.155609828538714,0.177815594185591),.UNSPECIFIED.);
#600=B_SPLINE_CURVE_WITH_KNOTS('',3,(#9492,#9493,#9494,#9495,#9496,#9497,
#9498,#9499,#9500,#9501,#9502,#9503,#9504,#9505),.UNSPECIFIED.,.F.,.F.,
(4,2,2,2,2,2,4),(-0.000665374874165528,-0.000301089852323345,0.0131424171674602,
0.0265426566758899,0.0507187718234997,0.0737776132430201,0.0962879708105733),
 .UNSPECIFIED.);
#601=B_SPLINE_CURVE_WITH_KNOTS('',3,(#9508,#9509,#9510,#9511,#9512,#9513,
#9514,#9515,#9516,#9517,#9518,#9519,#9520,#9521),.UNSPECIFIED.,.F.,.F.,
(4,2,2,2,2,2,4),(0.0962879708105733,0.097407736621795,0.119827257785272,
0.142643680865215,0.166540224269845,0.192558683786961,0.193090212665114),
 .UNSPECIFIED.);
#602=LINE('',#3217,#753);
#603=LINE('',#3250,#754);
#604=LINE('',#3337,#755);
#605=LINE('',#3424,#756);
#606=LINE('',#3511,#757);
#607=LINE('',#3601,#758);
#608=LINE('',#3688,#759);
#609=LINE('',#3775,#760);
#610=LINE('',#3838,#761);
#611=LINE('',#3913,#762);
#612=LINE('',#4000,#763);
#613=LINE('',#4087,#764);
#614=LINE('',#4177,#765);
#615=LINE('',#4264,#766);
#616=LINE('',#4351,#767);
#617=LINE('',#4428,#768);
#618=LINE('',#4454,#769);
#619=LINE('',#4490,#770);
#620=LINE('',#4528,#771);
#621=LINE('',#4565,#772);
#622=LINE('',#4602,#773);
#623=LINE('',#4640,#774);
#624=LINE('',#4676,#775);
#625=LINE('',#4704,#776);
#626=LINE('',#4738,#777);
#627=LINE('',#4776,#778);
#628=LINE('',#4813,#779);
#629=LINE('',#4850,#780);
#630=LINE('',#4888,#781);
#631=LINE('',#5129,#782);
#632=LINE('',#6592,#783);
#633=LINE('',#6595,#784);
#634=LINE('',#6606,#785);
#635=LINE('',#6607,#786);
#636=LINE('',#6618,#787);
#637=LINE('',#6619,#788);
#638=LINE('',#6624,#789);
#639=LINE('',#6626,#790);
#640=LINE('',#6633,#791);
#641=LINE('',#6654,#792);
#642=LINE('',#6657,#793);
#643=LINE('',#6671,#794);
#644=LINE('',#6688,#795);
#645=LINE('',#6698,#796);
#646=LINE('',#6715,#797);
#647=LINE('',#6716,#798);
#648=LINE('',#6738,#799);
#649=LINE('',#6741,#800);
#650=LINE('',#6767,#801);
#651=LINE('',#6798,#802);
#652=LINE('',#6825,#803);
#653=LINE('',#6827,#804);
#654=LINE('',#6910,#805);
#655=LINE('',#7012,#806);
#656=LINE('',#7116,#807);
#657=LINE('',#7300,#808);
#658=LINE('',#7305,#809);
#659=LINE('',#7344,#810);
#660=LINE('',#7434,#811);
#661=LINE('',#7521,#812);
#662=LINE('',#7608,#813);
#663=LINE('',#7680,#814);
#664=LINE('',#7770,#815);
#665=LINE('',#7842,#816);
#666=LINE('',#7852,#817);
#667=LINE('',#7887,#818);
#668=LINE('',#7925,#819);
#669=LINE('',#7962,#820);
#670=LINE('',#7995,#821);
#671=LINE('',#8031,#822);
#672=LINE('',#8069,#823);
#673=LINE('',#9151,#824);
#674=LINE('',#9153,#825);
#675=LINE('',#9155,#826);
#676=LINE('',#9157,#827);
#677=LINE('',#9159,#828);
#678=LINE('',#9161,#829);
#679=LINE('',#9163,#830);
#680=LINE('',#9166,#831);
#681=LINE('',#9173,#832);
#682=LINE('',#9176,#833);
#683=LINE('',#9179,#834);
#684=LINE('',#9181,#835);
#685=LINE('',#9182,#836);
#686=LINE('',#9185,#837);
#687=LINE('',#9187,#838);
#688=LINE('',#9191,#839);
#689=LINE('',#9195,#840);
#690=LINE('',#9199,#841);
#691=LINE('',#9200,#842);
#692=LINE('',#9205,#843);
#693=LINE('',#9212,#844);
#694=LINE('',#9214,#845);
#695=LINE('',#9219,#846);
#696=LINE('',#9223,#847);
#697=LINE('',#9224,#848);
#698=LINE('',#9226,#849);
#699=LINE('',#9230,#850);
#700=LINE('',#9234,#851);
#701=LINE('',#9236,#852);
#702=LINE('',#9238,#853);
#703=LINE('',#9240,#854);
#704=LINE('',#9241,#855);
#705=LINE('',#9243,#856);
#706=LINE('',#9244,#857);
#707=LINE('',#9246,#858);
#708=LINE('',#9248,#859);
#709=LINE('',#9250,#860);
#710=LINE('',#9253,#861);
#711=LINE('',#9255,#862);
#712=LINE('',#9257,#863);
#713=LINE('',#9265,#864);
#714=LINE('',#9268,#865);
#715=LINE('',#9271,#866);
#716=LINE('',#9273,#867);
#717=LINE('',#9274,#868);
#718=LINE('',#9277,#869);
#719=LINE('',#9279,#870);
#720=LINE('',#9281,#871);
#721=LINE('',#9283,#872);
#722=LINE('',#9285,#873);
#723=LINE('',#9287,#874);
#724=LINE('',#9289,#875);
#725=LINE('',#9296,#876);
#726=LINE('',#9299,#877);
#727=LINE('',#9302,#878);
#728=LINE('',#9304,#879);
#729=LINE('',#9306,#880);
#730=LINE('',#9308,#881);
#731=LINE('',#9309,#882);
#732=LINE('',#9312,#883);
#733=LINE('',#9316,#884);
#734=LINE('',#9319,#885);
#735=LINE('',#9322,#886);
#736=LINE('',#9325,#887);
#737=LINE('',#9328,#888);
#738=LINE('',#9329,#889);
#739=LINE('',#9331,#890);
#740=LINE('',#9334,#891);
#741=LINE('',#9338,#892);
#742=LINE('',#9340,#893);
#743=LINE('',#9342,#894);
#744=LINE('',#9344,#895);
#745=LINE('',#9345,#896);
#746=LINE('',#9349,#897);
#747=LINE('',#9357,#898);
#748=LINE('',#9358,#899);
#749=LINE('',#9364,#900);
#750=LINE('',#9366,#901);
#751=LINE('',#9368,#902);
#752=LINE('',#9527,#903);
#753=VECTOR('',#2663,4.);
#754=VECTOR('',#2668,4.);
#755=VECTOR('',#2671,4.);
#756=VECTOR('',#2674,4.);
#757=VECTOR('',#2677,4.);
#758=VECTOR('',#2680,4.);
#759=VECTOR('',#2683,4.);
#760=VECTOR('',#2686,4.);
#761=VECTOR('',#2689,4.);
#762=VECTOR('',#2692,4.);
#763=VECTOR('',#2695,4.);
#764=VECTOR('',#2698,4.);
#765=VECTOR('',#2701,4.);
#766=VECTOR('',#2704,4.);
#767=VECTOR('',#2707,4.);
#768=VECTOR('',#2712,3.53822);
#769=VECTOR('',#2717,3.53822);
#770=VECTOR('',#2720,3.53822);
#771=VECTOR('',#2723,3.53822);
#772=VECTOR('',#2726,3.53822);
#773=VECTOR('',#2729,3.53822);
#774=VECTOR('',#2732,3.53822);
#775=VECTOR('',#2735,3.53822);
#776=VECTOR('',#2738,3.53822);
#777=VECTOR('',#2741,3.53822);
#778=VECTOR('',#2744,3.53822);
#779=VECTOR('',#2747,3.53822);
#780=VECTOR('',#2750,3.53822);
#781=VECTOR('',#2753,3.53822);
#782=VECTOR('',#2768,7.5);
#783=VECTOR('',#2781,10.);
#784=VECTOR('',#2784,10.);
#785=VECTOR('',#2797,10.);
#786=VECTOR('',#2798,10.);
#787=VECTOR('',#2811,10.);
#788=VECTOR('',#2812,10.);
#789=VECTOR('',#2817,10.);
#790=VECTOR('',#2820,10.);
#791=VECTOR('',#2831,10.);
#792=VECTOR('',#2832,10.);
#793=VECTOR('',#2835,10.);
#794=VECTOR('',#2838,10.);
#795=VECTOR('',#2841,10.);
#796=VECTOR('',#2846,10.);
#797=VECTOR('',#2849,10.);
#798=VECTOR('',#2850,10.);
#799=VECTOR('',#2851,8.13015244245024);
#800=VECTOR('',#2854,9.28642382305741);
#801=VECTOR('',#2855,10.7207324943832);
#802=VECTOR('',#2862,11.6643380244182);
#803=VECTOR('',#2863,10.);
#804=VECTOR('',#2866,10.);
#805=VECTOR('',#2873,0.75);
#806=VECTOR('',#2876,0.75);
#807=VECTOR('',#2879,0.75);
#808=VECTOR('',#2892,3.90000000000001);
#809=VECTOR('',#2897,4.);
#810=VECTOR('',#2902,4.);
#811=VECTOR('',#2905,4.);
#812=VECTOR('',#2908,4.);
#813=VECTOR('',#2911,4.);
#814=VECTOR('',#2914,4.);
#815=VECTOR('',#2917,4.);
#816=VECTOR('',#2922,4.95299999999999);
#817=VECTOR('',#2927,4.95299999999999);
#818=VECTOR('',#2932,4.95299999999999);
#819=VECTOR('',#2935,4.95299999999999);
#820=VECTOR('',#2938,4.95299999999999);
#821=VECTOR('',#2941,4.95299999999999);
#822=VECTOR('',#2944,4.95299999999999);
#823=VECTOR('',#2947,4.95299999999999);
#824=VECTOR('',#2954,10.);
#825=VECTOR('',#2955,10.);
#826=VECTOR('',#2956,10.);
#827=VECTOR('',#2957,10.);
#828=VECTOR('',#2958,10.);
#829=VECTOR('',#2959,10.);
#830=VECTOR('',#2960,10.);
#831=VECTOR('',#2963,10.);
#832=VECTOR('',#2970,10.);
#833=VECTOR('',#2973,10.);
#834=VECTOR('',#2976,10.);
#835=VECTOR('',#2977,10.);
#836=VECTOR('',#2978,10.);
#837=VECTOR('',#2981,10.);
#838=VECTOR('',#2982,10.);
#839=VECTOR('',#2985,10.);
#840=VECTOR('',#2990,10.);
#841=VECTOR('',#2995,10.);
#842=VECTOR('',#2996,10.);
#843=VECTOR('',#3001,10.);
#844=VECTOR('',#3008,10.);
#845=VECTOR('',#3011,10.);
#846=VECTOR('',#3018,10.);
#847=VECTOR('',#3023,10.);
#848=VECTOR('',#3024,10.);
#849=VECTOR('',#3027,10.);
#850=VECTOR('',#3030,10.);
#851=VECTOR('',#3033,10.);
#852=VECTOR('',#3034,10.);
#853=VECTOR('',#3035,10.);
#854=VECTOR('',#3036,10.);
#855=VECTOR('',#3037,10.);
#856=VECTOR('',#3040,10.);
#857=VECTOR('',#3041,10.);
#858=VECTOR('',#3044,10.);
#859=VECTOR('',#3047,10.);
#860=VECTOR('',#3050,10.);
#861=VECTOR('',#3055,10.);
#862=VECTOR('',#3058,10.);
#863=VECTOR('',#3061,10.);
#864=VECTOR('',#3070,10.);
#865=VECTOR('',#3073,10.);
#866=VECTOR('',#3076,10.);
#867=VECTOR('',#3077,10.);
#868=VECTOR('',#3078,10.);
#869=VECTOR('',#3081,10.);
#870=VECTOR('',#3082,10.);
#871=VECTOR('',#3083,10.);
#872=VECTOR('',#3084,10.);
#873=VECTOR('',#3085,10.);
#874=VECTOR('',#3086,10.);
#875=VECTOR('',#3087,10.);
#876=VECTOR('',#3094,10.);
#877=VECTOR('',#3097,10.);
#878=VECTOR('',#3100,10.);
#879=VECTOR('',#3101,10.);
#880=VECTOR('',#3102,10.);
#881=VECTOR('',#3103,10.);
#882=VECTOR('',#3104,10.);
#883=VECTOR('',#3107,10.);
#884=VECTOR('',#3110,10.);
#885=VECTOR('',#3113,10.);
#886=VECTOR('',#3116,10.);
#887=VECTOR('',#3119,10.);
#888=VECTOR('',#3122,10.);
#889=VECTOR('',#3123,10.);
#890=VECTOR('',#3126,10.);
#891=VECTOR('',#3131,10.);
#892=VECTOR('',#3134,10.);
#893=VECTOR('',#3135,10.);
#894=VECTOR('',#3136,10.);
#895=VECTOR('',#3137,10.);
#896=VECTOR('',#3138,10.);
#897=VECTOR('',#3143,10.);
#898=VECTOR('',#3156,10.);
#899=VECTOR('',#3157,10.);
#900=VECTOR('',#3168,10.);
#901=VECTOR('',#3171,10.);
#902=VECTOR('',#3174,10.);
#903=VECTOR('',#3203,0.479999999999997);
#904=VERTEX_POINT('',#3215);
#905=VERTEX_POINT('',#3216);
#906=VERTEX_POINT('',#3218);
#907=VERTEX_POINT('',#3241);
#908=VERTEX_POINT('',#3248);
#909=VERTEX_POINT('',#3249);
#910=VERTEX_POINT('',#3335);
#911=VERTEX_POINT('',#3336);
#912=VERTEX_POINT('',#3422);
#913=VERTEX_POINT('',#3423);
#914=VERTEX_POINT('',#3509);
#915=VERTEX_POINT('',#3510);
#916=VERTEX_POINT('',#3599);
#917=VERTEX_POINT('',#3600);
#918=VERTEX_POINT('',#3686);
#919=VERTEX_POINT('',#3687);
#920=VERTEX_POINT('',#3773);
#921=VERTEX_POINT('',#3774);
#922=VERTEX_POINT('',#3836);
#923=VERTEX_POINT('',#3837);
#924=VERTEX_POINT('',#3911);
#925=VERTEX_POINT('',#3912);
#926=VERTEX_POINT('',#3998);
#927=VERTEX_POINT('',#3999);
#928=VERTEX_POINT('',#4085);
#929=VERTEX_POINT('',#4086);
#930=VERTEX_POINT('',#4175);
#931=VERTEX_POINT('',#4176);
#932=VERTEX_POINT('',#4262);
#933=VERTEX_POINT('',#4263);
#934=VERTEX_POINT('',#4349);
#935=VERTEX_POINT('',#4350);
#936=VERTEX_POINT('',#4352);
#937=VERTEX_POINT('',#4426);
#938=VERTEX_POINT('',#4427);
#939=VERTEX_POINT('',#4429);
#940=VERTEX_POINT('',#4442);
#941=VERTEX_POINT('',#4452);
#942=VERTEX_POINT('',#4453);
#943=VERTEX_POINT('',#4488);
#944=VERTEX_POINT('',#4489);
#945=VERTEX_POINT('',#4526);
#946=VERTEX_POINT('',#4527);
#947=VERTEX_POINT('',#4563);
#948=VERTEX_POINT('',#4564);
#949=VERTEX_POINT('',#4600);
#950=VERTEX_POINT('',#4601);
#951=VERTEX_POINT('',#4638);
#952=VERTEX_POINT('',#4639);
#953=VERTEX_POINT('',#4674);
#954=VERTEX_POINT('',#4675);
#955=VERTEX_POINT('',#4702);
#956=VERTEX_POINT('',#4703);
#957=VERTEX_POINT('',#4736);
#958=VERTEX_POINT('',#4737);
#959=VERTEX_POINT('',#4774);
#960=VERTEX_POINT('',#4775);
#961=VERTEX_POINT('',#4811);
#962=VERTEX_POINT('',#4812);
#963=VERTEX_POINT('',#4848);
#964=VERTEX_POINT('',#4849);
#965=VERTEX_POINT('',#4886);
#966=VERTEX_POINT('',#4887);
#967=VERTEX_POINT('',#4922);
#968=VERTEX_POINT('',#5023);
#969=VERTEX_POINT('',#5025);
#970=VERTEX_POINT('',#5072);
#971=VERTEX_POINT('',#5127);
#972=VERTEX_POINT('',#6588);
#973=VERTEX_POINT('',#6589);
#974=VERTEX_POINT('',#6591);
#975=VERTEX_POINT('',#6593);
#976=VERTEX_POINT('',#6597);
#977=VERTEX_POINT('',#6598);
#978=VERTEX_POINT('',#6603);
#979=VERTEX_POINT('',#6604);
#980=VERTEX_POINT('',#6609);
#981=VERTEX_POINT('',#6610);
#982=VERTEX_POINT('',#6615);
#983=VERTEX_POINT('',#6616);
#984=VERTEX_POINT('',#6621);
#985=VERTEX_POINT('',#6623);
#986=VERTEX_POINT('',#6632);
#987=VERTEX_POINT('',#6634);
#988=VERTEX_POINT('',#6643);
#989=VERTEX_POINT('',#6656);
#990=VERTEX_POINT('',#6658);
#991=VERTEX_POINT('',#6670);
#992=VERTEX_POINT('',#6687);
#993=VERTEX_POINT('',#6697);
#994=VERTEX_POINT('',#6714);
#995=VERTEX_POINT('',#6737);
#996=VERTEX_POINT('',#6739);
#997=VERTEX_POINT('',#6766);
#998=VERTEX_POINT('',#6793);
#999=VERTEX_POINT('',#6795);
#1000=VERTEX_POINT('',#6797);
#1001=VERTEX_POINT('',#6799);
#1002=VERTEX_POINT('',#6859);
#1003=VERTEX_POINT('',#6860);
#1004=VERTEX_POINT('',#6909);
#1005=VERTEX_POINT('',#6911);
#1006=VERTEX_POINT('',#6961);
#1007=VERTEX_POINT('',#6962);
#1008=VERTEX_POINT('',#7011);
#1009=VERTEX_POINT('',#7013);
#1010=VERTEX_POINT('',#7065);
#1011=VERTEX_POINT('',#7066);
#1012=VERTEX_POINT('',#7115);
#1013=VERTEX_POINT('',#7117);
#1014=VERTEX_POINT('',#7249);
#1015=VERTEX_POINT('',#7250);
#1016=VERTEX_POINT('',#7252);
#1017=VERTEX_POINT('',#7255);
#1018=VERTEX_POINT('',#7303);
#1019=VERTEX_POINT('',#7304);
#1020=VERTEX_POINT('',#7306);
#1021=VERTEX_POINT('',#7314);
#1022=VERTEX_POINT('',#7342);
#1023=VERTEX_POINT('',#7343);
#1024=VERTEX_POINT('',#7432);
#1025=VERTEX_POINT('',#7433);
#1026=VERTEX_POINT('',#7519);
#1027=VERTEX_POINT('',#7520);
#1028=VERTEX_POINT('',#7606);
#1029=VERTEX_POINT('',#7607);
#1030=VERTEX_POINT('',#7678);
#1031=VERTEX_POINT('',#7679);
#1032=VERTEX_POINT('',#7768);
#1033=VERTEX_POINT('',#7769);
#1034=VERTEX_POINT('',#7771);
#1035=VERTEX_POINT('',#7797);
#1036=VERTEX_POINT('',#7840);
#1037=VERTEX_POINT('',#7841);
#1038=VERTEX_POINT('',#7843);
#1039=VERTEX_POINT('',#7850);
#1040=VERTEX_POINT('',#7851);
#1041=VERTEX_POINT('',#7853);
#1042=VERTEX_POINT('',#7885);
#1043=VERTEX_POINT('',#7886);
#1044=VERTEX_POINT('',#7923);
#1045=VERTEX_POINT('',#7924);
#1046=VERTEX_POINT('',#7960);
#1047=VERTEX_POINT('',#7961);
#1048=VERTEX_POINT('',#7993);
#1049=VERTEX_POINT('',#7994);
#1050=VERTEX_POINT('',#8029);
#1051=VERTEX_POINT('',#8030);
#1052=VERTEX_POINT('',#8067);
#1053=VERTEX_POINT('',#8068);
#1054=VERTEX_POINT('',#8070);
#1055=VERTEX_POINT('',#8076);
#1056=VERTEX_POINT('',#9149);
#1057=VERTEX_POINT('',#9150);
#1058=VERTEX_POINT('',#9152);
#1059=VERTEX_POINT('',#9154);
#1060=VERTEX_POINT('',#9156);
#1061=VERTEX_POINT('',#9158);
#1062=VERTEX_POINT('',#9160);
#1063=VERTEX_POINT('',#9162);
#1064=VERTEX_POINT('',#9164);
#1065=VERTEX_POINT('',#9169);
#1066=VERTEX_POINT('',#9170);
#1067=VERTEX_POINT('',#9172);
#1068=VERTEX_POINT('',#9174);
#1069=VERTEX_POINT('',#9178);
#1070=VERTEX_POINT('',#9180);
#1071=VERTEX_POINT('',#9184);
#1072=VERTEX_POINT('',#9186);
#1073=VERTEX_POINT('',#9188);
#1074=VERTEX_POINT('',#9190);
#1075=VERTEX_POINT('',#9194);
#1076=VERTEX_POINT('',#9198);
#1077=VERTEX_POINT('',#9202);
#1078=VERTEX_POINT('',#9204);
#1079=VERTEX_POINT('',#9208);
#1080=VERTEX_POINT('',#9209);
#1081=VERTEX_POINT('',#9211);
#1082=VERTEX_POINT('',#9218);
#1083=VERTEX_POINT('',#9222);
#1084=VERTEX_POINT('',#9227);
#1085=VERTEX_POINT('',#9229);
#1086=VERTEX_POINT('',#9231);
#1087=VERTEX_POINT('',#9233);
#1088=VERTEX_POINT('',#9235);
#1089=VERTEX_POINT('',#9237);
#1090=VERTEX_POINT('',#9239);
#1091=VERTEX_POINT('',#9261);
#1092=VERTEX_POINT('',#9262);
#1093=VERTEX_POINT('',#9264);
#1094=VERTEX_POINT('',#9266);
#1095=VERTEX_POINT('',#9270);
#1096=VERTEX_POINT('',#9272);
#1097=VERTEX_POINT('',#9276);
#1098=VERTEX_POINT('',#9278);
#1099=VERTEX_POINT('',#9280);
#1100=VERTEX_POINT('',#9282);
#1101=VERTEX_POINT('',#9284);
#1102=VERTEX_POINT('',#9286);
#1103=VERTEX_POINT('',#9288);
#1104=VERTEX_POINT('',#9292);
#1105=VERTEX_POINT('',#9293);
#1106=VERTEX_POINT('',#9295);
#1107=VERTEX_POINT('',#9297);
#1108=VERTEX_POINT('',#9301);
#1109=VERTEX_POINT('',#9303);
#1110=VERTEX_POINT('',#9305);
#1111=VERTEX_POINT('',#9307);
#1112=VERTEX_POINT('',#9311);
#1113=VERTEX_POINT('',#9313);
#1114=VERTEX_POINT('',#9315);
#1115=VERTEX_POINT('',#9317);
#1116=VERTEX_POINT('',#9321);
#1117=VERTEX_POINT('',#9323);
#1118=VERTEX_POINT('',#9327);
#1119=VERTEX_POINT('',#9335);
#1120=VERTEX_POINT('',#9337);
#1121=VERTEX_POINT('',#9339);
#1122=VERTEX_POINT('',#9341);
#1123=VERTEX_POINT('',#9343);
#1124=VERTEX_POINT('',#9347);
#1125=VERTEX_POINT('',#9356);
#1126=VERTEX_POINT('',#9371);
#1127=VERTEX_POINT('',#9372);
#1128=VERTEX_POINT('',#9413);
#1129=VERTEX_POINT('',#9414);
#1130=VERTEX_POINT('',#9430);
#1131=VERTEX_POINT('',#9447);
#1132=VERTEX_POINT('',#9448);
#1133=VERTEX_POINT('',#9489);
#1134=VERTEX_POINT('',#9491);
#1135=VERTEX_POINT('',#9506);
#1136=EDGE_CURVE('',#904,#905,#602,.T.);
#1137=EDGE_CURVE('',#904,#906,#470,.T.);
#1138=EDGE_CURVE('',#907,#906,#402,.F.);
#1139=EDGE_CURVE('',#907,#905,#471,.T.);
#1140=EDGE_CURVE('',#908,#909,#603,.T.);
#1141=EDGE_CURVE('',#908,#904,#472,.T.);
#1142=EDGE_CURVE('',#905,#909,#473,.T.);
#1143=EDGE_CURVE('',#910,#911,#604,.T.);
#1144=EDGE_CURVE('',#910,#908,#474,.T.);
#1145=EDGE_CURVE('',#909,#911,#475,.T.);
#1146=EDGE_CURVE('',#912,#913,#605,.T.);
#1147=EDGE_CURVE('',#912,#910,#476,.T.);
#1148=EDGE_CURVE('',#911,#913,#477,.T.);
#1149=EDGE_CURVE('',#914,#915,#606,.T.);
#1150=EDGE_CURVE('',#914,#912,#478,.T.);
#1151=EDGE_CURVE('',#913,#915,#479,.T.);
#1152=EDGE_CURVE('',#916,#917,#607,.T.);
#1153=EDGE_CURVE('',#916,#914,#480,.T.);
#1154=EDGE_CURVE('',#915,#917,#481,.T.);
#1155=EDGE_CURVE('',#918,#919,#608,.T.);
#1156=EDGE_CURVE('',#918,#916,#482,.T.);
#1157=EDGE_CURVE('',#917,#919,#483,.T.);
#1158=EDGE_CURVE('',#920,#921,#609,.T.);
#1159=EDGE_CURVE('',#920,#918,#484,.T.);
#1160=EDGE_CURVE('',#919,#921,#485,.T.);
#1161=EDGE_CURVE('',#922,#923,#610,.T.);
#1162=EDGE_CURVE('',#922,#920,#486,.T.);
#1163=EDGE_CURVE('',#921,#923,#487,.T.);
#1164=EDGE_CURVE('',#924,#925,#611,.T.);
#1165=EDGE_CURVE('',#924,#922,#488,.T.);
#1166=EDGE_CURVE('',#923,#925,#489,.T.);
#1167=EDGE_CURVE('',#926,#927,#612,.T.);
#1168=EDGE_CURVE('',#926,#924,#490,.T.);
#1169=EDGE_CURVE('',#925,#927,#491,.T.);
#1170=EDGE_CURVE('',#928,#929,#613,.T.);
#1171=EDGE_CURVE('',#928,#926,#492,.T.);
#1172=EDGE_CURVE('',#927,#929,#493,.T.);
#1173=EDGE_CURVE('',#930,#931,#614,.T.);
#1174=EDGE_CURVE('',#930,#928,#494,.T.);
#1175=EDGE_CURVE('',#929,#931,#495,.T.);
#1176=EDGE_CURVE('',#932,#933,#615,.T.);
#1177=EDGE_CURVE('',#932,#930,#496,.T.);
#1178=EDGE_CURVE('',#931,#933,#497,.T.);
#1179=EDGE_CURVE('',#934,#935,#616,.T.);
#1180=EDGE_CURVE('',#936,#934,#403,.F.);
#1181=EDGE_CURVE('',#936,#932,#498,.T.);
#1182=EDGE_CURVE('',#933,#935,#499,.T.);
#1183=EDGE_CURVE('',#937,#938,#617,.T.);
#1184=EDGE_CURVE('',#937,#939,#500,.T.);
#1185=EDGE_CURVE('',#940,#939,#404,.T.);
#1186=EDGE_CURVE('',#938,#940,#501,.T.);
#1187=EDGE_CURVE('',#941,#942,#618,.T.);
#1188=EDGE_CURVE('',#941,#937,#502,.T.);
#1189=EDGE_CURVE('',#942,#938,#503,.T.);
#1190=EDGE_CURVE('',#943,#944,#619,.T.);
#1191=EDGE_CURVE('',#943,#941,#504,.T.);
#1192=EDGE_CURVE('',#944,#942,#505,.T.);
#1193=EDGE_CURVE('',#945,#946,#620,.T.);
#1194=EDGE_CURVE('',#945,#943,#506,.T.);
#1195=EDGE_CURVE('',#946,#944,#507,.T.);
#1196=EDGE_CURVE('',#947,#948,#621,.T.);
#1197=EDGE_CURVE('',#947,#945,#508,.T.);
#1198=EDGE_CURVE('',#948,#946,#509,.T.);
#1199=EDGE_CURVE('',#949,#950,#622,.T.);
#1200=EDGE_CURVE('',#949,#947,#510,.T.);
#1201=EDGE_CURVE('',#950,#948,#511,.T.);
#1202=EDGE_CURVE('',#951,#952,#623,.T.);
#1203=EDGE_CURVE('',#951,#949,#512,.T.);
#1204=EDGE_CURVE('',#952,#950,#513,.T.);
#1205=EDGE_CURVE('',#953,#954,#624,.T.);
#1206=EDGE_CURVE('',#953,#951,#514,.T.);
#1207=EDGE_CURVE('',#954,#952,#515,.T.);
#1208=EDGE_CURVE('',#955,#956,#625,.T.);
#1209=EDGE_CURVE('',#955,#953,#516,.T.);
#1210=EDGE_CURVE('',#956,#954,#517,.T.);
#1211=EDGE_CURVE('',#957,#958,#626,.T.);
#1212=EDGE_CURVE('',#957,#955,#518,.T.);
#1213=EDGE_CURVE('',#958,#956,#519,.T.);
#1214=EDGE_CURVE('',#959,#960,#627,.T.);
#1215=EDGE_CURVE('',#959,#957,#520,.T.);
#1216=EDGE_CURVE('',#960,#958,#521,.T.);
#1217=EDGE_CURVE('',#961,#962,#628,.T.);
#1218=EDGE_CURVE('',#961,#959,#522,.T.);
#1219=EDGE_CURVE('',#962,#960,#523,.T.);
#1220=EDGE_CURVE('',#963,#964,#629,.T.);
#1221=EDGE_CURVE('',#963,#961,#524,.T.);
#1222=EDGE_CURVE('',#964,#962,#525,.T.);
#1223=EDGE_CURVE('',#965,#966,#630,.T.);
#1224=EDGE_CURVE('',#965,#963,#526,.T.);
#1225=EDGE_CURVE('',#966,#964,#527,.T.);
#1226=EDGE_CURVE('',#967,#940,#528,.T.);
#1227=EDGE_CURVE('',#939,#936,#529,.T.);
#1228=EDGE_CURVE('',#934,#967,#405,.F.);
#1229=EDGE_CURVE('',#968,#968,#406,.T.);
#1230=EDGE_CURVE('',#969,#907,#530,.T.);
#1231=EDGE_CURVE('',#906,#970,#531,.T.);
#1232=EDGE_CURVE('',#970,#969,#407,.T.);
#1233=EDGE_CURVE('',#971,#971,#408,.T.);
#1234=EDGE_CURVE('',#971,#968,#631,.T.);
#1235=EDGE_CURVE('',#935,#967,#532,.T.);
#1236=EDGE_CURVE('',#969,#966,#533,.T.);
#1237=EDGE_CURVE('',#970,#965,#534,.T.);
#1238=EDGE_CURVE('',#972,#973,#409,.T.);
#1239=EDGE_CURVE('',#973,#974,#632,.T.);
#1240=EDGE_CURVE('',#974,#975,#410,.T.);
#1241=EDGE_CURVE('',#975,#972,#633,.T.);
#1242=EDGE_CURVE('',#976,#977,#411,.T.);
#1243=EDGE_CURVE('',#977,#975,#412,.T.);
#1244=EDGE_CURVE('',#974,#976,#413,.T.);
#1245=EDGE_CURVE('',#978,#979,#414,.T.);
#1246=EDGE_CURVE('',#979,#977,#634,.T.);
#1247=EDGE_CURVE('',#976,#978,#635,.T.);
#1248=EDGE_CURVE('',#980,#981,#415,.T.);
#1249=EDGE_CURVE('',#981,#979,#416,.T.);
#1250=EDGE_CURVE('',#978,#980,#417,.T.);
#1251=EDGE_CURVE('',#982,#983,#418,.T.);
#1252=EDGE_CURVE('',#983,#981,#636,.T.);
#1253=EDGE_CURVE('',#980,#982,#637,.T.);
#1254=EDGE_CURVE('',#973,#984,#419,.T.);
#1255=EDGE_CURVE('',#984,#985,#638,.T.);
#1256=EDGE_CURVE('',#985,#982,#420,.T.);
#1257=EDGE_CURVE('',#982,#973,#639,.T.);
#1258=EDGE_CURVE('',#985,#983,#421,.T.);
#1259=EDGE_CURVE('',#972,#984,#422,.T.);
#1260=EDGE_CURVE('',#981,#986,#640,.T.);
#1261=EDGE_CURVE('',#986,#987,#535,.T.);
#1262=EDGE_CURVE('',#987,#988,#536,.T.);
#1263=EDGE_CURVE('',#988,#979,#641,.T.);
#1264=EDGE_CURVE('',#989,#983,#642,.T.);
#1265=EDGE_CURVE('',#989,#990,#537,.T.);
#1266=EDGE_CURVE('',#990,#986,#538,.F.);
#1267=EDGE_CURVE('',#985,#991,#643,.T.);
#1268=EDGE_CURVE('',#991,#989,#539,.T.);
#1269=EDGE_CURVE('',#992,#984,#644,.T.);
#1270=EDGE_CURVE('',#992,#991,#540,.T.);
#1271=EDGE_CURVE('',#972,#993,#645,.T.);
#1272=EDGE_CURVE('',#993,#992,#541,.T.);
#1273=EDGE_CURVE('',#994,#975,#646,.T.);
#1274=EDGE_CURVE('',#994,#993,#647,.T.);
#1275=EDGE_CURVE('',#990,#995,#648,.T.);
#1276=EDGE_CURVE('',#995,#996,#423,.T.);
#1277=EDGE_CURVE('',#987,#996,#649,.T.);
#1278=EDGE_CURVE('',#993,#997,#650,.T.);
#1279=EDGE_CURVE('',#997,#995,#424,.T.);
#1280=EDGE_CURVE('',#996,#998,#425,.T.);
#1281=EDGE_CURVE('',#998,#999,#426,.T.);
#1282=EDGE_CURVE('',#1000,#999,#651,.T.);
#1283=EDGE_CURVE('',#1001,#1000,#542,.T.);
#1284=EDGE_CURVE('',#1001,#988,#652,.T.);
#1285=EDGE_CURVE('',#977,#1001,#653,.T.);
#1286=EDGE_CURVE('',#1000,#994,#543,.T.);
#1287=EDGE_CURVE('',#999,#997,#427,.T.);
#1288=EDGE_CURVE('',#1002,#1003,#544,.T.);
#1289=EDGE_CURVE('',#1003,#1002,#545,.T.);
#1290=EDGE_CURVE('',#1003,#1004,#654,.T.);
#1291=EDGE_CURVE('',#1005,#1004,#546,.T.);
#1292=EDGE_CURVE('',#1004,#1005,#547,.T.);
#1293=EDGE_CURVE('',#1006,#1007,#548,.T.);
#1294=EDGE_CURVE('',#1007,#1006,#549,.T.);
#1295=EDGE_CURVE('',#1007,#1008,#655,.T.);
#1296=EDGE_CURVE('',#1009,#1008,#550,.T.);
#1297=EDGE_CURVE('',#1008,#1009,#551,.T.);
#1298=EDGE_CURVE('',#1010,#1011,#552,.T.);
#1299=EDGE_CURVE('',#1011,#1010,#553,.T.);
#1300=EDGE_CURVE('',#1011,#1012,#656,.T.);
#1301=EDGE_CURVE('',#1013,#1012,#554,.T.);
#1302=EDGE_CURVE('',#1012,#1013,#555,.T.);
#1303=EDGE_CURVE('',#1014,#1015,#428,.T.);
#1304=EDGE_CURVE('',#1015,#1016,#429,.T.);
#1305=EDGE_CURVE('',#1016,#1014,#430,.T.);
#1306=EDGE_CURVE('',#1014,#1017,#431,.T.);
#1307=EDGE_CURVE('',#1017,#1017,#556,.F.);
#1308=EDGE_CURVE('',#1014,#998,#657,.T.);
#1309=EDGE_CURVE('',#1018,#1019,#658,.T.);
#1310=EDGE_CURVE('',#1019,#1020,#557,.T.);
#1311=EDGE_CURVE('',#1021,#1020,#432,.T.);
#1312=EDGE_CURVE('',#1021,#1018,#558,.T.);
#1313=EDGE_CURVE('',#1022,#1023,#659,.T.);
#1314=EDGE_CURVE('',#1023,#1019,#559,.T.);
#1315=EDGE_CURVE('',#1018,#1022,#560,.T.);
#1316=EDGE_CURVE('',#1024,#1025,#660,.T.);
#1317=EDGE_CURVE('',#1025,#1023,#561,.T.);
#1318=EDGE_CURVE('',#1022,#1024,#562,.T.);
#1319=EDGE_CURVE('',#1026,#1027,#661,.T.);
#1320=EDGE_CURVE('',#1027,#1025,#563,.T.);
#1321=EDGE_CURVE('',#1024,#1026,#564,.T.);
#1322=EDGE_CURVE('',#1028,#1029,#662,.T.);
#1323=EDGE_CURVE('',#1029,#1027,#565,.T.);
#1324=EDGE_CURVE('',#1026,#1028,#566,.T.);
#1325=EDGE_CURVE('',#1030,#1031,#663,.T.);
#1326=EDGE_CURVE('',#1031,#1029,#567,.T.);
#1327=EDGE_CURVE('',#1028,#1030,#568,.T.);
#1328=EDGE_CURVE('',#1032,#1033,#664,.T.);
#1329=EDGE_CURVE('',#1032,#1034,#569,.T.);
#1330=EDGE_CURVE('',#1035,#1034,#433,.F.);
#1331=EDGE_CURVE('',#1035,#1033,#570,.T.);
#1332=EDGE_CURVE('',#1036,#1037,#665,.T.);
#1333=EDGE_CURVE('',#1038,#1037,#434,.T.);
#1334=EDGE_CURVE('',#1036,#1038,#571,.T.);
#1335=EDGE_CURVE('',#1039,#1040,#666,.T.);
#1336=EDGE_CURVE('',#1040,#1041,#572,.T.);
#1337=EDGE_CURVE('',#1037,#1041,#435,.T.);
#1338=EDGE_CURVE('',#1039,#1036,#573,.T.);
#1339=EDGE_CURVE('',#1042,#1043,#667,.T.);
#1340=EDGE_CURVE('',#1043,#1040,#574,.T.);
#1341=EDGE_CURVE('',#1042,#1039,#575,.T.);
#1342=EDGE_CURVE('',#1044,#1045,#668,.T.);
#1343=EDGE_CURVE('',#1045,#1043,#576,.T.);
#1344=EDGE_CURVE('',#1044,#1042,#577,.T.);
#1345=EDGE_CURVE('',#1046,#1047,#669,.T.);
#1346=EDGE_CURVE('',#1047,#1045,#578,.T.);
#1347=EDGE_CURVE('',#1046,#1044,#579,.T.);
#1348=EDGE_CURVE('',#1048,#1049,#670,.T.);
#1349=EDGE_CURVE('',#1049,#1047,#580,.T.);
#1350=EDGE_CURVE('',#1048,#1046,#581,.T.);
#1351=EDGE_CURVE('',#1050,#1051,#671,.T.);
#1352=EDGE_CURVE('',#1051,#1049,#582,.T.);
#1353=EDGE_CURVE('',#1050,#1048,#583,.T.);
#1354=EDGE_CURVE('',#1052,#1053,#672,.T.);
#1355=EDGE_CURVE('',#1054,#1052,#584,.T.);
#1356=EDGE_CURVE('',#1055,#1054,#436,.T.);
#1357=EDGE_CURVE('',#1055,#1053,#585,.T.);
#1358=EDGE_CURVE('',#1053,#1051,#586,.T.);
#1359=EDGE_CURVE('',#1052,#1050,#587,.T.);
#1360=EDGE_CURVE('',#1041,#1021,#588,.T.);
#1361=EDGE_CURVE('',#1034,#1055,#589,.T.);
#1362=EDGE_CURVE('',#1030,#1032,#590,.T.);
#1363=EDGE_CURVE('',#1020,#1038,#591,.T.);
#1364=EDGE_CURVE('',#1033,#1031,#592,.T.);
#1365=EDGE_CURVE('',#1054,#1035,#593,.T.);
#1366=EDGE_CURVE('',#1056,#1057,#673,.T.);
#1367=EDGE_CURVE('',#1058,#1056,#674,.T.);
#1368=EDGE_CURVE('',#1059,#1058,#675,.T.);
#1369=EDGE_CURVE('',#1060,#1059,#676,.T.);
#1370=EDGE_CURVE('',#1061,#1060,#677,.T.);
#1371=EDGE_CURVE('',#1062,#1061,#678,.T.);
#1372=EDGE_CURVE('',#1063,#1062,#679,.T.);
#1373=EDGE_CURVE('',#1064,#1063,#437,.T.);
#1374=EDGE_CURVE('',#1057,#1064,#680,.T.);
#1375=EDGE_CURVE('',#1065,#1066,#438,.T.);
#1376=EDGE_CURVE('',#1066,#1067,#681,.T.);
#1377=EDGE_CURVE('',#1067,#1068,#439,.F.);
#1378=EDGE_CURVE('',#1068,#1065,#682,.T.);
#1379=EDGE_CURVE('',#1066,#1069,#683,.T.);
#1380=EDGE_CURVE('',#1070,#1069,#684,.T.);
#1381=EDGE_CURVE('',#1070,#1067,#685,.F.);
#1382=EDGE_CURVE('',#1071,#1065,#686,.T.);
#1383=EDGE_CURVE('',#1072,#1071,#687,.T.);
#1384=EDGE_CURVE('',#1073,#1072,#440,.T.);
#1385=EDGE_CURVE('',#1074,#1073,#688,.T.);
#1386=EDGE_CURVE('',#1069,#1074,#441,.T.);
#1387=EDGE_CURVE('',#1074,#1075,#689,.T.);
#1388=EDGE_CURVE('',#1075,#1070,#442,.F.);
#1389=EDGE_CURVE('',#1076,#1073,#690,.T.);
#1390=EDGE_CURVE('',#1076,#1075,#691,.F.);
#1391=EDGE_CURVE('',#1057,#1077,#443,.T.);
#1392=EDGE_CURVE('',#1077,#1078,#692,.T.);
#1393=EDGE_CURVE('',#1078,#1056,#444,.T.);
#1394=EDGE_CURVE('',#1079,#1080,#445,.T.);
#1395=EDGE_CURVE('',#1080,#1081,#693,.T.);
#1396=EDGE_CURVE('',#1081,#1078,#446,.T.);
#1397=EDGE_CURVE('',#1078,#1079,#694,.T.);
#1398=EDGE_CURVE('',#1081,#1056,#447,.T.);
#1399=EDGE_CURVE('',#1081,#1082,#695,.T.);
#1400=EDGE_CURVE('',#1082,#1058,#448,.T.);
#1401=EDGE_CURVE('',#1080,#1083,#696,.F.);
#1402=EDGE_CURVE('',#1083,#1082,#697,.T.);
#1403=EDGE_CURVE('',#1068,#1079,#698,.T.);
#1404=EDGE_CURVE('',#1084,#1076,#449,.F.);
#1405=EDGE_CURVE('',#1085,#1084,#699,.F.);
#1406=EDGE_CURVE('',#1086,#1085,#450,.T.);
#1407=EDGE_CURVE('',#1087,#1086,#700,.F.);
#1408=EDGE_CURVE('',#1088,#1087,#701,.F.);
#1409=EDGE_CURVE('',#1089,#1088,#702,.F.);
#1410=EDGE_CURVE('',#1090,#1089,#703,.F.);
#1411=EDGE_CURVE('',#1083,#1090,#704,.F.);
#1412=EDGE_CURVE('',#1063,#1086,#705,.T.);
#1413=EDGE_CURVE('',#1085,#1064,#706,.T.);
#1414=EDGE_CURVE('',#1087,#1062,#707,.T.);
#1415=EDGE_CURVE('',#1072,#1084,#708,.T.);
#1416=EDGE_CURVE('',#1071,#1077,#709,.T.);
#1417=EDGE_CURVE('',#1090,#1059,#710,.F.);
#1418=EDGE_CURVE('',#1089,#1060,#711,.T.);
#1419=EDGE_CURVE('',#1088,#1061,#712,.F.);
#1420=EDGE_CURVE('',#1091,#1092,#451,.T.);
#1421=EDGE_CURVE('',#1092,#1093,#713,.T.);
#1422=EDGE_CURVE('',#1093,#1094,#452,.T.);
#1423=EDGE_CURVE('',#1094,#1091,#714,.T.);
#1424=EDGE_CURVE('',#1095,#1092,#715,.T.);
#1425=EDGE_CURVE('',#1096,#1095,#716,.T.);
#1426=EDGE_CURVE('',#1093,#1096,#717,.F.);
#1427=EDGE_CURVE('',#1091,#1097,#718,.T.);
#1428=EDGE_CURVE('',#1097,#1098,#719,.F.);
#1429=EDGE_CURVE('',#1098,#1099,#720,.F.);
#1430=EDGE_CURVE('',#1099,#1100,#721,.T.);
#1431=EDGE_CURVE('',#1101,#1100,#722,.T.);
#1432=EDGE_CURVE('',#1102,#1101,#723,.T.);
#1433=EDGE_CURVE('',#1102,#1103,#724,.T.);
#1434=EDGE_CURVE('',#1095,#1103,#453,.T.);
#1435=EDGE_CURVE('',#1104,#1105,#454,.T.);
#1436=EDGE_CURVE('',#1105,#1106,#725,.T.);
#1437=EDGE_CURVE('',#1106,#1107,#455,.F.);
#1438=EDGE_CURVE('',#1107,#1104,#726,.T.);
#1439=EDGE_CURVE('',#1106,#1108,#727,.F.);
#1440=EDGE_CURVE('',#1109,#1105,#728,.T.);
#1441=EDGE_CURVE('',#1109,#1110,#729,.T.);
#1442=EDGE_CURVE('',#1111,#1110,#730,.T.);
#1443=EDGE_CURVE('',#1108,#1111,#731,.T.);
#1444=EDGE_CURVE('',#1104,#1112,#732,.T.);
#1445=EDGE_CURVE('',#1113,#1112,#456,.T.);
#1446=EDGE_CURVE('',#1113,#1114,#733,.T.);
#1447=EDGE_CURVE('',#1115,#1114,#457,.T.);
#1448=EDGE_CURVE('',#1115,#1109,#734,.T.);
#1449=EDGE_CURVE('',#1112,#1116,#735,.T.);
#1450=EDGE_CURVE('',#1116,#1117,#458,.F.);
#1451=EDGE_CURVE('',#1117,#1113,#736,.T.);
#1452=EDGE_CURVE('',#1118,#1117,#737,.F.);
#1453=EDGE_CURVE('',#1114,#1118,#738,.T.);
#1454=EDGE_CURVE('',#1103,#1115,#739,.T.);
#1455=EDGE_CURVE('',#1118,#1096,#459,.T.);
#1456=EDGE_CURVE('',#1116,#1107,#740,.F.);
#1457=EDGE_CURVE('',#1119,#1108,#460,.T.);
#1458=EDGE_CURVE('',#1119,#1120,#741,.F.);
#1459=EDGE_CURVE('',#1120,#1121,#742,.F.);
#1460=EDGE_CURVE('',#1121,#1122,#743,.T.);
#1461=EDGE_CURVE('',#1122,#1123,#744,.T.);
#1462=EDGE_CURVE('',#1123,#1094,#745,.F.);
#1463=EDGE_CURVE('',#1111,#1124,#461,.T.);
#1464=EDGE_CURVE('',#1124,#1119,#746,.T.);
#1465=EDGE_CURVE('',#1110,#1102,#462,.T.);
#1466=EDGE_CURVE('',#1101,#1111,#463,.T.);
#1467=EDGE_CURVE('',#1101,#1124,#464,.T.);
#1468=EDGE_CURVE('',#1125,#1124,#747,.T.);
#1469=EDGE_CURVE('',#1120,#1125,#748,.T.);
#1470=EDGE_CURVE('',#1100,#1125,#465,.T.);
#1471=EDGE_CURVE('',#1121,#1099,#749,.T.);
#1472=EDGE_CURVE('',#1122,#1098,#750,.T.);
#1473=EDGE_CURVE('',#1123,#1097,#751,.T.);
#1474=EDGE_CURVE('',#1126,#1127,#594,.F.);
#1475=EDGE_CURVE('',#1127,#1126,#595,.F.);
#1476=EDGE_CURVE('',#1128,#1129,#596,.T.);
#1477=EDGE_CURVE('',#1129,#1127,#466,.T.);
#1478=EDGE_CURVE('',#1129,#1130,#597,.T.);
#1479=EDGE_CURVE('',#1128,#1130,#467,.T.);
#1480=EDGE_CURVE('',#1131,#1132,#598,.F.);
#1481=EDGE_CURVE('',#1132,#1131,#599,.F.);
#1482=EDGE_CURVE('',#1132,#1133,#468,.T.);
#1483=EDGE_CURVE('',#1134,#1133,#600,.T.);
#1484=EDGE_CURVE('',#1135,#1134,#469,.T.);
#1485=EDGE_CURVE('',#1133,#1135,#601,.T.);
#1486=EDGE_CURVE('',#1135,#1134,#27,.T.);
#1487=EDGE_CURVE('',#1130,#1128,#28,.T.);
#1488=EDGE_CURVE('',#1133,#1129,#752,.T.);
#1489=ORIENTED_EDGE('',*,*,#1136,.F.);
#1490=ORIENTED_EDGE('',*,*,#1137,.T.);
#1491=ORIENTED_EDGE('',*,*,#1138,.F.);
#1492=ORIENTED_EDGE('',*,*,#1139,.T.);
#1493=ORIENTED_EDGE('',*,*,#1140,.F.);
#1494=ORIENTED_EDGE('',*,*,#1141,.T.);
#1495=ORIENTED_EDGE('',*,*,#1136,.T.);
#1496=ORIENTED_EDGE('',*,*,#1142,.T.);
#1497=ORIENTED_EDGE('',*,*,#1143,.F.);
#1498=ORIENTED_EDGE('',*,*,#1144,.T.);
#1499=ORIENTED_EDGE('',*,*,#1140,.T.);
#1500=ORIENTED_EDGE('',*,*,#1145,.T.);
#1501=ORIENTED_EDGE('',*,*,#1146,.F.);
#1502=ORIENTED_EDGE('',*,*,#1147,.T.);
#1503=ORIENTED_EDGE('',*,*,#1143,.T.);
#1504=ORIENTED_EDGE('',*,*,#1148,.T.);
#1505=ORIENTED_EDGE('',*,*,#1149,.F.);
#1506=ORIENTED_EDGE('',*,*,#1150,.T.);
#1507=ORIENTED_EDGE('',*,*,#1146,.T.);
#1508=ORIENTED_EDGE('',*,*,#1151,.T.);
#1509=ORIENTED_EDGE('',*,*,#1152,.F.);
#1510=ORIENTED_EDGE('',*,*,#1153,.T.);
#1511=ORIENTED_EDGE('',*,*,#1149,.T.);
#1512=ORIENTED_EDGE('',*,*,#1154,.T.);
#1513=ORIENTED_EDGE('',*,*,#1155,.F.);
#1514=ORIENTED_EDGE('',*,*,#1156,.T.);
#1515=ORIENTED_EDGE('',*,*,#1152,.T.);
#1516=ORIENTED_EDGE('',*,*,#1157,.T.);
#1517=ORIENTED_EDGE('',*,*,#1158,.F.);
#1518=ORIENTED_EDGE('',*,*,#1159,.T.);
#1519=ORIENTED_EDGE('',*,*,#1155,.T.);
#1520=ORIENTED_EDGE('',*,*,#1160,.T.);
#1521=ORIENTED_EDGE('',*,*,#1161,.F.);
#1522=ORIENTED_EDGE('',*,*,#1162,.T.);
#1523=ORIENTED_EDGE('',*,*,#1158,.T.);
#1524=ORIENTED_EDGE('',*,*,#1163,.T.);
#1525=ORIENTED_EDGE('',*,*,#1164,.F.);
#1526=ORIENTED_EDGE('',*,*,#1165,.T.);
#1527=ORIENTED_EDGE('',*,*,#1161,.T.);
#1528=ORIENTED_EDGE('',*,*,#1166,.T.);
#1529=ORIENTED_EDGE('',*,*,#1167,.F.);
#1530=ORIENTED_EDGE('',*,*,#1168,.T.);
#1531=ORIENTED_EDGE('',*,*,#1164,.T.);
#1532=ORIENTED_EDGE('',*,*,#1169,.T.);
#1533=ORIENTED_EDGE('',*,*,#1170,.F.);
#1534=ORIENTED_EDGE('',*,*,#1171,.T.);
#1535=ORIENTED_EDGE('',*,*,#1167,.T.);
#1536=ORIENTED_EDGE('',*,*,#1172,.T.);
#1537=ORIENTED_EDGE('',*,*,#1173,.F.);
#1538=ORIENTED_EDGE('',*,*,#1174,.T.);
#1539=ORIENTED_EDGE('',*,*,#1170,.T.);
#1540=ORIENTED_EDGE('',*,*,#1175,.T.);
#1541=ORIENTED_EDGE('',*,*,#1176,.F.);
#1542=ORIENTED_EDGE('',*,*,#1177,.T.);
#1543=ORIENTED_EDGE('',*,*,#1173,.T.);
#1544=ORIENTED_EDGE('',*,*,#1178,.T.);
#1545=ORIENTED_EDGE('',*,*,#1179,.F.);
#1546=ORIENTED_EDGE('',*,*,#1180,.F.);
#1547=ORIENTED_EDGE('',*,*,#1181,.T.);
#1548=ORIENTED_EDGE('',*,*,#1176,.T.);
#1549=ORIENTED_EDGE('',*,*,#1182,.T.);
#1550=ORIENTED_EDGE('',*,*,#1183,.F.);
#1551=ORIENTED_EDGE('',*,*,#1184,.T.);
#1552=ORIENTED_EDGE('',*,*,#1185,.F.);
#1553=ORIENTED_EDGE('',*,*,#1186,.F.);
#1554=ORIENTED_EDGE('',*,*,#1187,.F.);
#1555=ORIENTED_EDGE('',*,*,#1188,.T.);
#1556=ORIENTED_EDGE('',*,*,#1183,.T.);
#1557=ORIENTED_EDGE('',*,*,#1189,.F.);
#1558=ORIENTED_EDGE('',*,*,#1190,.F.);
#1559=ORIENTED_EDGE('',*,*,#1191,.T.);
#1560=ORIENTED_EDGE('',*,*,#1187,.T.);
#1561=ORIENTED_EDGE('',*,*,#1192,.F.);
#1562=ORIENTED_EDGE('',*,*,#1193,.F.);
#1563=ORIENTED_EDGE('',*,*,#1194,.T.);
#1564=ORIENTED_EDGE('',*,*,#1190,.T.);
#1565=ORIENTED_EDGE('',*,*,#1195,.F.);
#1566=ORIENTED_EDGE('',*,*,#1196,.F.);
#1567=ORIENTED_EDGE('',*,*,#1197,.T.);
#1568=ORIENTED_EDGE('',*,*,#1193,.T.);
#1569=ORIENTED_EDGE('',*,*,#1198,.F.);
#1570=ORIENTED_EDGE('',*,*,#1199,.F.);
#1571=ORIENTED_EDGE('',*,*,#1200,.T.);
#1572=ORIENTED_EDGE('',*,*,#1196,.T.);
#1573=ORIENTED_EDGE('',*,*,#1201,.F.);
#1574=ORIENTED_EDGE('',*,*,#1202,.F.);
#1575=ORIENTED_EDGE('',*,*,#1203,.T.);
#1576=ORIENTED_EDGE('',*,*,#1199,.T.);
#1577=ORIENTED_EDGE('',*,*,#1204,.F.);
#1578=ORIENTED_EDGE('',*,*,#1205,.F.);
#1579=ORIENTED_EDGE('',*,*,#1206,.T.);
#1580=ORIENTED_EDGE('',*,*,#1202,.T.);
#1581=ORIENTED_EDGE('',*,*,#1207,.F.);
#1582=ORIENTED_EDGE('',*,*,#1208,.F.);
#1583=ORIENTED_EDGE('',*,*,#1209,.T.);
#1584=ORIENTED_EDGE('',*,*,#1205,.T.);
#1585=ORIENTED_EDGE('',*,*,#1210,.F.);
#1586=ORIENTED_EDGE('',*,*,#1211,.F.);
#1587=ORIENTED_EDGE('',*,*,#1212,.T.);
#1588=ORIENTED_EDGE('',*,*,#1208,.T.);
#1589=ORIENTED_EDGE('',*,*,#1213,.F.);
#1590=ORIENTED_EDGE('',*,*,#1214,.F.);
#1591=ORIENTED_EDGE('',*,*,#1215,.T.);
#1592=ORIENTED_EDGE('',*,*,#1211,.T.);
#1593=ORIENTED_EDGE('',*,*,#1216,.F.);
#1594=ORIENTED_EDGE('',*,*,#1217,.F.);
#1595=ORIENTED_EDGE('',*,*,#1218,.T.);
#1596=ORIENTED_EDGE('',*,*,#1214,.T.);
#1597=ORIENTED_EDGE('',*,*,#1219,.F.);
#1598=ORIENTED_EDGE('',*,*,#1220,.F.);
#1599=ORIENTED_EDGE('',*,*,#1221,.T.);
#1600=ORIENTED_EDGE('',*,*,#1217,.T.);
#1601=ORIENTED_EDGE('',*,*,#1222,.F.);
#1602=ORIENTED_EDGE('',*,*,#1223,.F.);
#1603=ORIENTED_EDGE('',*,*,#1224,.T.);
#1604=ORIENTED_EDGE('',*,*,#1220,.T.);
#1605=ORIENTED_EDGE('',*,*,#1225,.F.);
#1606=ORIENTED_EDGE('',*,*,#1226,.T.);
#1607=ORIENTED_EDGE('',*,*,#1185,.T.);
#1608=ORIENTED_EDGE('',*,*,#1227,.T.);
#1609=ORIENTED_EDGE('',*,*,#1180,.T.);
#1610=ORIENTED_EDGE('',*,*,#1228,.T.);
#1611=ORIENTED_EDGE('',*,*,#1229,.T.);
#1612=ORIENTED_EDGE('',*,*,#1230,.T.);
#1613=ORIENTED_EDGE('',*,*,#1138,.T.);
#1614=ORIENTED_EDGE('',*,*,#1231,.T.);
#1615=ORIENTED_EDGE('',*,*,#1232,.T.);
#1616=ORIENTED_EDGE('',*,*,#1233,.F.);
#1617=ORIENTED_EDGE('',*,*,#1234,.T.);
#1618=ORIENTED_EDGE('',*,*,#1229,.F.);
#1619=ORIENTED_EDGE('',*,*,#1234,.F.);
#1620=ORIENTED_EDGE('',*,*,#1233,.T.);
#1621=ORIENTED_EDGE('',*,*,#1226,.F.);
#1622=ORIENTED_EDGE('',*,*,#1235,.F.);
#1623=ORIENTED_EDGE('',*,*,#1182,.F.);
#1624=ORIENTED_EDGE('',*,*,#1178,.F.);
#1625=ORIENTED_EDGE('',*,*,#1175,.F.);
#1626=ORIENTED_EDGE('',*,*,#1172,.F.);
#1627=ORIENTED_EDGE('',*,*,#1169,.F.);
#1628=ORIENTED_EDGE('',*,*,#1166,.F.);
#1629=ORIENTED_EDGE('',*,*,#1163,.F.);
#1630=ORIENTED_EDGE('',*,*,#1160,.F.);
#1631=ORIENTED_EDGE('',*,*,#1157,.F.);
#1632=ORIENTED_EDGE('',*,*,#1154,.F.);
#1633=ORIENTED_EDGE('',*,*,#1151,.F.);
#1634=ORIENTED_EDGE('',*,*,#1148,.F.);
#1635=ORIENTED_EDGE('',*,*,#1145,.F.);
#1636=ORIENTED_EDGE('',*,*,#1142,.F.);
#1637=ORIENTED_EDGE('',*,*,#1139,.F.);
#1638=ORIENTED_EDGE('',*,*,#1230,.F.);
#1639=ORIENTED_EDGE('',*,*,#1236,.T.);
#1640=ORIENTED_EDGE('',*,*,#1225,.T.);
#1641=ORIENTED_EDGE('',*,*,#1222,.T.);
#1642=ORIENTED_EDGE('',*,*,#1219,.T.);
#1643=ORIENTED_EDGE('',*,*,#1216,.T.);
#1644=ORIENTED_EDGE('',*,*,#1213,.T.);
#1645=ORIENTED_EDGE('',*,*,#1210,.T.);
#1646=ORIENTED_EDGE('',*,*,#1207,.T.);
#1647=ORIENTED_EDGE('',*,*,#1204,.T.);
#1648=ORIENTED_EDGE('',*,*,#1201,.T.);
#1649=ORIENTED_EDGE('',*,*,#1198,.T.);
#1650=ORIENTED_EDGE('',*,*,#1195,.T.);
#1651=ORIENTED_EDGE('',*,*,#1192,.T.);
#1652=ORIENTED_EDGE('',*,*,#1189,.T.);
#1653=ORIENTED_EDGE('',*,*,#1186,.T.);
#1654=ORIENTED_EDGE('',*,*,#1223,.T.);
#1655=ORIENTED_EDGE('',*,*,#1236,.F.);
#1656=ORIENTED_EDGE('',*,*,#1232,.F.);
#1657=ORIENTED_EDGE('',*,*,#1237,.T.);
#1658=ORIENTED_EDGE('',*,*,#1227,.F.);
#1659=ORIENTED_EDGE('',*,*,#1184,.F.);
#1660=ORIENTED_EDGE('',*,*,#1188,.F.);
#1661=ORIENTED_EDGE('',*,*,#1191,.F.);
#1662=ORIENTED_EDGE('',*,*,#1194,.F.);
#1663=ORIENTED_EDGE('',*,*,#1197,.F.);
#1664=ORIENTED_EDGE('',*,*,#1200,.F.);
#1665=ORIENTED_EDGE('',*,*,#1203,.F.);
#1666=ORIENTED_EDGE('',*,*,#1206,.F.);
#1667=ORIENTED_EDGE('',*,*,#1209,.F.);
#1668=ORIENTED_EDGE('',*,*,#1212,.F.);
#1669=ORIENTED_EDGE('',*,*,#1215,.F.);
#1670=ORIENTED_EDGE('',*,*,#1218,.F.);
#1671=ORIENTED_EDGE('',*,*,#1221,.F.);
#1672=ORIENTED_EDGE('',*,*,#1224,.F.);
#1673=ORIENTED_EDGE('',*,*,#1237,.F.);
#1674=ORIENTED_EDGE('',*,*,#1231,.F.);
#1675=ORIENTED_EDGE('',*,*,#1137,.F.);
#1676=ORIENTED_EDGE('',*,*,#1141,.F.);
#1677=ORIENTED_EDGE('',*,*,#1144,.F.);
#1678=ORIENTED_EDGE('',*,*,#1147,.F.);
#1679=ORIENTED_EDGE('',*,*,#1150,.F.);
#1680=ORIENTED_EDGE('',*,*,#1153,.F.);
#1681=ORIENTED_EDGE('',*,*,#1156,.F.);
#1682=ORIENTED_EDGE('',*,*,#1159,.F.);
#1683=ORIENTED_EDGE('',*,*,#1162,.F.);
#1684=ORIENTED_EDGE('',*,*,#1165,.F.);
#1685=ORIENTED_EDGE('',*,*,#1168,.F.);
#1686=ORIENTED_EDGE('',*,*,#1171,.F.);
#1687=ORIENTED_EDGE('',*,*,#1174,.F.);
#1688=ORIENTED_EDGE('',*,*,#1177,.F.);
#1689=ORIENTED_EDGE('',*,*,#1181,.F.);
#1690=ORIENTED_EDGE('',*,*,#1179,.T.);
#1691=ORIENTED_EDGE('',*,*,#1235,.T.);
#1692=ORIENTED_EDGE('',*,*,#1228,.F.);
#1693=ORIENTED_EDGE('',*,*,#1238,.T.);
#1694=ORIENTED_EDGE('',*,*,#1239,.T.);
#1695=ORIENTED_EDGE('',*,*,#1240,.T.);
#1696=ORIENTED_EDGE('',*,*,#1241,.T.);
#1697=ORIENTED_EDGE('',*,*,#1242,.T.);
#1698=ORIENTED_EDGE('',*,*,#1243,.T.);
#1699=ORIENTED_EDGE('',*,*,#1240,.F.);
#1700=ORIENTED_EDGE('',*,*,#1244,.T.);
#1701=ORIENTED_EDGE('',*,*,#1245,.T.);
#1702=ORIENTED_EDGE('',*,*,#1246,.T.);
#1703=ORIENTED_EDGE('',*,*,#1242,.F.);
#1704=ORIENTED_EDGE('',*,*,#1247,.T.);
#1705=ORIENTED_EDGE('',*,*,#1248,.T.);
#1706=ORIENTED_EDGE('',*,*,#1249,.T.);
#1707=ORIENTED_EDGE('',*,*,#1245,.F.);
#1708=ORIENTED_EDGE('',*,*,#1250,.T.);
#1709=ORIENTED_EDGE('',*,*,#1251,.T.);
#1710=ORIENTED_EDGE('',*,*,#1252,.T.);
#1711=ORIENTED_EDGE('',*,*,#1248,.F.);
#1712=ORIENTED_EDGE('',*,*,#1253,.T.);
#1713=ORIENTED_EDGE('',*,*,#1254,.T.);
#1714=ORIENTED_EDGE('',*,*,#1255,.T.);
#1715=ORIENTED_EDGE('',*,*,#1256,.T.);
#1716=ORIENTED_EDGE('',*,*,#1257,.T.);
#1717=ORIENTED_EDGE('',*,*,#1256,.F.);
#1718=ORIENTED_EDGE('',*,*,#1258,.T.);
#1719=ORIENTED_EDGE('',*,*,#1251,.F.);
#1720=ORIENTED_EDGE('',*,*,#1238,.F.);
#1721=ORIENTED_EDGE('',*,*,#1259,.T.);
#1722=ORIENTED_EDGE('',*,*,#1254,.F.);
#1723=ORIENTED_EDGE('',*,*,#1249,.F.);
#1724=ORIENTED_EDGE('',*,*,#1260,.T.);
#1725=ORIENTED_EDGE('',*,*,#1261,.T.);
#1726=ORIENTED_EDGE('',*,*,#1262,.T.);
#1727=ORIENTED_EDGE('',*,*,#1263,.T.);
#1728=ORIENTED_EDGE('',*,*,#1252,.F.);
#1729=ORIENTED_EDGE('',*,*,#1264,.F.);
#1730=ORIENTED_EDGE('',*,*,#1265,.T.);
#1731=ORIENTED_EDGE('',*,*,#1266,.T.);
#1732=ORIENTED_EDGE('',*,*,#1260,.F.);
#1733=ORIENTED_EDGE('',*,*,#1258,.F.);
#1734=ORIENTED_EDGE('',*,*,#1267,.T.);
#1735=ORIENTED_EDGE('',*,*,#1268,.T.);
#1736=ORIENTED_EDGE('',*,*,#1264,.T.);
#1737=ORIENTED_EDGE('',*,*,#1255,.F.);
#1738=ORIENTED_EDGE('',*,*,#1269,.F.);
#1739=ORIENTED_EDGE('',*,*,#1270,.T.);
#1740=ORIENTED_EDGE('',*,*,#1267,.F.);
#1741=ORIENTED_EDGE('',*,*,#1239,.F.);
#1742=ORIENTED_EDGE('',*,*,#1257,.F.);
#1743=ORIENTED_EDGE('',*,*,#1253,.F.);
#1744=ORIENTED_EDGE('',*,*,#1250,.F.);
#1745=ORIENTED_EDGE('',*,*,#1247,.F.);
#1746=ORIENTED_EDGE('',*,*,#1244,.F.);
#1747=ORIENTED_EDGE('',*,*,#1259,.F.);
#1748=ORIENTED_EDGE('',*,*,#1271,.T.);
#1749=ORIENTED_EDGE('',*,*,#1272,.T.);
#1750=ORIENTED_EDGE('',*,*,#1269,.T.);
#1751=ORIENTED_EDGE('',*,*,#1241,.F.);
#1752=ORIENTED_EDGE('',*,*,#1273,.F.);
#1753=ORIENTED_EDGE('',*,*,#1274,.T.);
#1754=ORIENTED_EDGE('',*,*,#1271,.F.);
#1755=ORIENTED_EDGE('',*,*,#1275,.T.);
#1756=ORIENTED_EDGE('',*,*,#1276,.T.);
#1757=ORIENTED_EDGE('',*,*,#1277,.F.);
#1758=ORIENTED_EDGE('',*,*,#1261,.F.);
#1759=ORIENTED_EDGE('',*,*,#1266,.F.);
#1760=ORIENTED_EDGE('',*,*,#1272,.F.);
#1761=ORIENTED_EDGE('',*,*,#1278,.T.);
#1762=ORIENTED_EDGE('',*,*,#1279,.T.);
#1763=ORIENTED_EDGE('',*,*,#1275,.F.);
#1764=ORIENTED_EDGE('',*,*,#1265,.F.);
#1765=ORIENTED_EDGE('',*,*,#1268,.F.);
#1766=ORIENTED_EDGE('',*,*,#1270,.F.);
#1767=ORIENTED_EDGE('',*,*,#1262,.F.);
#1768=ORIENTED_EDGE('',*,*,#1277,.T.);
#1769=ORIENTED_EDGE('',*,*,#1280,.T.);
#1770=ORIENTED_EDGE('',*,*,#1281,.T.);
#1771=ORIENTED_EDGE('',*,*,#1282,.F.);
#1772=ORIENTED_EDGE('',*,*,#1283,.F.);
#1773=ORIENTED_EDGE('',*,*,#1284,.T.);
#1774=ORIENTED_EDGE('',*,*,#1246,.F.);
#1775=ORIENTED_EDGE('',*,*,#1263,.F.);
#1776=ORIENTED_EDGE('',*,*,#1284,.F.);
#1777=ORIENTED_EDGE('',*,*,#1285,.F.);
#1778=ORIENTED_EDGE('',*,*,#1274,.F.);
#1779=ORIENTED_EDGE('',*,*,#1286,.F.);
#1780=ORIENTED_EDGE('',*,*,#1282,.T.);
#1781=ORIENTED_EDGE('',*,*,#1287,.T.);
#1782=ORIENTED_EDGE('',*,*,#1278,.F.);
#1783=ORIENTED_EDGE('',*,*,#1243,.F.);
#1784=ORIENTED_EDGE('',*,*,#1285,.T.);
#1785=ORIENTED_EDGE('',*,*,#1283,.T.);
#1786=ORIENTED_EDGE('',*,*,#1286,.T.);
#1787=ORIENTED_EDGE('',*,*,#1273,.T.);
#1788=ORIENTED_EDGE('',*,*,#1288,.F.);
#1789=ORIENTED_EDGE('',*,*,#1289,.F.);
#1790=ORIENTED_EDGE('',*,*,#1290,.T.);
#1791=ORIENTED_EDGE('',*,*,#1291,.F.);
#1792=ORIENTED_EDGE('',*,*,#1292,.F.);
#1793=ORIENTED_EDGE('',*,*,#1290,.F.);
#1794=ORIENTED_EDGE('',*,*,#1293,.F.);
#1795=ORIENTED_EDGE('',*,*,#1294,.F.);
#1796=ORIENTED_EDGE('',*,*,#1295,.T.);
#1797=ORIENTED_EDGE('',*,*,#1296,.F.);
#1798=ORIENTED_EDGE('',*,*,#1297,.F.);
#1799=ORIENTED_EDGE('',*,*,#1295,.F.);
#1800=ORIENTED_EDGE('',*,*,#1298,.F.);
#1801=ORIENTED_EDGE('',*,*,#1299,.F.);
#1802=ORIENTED_EDGE('',*,*,#1300,.T.);
#1803=ORIENTED_EDGE('',*,*,#1301,.F.);
#1804=ORIENTED_EDGE('',*,*,#1302,.F.);
#1805=ORIENTED_EDGE('',*,*,#1300,.F.);
#1806=ORIENTED_EDGE('',*,*,#1303,.T.);
#1807=ORIENTED_EDGE('',*,*,#1304,.T.);
#1808=ORIENTED_EDGE('',*,*,#1305,.T.);
#1809=ORIENTED_EDGE('',*,*,#1306,.T.);
#1810=ORIENTED_EDGE('',*,*,#1307,.F.);
#1811=ORIENTED_EDGE('',*,*,#1306,.F.);
#1812=ORIENTED_EDGE('',*,*,#1288,.T.);
#1813=ORIENTED_EDGE('',*,*,#1289,.T.);
#1814=ORIENTED_EDGE('',*,*,#1291,.T.);
#1815=ORIENTED_EDGE('',*,*,#1292,.T.);
#1816=ORIENTED_EDGE('',*,*,#1293,.T.);
#1817=ORIENTED_EDGE('',*,*,#1294,.T.);
#1818=ORIENTED_EDGE('',*,*,#1296,.T.);
#1819=ORIENTED_EDGE('',*,*,#1297,.T.);
#1820=ORIENTED_EDGE('',*,*,#1298,.T.);
#1821=ORIENTED_EDGE('',*,*,#1299,.T.);
#1822=ORIENTED_EDGE('',*,*,#1301,.T.);
#1823=ORIENTED_EDGE('',*,*,#1302,.T.);
#1824=ORIENTED_EDGE('',*,*,#1307,.T.);
#1825=ORIENTED_EDGE('',*,*,#1303,.F.);
#1826=ORIENTED_EDGE('',*,*,#1308,.T.);
#1827=ORIENTED_EDGE('',*,*,#1280,.F.);
#1828=ORIENTED_EDGE('',*,*,#1276,.F.);
#1829=ORIENTED_EDGE('',*,*,#1279,.F.);
#1830=ORIENTED_EDGE('',*,*,#1287,.F.);
#1831=ORIENTED_EDGE('',*,*,#1281,.F.);
#1832=ORIENTED_EDGE('',*,*,#1308,.F.);
#1833=ORIENTED_EDGE('',*,*,#1305,.F.);
#1834=ORIENTED_EDGE('',*,*,#1304,.F.);
#1835=ORIENTED_EDGE('',*,*,#1309,.T.);
#1836=ORIENTED_EDGE('',*,*,#1310,.T.);
#1837=ORIENTED_EDGE('',*,*,#1311,.F.);
#1838=ORIENTED_EDGE('',*,*,#1312,.T.);
#1839=ORIENTED_EDGE('',*,*,#1313,.T.);
#1840=ORIENTED_EDGE('',*,*,#1314,.T.);
#1841=ORIENTED_EDGE('',*,*,#1309,.F.);
#1842=ORIENTED_EDGE('',*,*,#1315,.T.);
#1843=ORIENTED_EDGE('',*,*,#1316,.T.);
#1844=ORIENTED_EDGE('',*,*,#1317,.T.);
#1845=ORIENTED_EDGE('',*,*,#1313,.F.);
#1846=ORIENTED_EDGE('',*,*,#1318,.T.);
#1847=ORIENTED_EDGE('',*,*,#1319,.T.);
#1848=ORIENTED_EDGE('',*,*,#1320,.T.);
#1849=ORIENTED_EDGE('',*,*,#1316,.F.);
#1850=ORIENTED_EDGE('',*,*,#1321,.T.);
#1851=ORIENTED_EDGE('',*,*,#1322,.T.);
#1852=ORIENTED_EDGE('',*,*,#1323,.T.);
#1853=ORIENTED_EDGE('',*,*,#1319,.F.);
#1854=ORIENTED_EDGE('',*,*,#1324,.T.);
#1855=ORIENTED_EDGE('',*,*,#1325,.T.);
#1856=ORIENTED_EDGE('',*,*,#1326,.T.);
#1857=ORIENTED_EDGE('',*,*,#1322,.F.);
#1858=ORIENTED_EDGE('',*,*,#1327,.T.);
#1859=ORIENTED_EDGE('',*,*,#1328,.F.);
#1860=ORIENTED_EDGE('',*,*,#1329,.T.);
#1861=ORIENTED_EDGE('',*,*,#1330,.F.);
#1862=ORIENTED_EDGE('',*,*,#1331,.T.);
#1863=ORIENTED_EDGE('',*,*,#1332,.T.);
#1864=ORIENTED_EDGE('',*,*,#1333,.F.);
#1865=ORIENTED_EDGE('',*,*,#1334,.F.);
#1866=ORIENTED_EDGE('',*,*,#1335,.T.);
#1867=ORIENTED_EDGE('',*,*,#1336,.T.);
#1868=ORIENTED_EDGE('',*,*,#1337,.F.);
#1869=ORIENTED_EDGE('',*,*,#1332,.F.);
#1870=ORIENTED_EDGE('',*,*,#1338,.F.);
#1871=ORIENTED_EDGE('',*,*,#1339,.T.);
#1872=ORIENTED_EDGE('',*,*,#1340,.T.);
#1873=ORIENTED_EDGE('',*,*,#1335,.F.);
#1874=ORIENTED_EDGE('',*,*,#1341,.F.);
#1875=ORIENTED_EDGE('',*,*,#1342,.T.);
#1876=ORIENTED_EDGE('',*,*,#1343,.T.);
#1877=ORIENTED_EDGE('',*,*,#1339,.F.);
#1878=ORIENTED_EDGE('',*,*,#1344,.F.);
#1879=ORIENTED_EDGE('',*,*,#1345,.T.);
#1880=ORIENTED_EDGE('',*,*,#1346,.T.);
#1881=ORIENTED_EDGE('',*,*,#1342,.F.);
#1882=ORIENTED_EDGE('',*,*,#1347,.F.);
#1883=ORIENTED_EDGE('',*,*,#1348,.T.);
#1884=ORIENTED_EDGE('',*,*,#1349,.T.);
#1885=ORIENTED_EDGE('',*,*,#1345,.F.);
#1886=ORIENTED_EDGE('',*,*,#1350,.F.);
#1887=ORIENTED_EDGE('',*,*,#1351,.T.);
#1888=ORIENTED_EDGE('',*,*,#1352,.T.);
#1889=ORIENTED_EDGE('',*,*,#1348,.F.);
#1890=ORIENTED_EDGE('',*,*,#1353,.F.);
#1891=ORIENTED_EDGE('',*,*,#1354,.F.);
#1892=ORIENTED_EDGE('',*,*,#1355,.F.);
#1893=ORIENTED_EDGE('',*,*,#1356,.F.);
#1894=ORIENTED_EDGE('',*,*,#1357,.T.);
#1895=ORIENTED_EDGE('',*,*,#1354,.T.);
#1896=ORIENTED_EDGE('',*,*,#1358,.T.);
#1897=ORIENTED_EDGE('',*,*,#1351,.F.);
#1898=ORIENTED_EDGE('',*,*,#1359,.F.);
#1899=ORIENTED_EDGE('',*,*,#1360,.F.);
#1900=ORIENTED_EDGE('',*,*,#1336,.F.);
#1901=ORIENTED_EDGE('',*,*,#1340,.F.);
#1902=ORIENTED_EDGE('',*,*,#1343,.F.);
#1903=ORIENTED_EDGE('',*,*,#1346,.F.);
#1904=ORIENTED_EDGE('',*,*,#1349,.F.);
#1905=ORIENTED_EDGE('',*,*,#1352,.F.);
#1906=ORIENTED_EDGE('',*,*,#1358,.F.);
#1907=ORIENTED_EDGE('',*,*,#1357,.F.);
#1908=ORIENTED_EDGE('',*,*,#1361,.F.);
#1909=ORIENTED_EDGE('',*,*,#1329,.F.);
#1910=ORIENTED_EDGE('',*,*,#1362,.F.);
#1911=ORIENTED_EDGE('',*,*,#1327,.F.);
#1912=ORIENTED_EDGE('',*,*,#1324,.F.);
#1913=ORIENTED_EDGE('',*,*,#1321,.F.);
#1914=ORIENTED_EDGE('',*,*,#1318,.F.);
#1915=ORIENTED_EDGE('',*,*,#1315,.F.);
#1916=ORIENTED_EDGE('',*,*,#1312,.F.);
#1917=ORIENTED_EDGE('',*,*,#1363,.F.);
#1918=ORIENTED_EDGE('',*,*,#1310,.F.);
#1919=ORIENTED_EDGE('',*,*,#1314,.F.);
#1920=ORIENTED_EDGE('',*,*,#1317,.F.);
#1921=ORIENTED_EDGE('',*,*,#1320,.F.);
#1922=ORIENTED_EDGE('',*,*,#1323,.F.);
#1923=ORIENTED_EDGE('',*,*,#1326,.F.);
#1924=ORIENTED_EDGE('',*,*,#1364,.F.);
#1925=ORIENTED_EDGE('',*,*,#1331,.F.);
#1926=ORIENTED_EDGE('',*,*,#1365,.F.);
#1927=ORIENTED_EDGE('',*,*,#1355,.T.);
#1928=ORIENTED_EDGE('',*,*,#1359,.T.);
#1929=ORIENTED_EDGE('',*,*,#1353,.T.);
#1930=ORIENTED_EDGE('',*,*,#1350,.T.);
#1931=ORIENTED_EDGE('',*,*,#1347,.T.);
#1932=ORIENTED_EDGE('',*,*,#1344,.T.);
#1933=ORIENTED_EDGE('',*,*,#1341,.T.);
#1934=ORIENTED_EDGE('',*,*,#1338,.T.);
#1935=ORIENTED_EDGE('',*,*,#1334,.T.);
#1936=ORIENTED_EDGE('',*,*,#1366,.F.);
#1937=ORIENTED_EDGE('',*,*,#1367,.F.);
#1938=ORIENTED_EDGE('',*,*,#1368,.F.);
#1939=ORIENTED_EDGE('',*,*,#1369,.F.);
#1940=ORIENTED_EDGE('',*,*,#1370,.F.);
#1941=ORIENTED_EDGE('',*,*,#1371,.F.);
#1942=ORIENTED_EDGE('',*,*,#1372,.F.);
#1943=ORIENTED_EDGE('',*,*,#1373,.F.);
#1944=ORIENTED_EDGE('',*,*,#1374,.F.);
#1945=ORIENTED_EDGE('',*,*,#1363,.T.);
#1946=ORIENTED_EDGE('',*,*,#1333,.T.);
#1947=ORIENTED_EDGE('',*,*,#1337,.T.);
#1948=ORIENTED_EDGE('',*,*,#1360,.T.);
#1949=ORIENTED_EDGE('',*,*,#1311,.T.);
#1950=ORIENTED_EDGE('',*,*,#1328,.T.);
#1951=ORIENTED_EDGE('',*,*,#1364,.T.);
#1952=ORIENTED_EDGE('',*,*,#1325,.F.);
#1953=ORIENTED_EDGE('',*,*,#1362,.T.);
#1954=ORIENTED_EDGE('',*,*,#1375,.T.);
#1955=ORIENTED_EDGE('',*,*,#1376,.T.);
#1956=ORIENTED_EDGE('',*,*,#1377,.T.);
#1957=ORIENTED_EDGE('',*,*,#1378,.T.);
#1958=ORIENTED_EDGE('',*,*,#1376,.F.);
#1959=ORIENTED_EDGE('',*,*,#1379,.T.);
#1960=ORIENTED_EDGE('',*,*,#1380,.F.);
#1961=ORIENTED_EDGE('',*,*,#1381,.T.);
#1962=ORIENTED_EDGE('',*,*,#1375,.F.);
#1963=ORIENTED_EDGE('',*,*,#1382,.F.);
#1964=ORIENTED_EDGE('',*,*,#1383,.F.);
#1965=ORIENTED_EDGE('',*,*,#1384,.F.);
#1966=ORIENTED_EDGE('',*,*,#1385,.F.);
#1967=ORIENTED_EDGE('',*,*,#1386,.F.);
#1968=ORIENTED_EDGE('',*,*,#1379,.F.);
#1969=ORIENTED_EDGE('',*,*,#1386,.T.);
#1970=ORIENTED_EDGE('',*,*,#1387,.T.);
#1971=ORIENTED_EDGE('',*,*,#1388,.T.);
#1972=ORIENTED_EDGE('',*,*,#1380,.T.);
#1973=ORIENTED_EDGE('',*,*,#1387,.F.);
#1974=ORIENTED_EDGE('',*,*,#1385,.T.);
#1975=ORIENTED_EDGE('',*,*,#1389,.F.);
#1976=ORIENTED_EDGE('',*,*,#1390,.T.);
#1977=ORIENTED_EDGE('',*,*,#1391,.T.);
#1978=ORIENTED_EDGE('',*,*,#1392,.T.);
#1979=ORIENTED_EDGE('',*,*,#1393,.T.);
#1980=ORIENTED_EDGE('',*,*,#1366,.T.);
#1981=ORIENTED_EDGE('',*,*,#1394,.T.);
#1982=ORIENTED_EDGE('',*,*,#1395,.T.);
#1983=ORIENTED_EDGE('',*,*,#1396,.T.);
#1984=ORIENTED_EDGE('',*,*,#1397,.T.);
#1985=ORIENTED_EDGE('',*,*,#1396,.F.);
#1986=ORIENTED_EDGE('',*,*,#1398,.T.);
#1987=ORIENTED_EDGE('',*,*,#1393,.F.);
#1988=ORIENTED_EDGE('',*,*,#1398,.F.);
#1989=ORIENTED_EDGE('',*,*,#1399,.T.);
#1990=ORIENTED_EDGE('',*,*,#1400,.T.);
#1991=ORIENTED_EDGE('',*,*,#1367,.T.);
#1992=ORIENTED_EDGE('',*,*,#1395,.F.);
#1993=ORIENTED_EDGE('',*,*,#1401,.T.);
#1994=ORIENTED_EDGE('',*,*,#1402,.T.);
#1995=ORIENTED_EDGE('',*,*,#1399,.F.);
#1996=ORIENTED_EDGE('',*,*,#1394,.F.);
#1997=ORIENTED_EDGE('',*,*,#1403,.F.);
#1998=ORIENTED_EDGE('',*,*,#1377,.F.);
#1999=ORIENTED_EDGE('',*,*,#1381,.F.);
#2000=ORIENTED_EDGE('',*,*,#1388,.F.);
#2001=ORIENTED_EDGE('',*,*,#1390,.F.);
#2002=ORIENTED_EDGE('',*,*,#1404,.F.);
#2003=ORIENTED_EDGE('',*,*,#1405,.F.);
#2004=ORIENTED_EDGE('',*,*,#1406,.F.);
#2005=ORIENTED_EDGE('',*,*,#1407,.F.);
#2006=ORIENTED_EDGE('',*,*,#1408,.F.);
#2007=ORIENTED_EDGE('',*,*,#1409,.F.);
#2008=ORIENTED_EDGE('',*,*,#1410,.F.);
#2009=ORIENTED_EDGE('',*,*,#1411,.F.);
#2010=ORIENTED_EDGE('',*,*,#1401,.F.);
#2011=ORIENTED_EDGE('',*,*,#1365,.T.);
#2012=ORIENTED_EDGE('',*,*,#1330,.T.);
#2013=ORIENTED_EDGE('',*,*,#1361,.T.);
#2014=ORIENTED_EDGE('',*,*,#1356,.T.);
#2015=ORIENTED_EDGE('',*,*,#1373,.T.);
#2016=ORIENTED_EDGE('',*,*,#1412,.T.);
#2017=ORIENTED_EDGE('',*,*,#1406,.T.);
#2018=ORIENTED_EDGE('',*,*,#1413,.T.);
#2019=ORIENTED_EDGE('',*,*,#1412,.F.);
#2020=ORIENTED_EDGE('',*,*,#1372,.T.);
#2021=ORIENTED_EDGE('',*,*,#1414,.F.);
#2022=ORIENTED_EDGE('',*,*,#1407,.T.);
#2023=ORIENTED_EDGE('',*,*,#1384,.T.);
#2024=ORIENTED_EDGE('',*,*,#1415,.T.);
#2025=ORIENTED_EDGE('',*,*,#1404,.T.);
#2026=ORIENTED_EDGE('',*,*,#1389,.T.);
#2027=ORIENTED_EDGE('',*,*,#1391,.F.);
#2028=ORIENTED_EDGE('',*,*,#1374,.T.);
#2029=ORIENTED_EDGE('',*,*,#1413,.F.);
#2030=ORIENTED_EDGE('',*,*,#1405,.T.);
#2031=ORIENTED_EDGE('',*,*,#1415,.F.);
#2032=ORIENTED_EDGE('',*,*,#1383,.T.);
#2033=ORIENTED_EDGE('',*,*,#1416,.T.);
#2034=ORIENTED_EDGE('',*,*,#1403,.T.);
#2035=ORIENTED_EDGE('',*,*,#1397,.F.);
#2036=ORIENTED_EDGE('',*,*,#1392,.F.);
#2037=ORIENTED_EDGE('',*,*,#1416,.F.);
#2038=ORIENTED_EDGE('',*,*,#1382,.T.);
#2039=ORIENTED_EDGE('',*,*,#1378,.F.);
#2040=ORIENTED_EDGE('',*,*,#1400,.F.);
#2041=ORIENTED_EDGE('',*,*,#1402,.F.);
#2042=ORIENTED_EDGE('',*,*,#1411,.T.);
#2043=ORIENTED_EDGE('',*,*,#1417,.T.);
#2044=ORIENTED_EDGE('',*,*,#1368,.T.);
#2045=ORIENTED_EDGE('',*,*,#1410,.T.);
#2046=ORIENTED_EDGE('',*,*,#1418,.T.);
#2047=ORIENTED_EDGE('',*,*,#1369,.T.);
#2048=ORIENTED_EDGE('',*,*,#1417,.F.);
#2049=ORIENTED_EDGE('',*,*,#1409,.T.);
#2050=ORIENTED_EDGE('',*,*,#1419,.T.);
#2051=ORIENTED_EDGE('',*,*,#1370,.T.);
#2052=ORIENTED_EDGE('',*,*,#1418,.F.);
#2053=ORIENTED_EDGE('',*,*,#1408,.T.);
#2054=ORIENTED_EDGE('',*,*,#1414,.T.);
#2055=ORIENTED_EDGE('',*,*,#1371,.T.);
#2056=ORIENTED_EDGE('',*,*,#1419,.F.);
#2057=ORIENTED_EDGE('',*,*,#1420,.T.);
#2058=ORIENTED_EDGE('',*,*,#1421,.T.);
#2059=ORIENTED_EDGE('',*,*,#1422,.T.);
#2060=ORIENTED_EDGE('',*,*,#1423,.T.);
#2061=ORIENTED_EDGE('',*,*,#1421,.F.);
#2062=ORIENTED_EDGE('',*,*,#1424,.F.);
#2063=ORIENTED_EDGE('',*,*,#1425,.F.);
#2064=ORIENTED_EDGE('',*,*,#1426,.F.);
#2065=ORIENTED_EDGE('',*,*,#1420,.F.);
#2066=ORIENTED_EDGE('',*,*,#1427,.T.);
#2067=ORIENTED_EDGE('',*,*,#1428,.T.);
#2068=ORIENTED_EDGE('',*,*,#1429,.T.);
#2069=ORIENTED_EDGE('',*,*,#1430,.T.);
#2070=ORIENTED_EDGE('',*,*,#1431,.F.);
#2071=ORIENTED_EDGE('',*,*,#1432,.F.);
#2072=ORIENTED_EDGE('',*,*,#1433,.T.);
#2073=ORIENTED_EDGE('',*,*,#1434,.F.);
#2074=ORIENTED_EDGE('',*,*,#1424,.T.);
#2075=ORIENTED_EDGE('',*,*,#1435,.T.);
#2076=ORIENTED_EDGE('',*,*,#1436,.T.);
#2077=ORIENTED_EDGE('',*,*,#1437,.T.);
#2078=ORIENTED_EDGE('',*,*,#1438,.T.);
#2079=ORIENTED_EDGE('',*,*,#1439,.F.);
#2080=ORIENTED_EDGE('',*,*,#1436,.F.);
#2081=ORIENTED_EDGE('',*,*,#1440,.F.);
#2082=ORIENTED_EDGE('',*,*,#1441,.T.);
#2083=ORIENTED_EDGE('',*,*,#1442,.F.);
#2084=ORIENTED_EDGE('',*,*,#1443,.F.);
#2085=ORIENTED_EDGE('',*,*,#1435,.F.);
#2086=ORIENTED_EDGE('',*,*,#1444,.T.);
#2087=ORIENTED_EDGE('',*,*,#1445,.F.);
#2088=ORIENTED_EDGE('',*,*,#1446,.T.);
#2089=ORIENTED_EDGE('',*,*,#1447,.F.);
#2090=ORIENTED_EDGE('',*,*,#1448,.T.);
#2091=ORIENTED_EDGE('',*,*,#1440,.T.);
#2092=ORIENTED_EDGE('',*,*,#1445,.T.);
#2093=ORIENTED_EDGE('',*,*,#1449,.T.);
#2094=ORIENTED_EDGE('',*,*,#1450,.T.);
#2095=ORIENTED_EDGE('',*,*,#1451,.T.);
#2096=ORIENTED_EDGE('',*,*,#1451,.F.);
#2097=ORIENTED_EDGE('',*,*,#1452,.F.);
#2098=ORIENTED_EDGE('',*,*,#1453,.F.);
#2099=ORIENTED_EDGE('',*,*,#1446,.F.);
#2100=ORIENTED_EDGE('',*,*,#1434,.T.);
#2101=ORIENTED_EDGE('',*,*,#1454,.T.);
#2102=ORIENTED_EDGE('',*,*,#1447,.T.);
#2103=ORIENTED_EDGE('',*,*,#1453,.T.);
#2104=ORIENTED_EDGE('',*,*,#1455,.T.);
#2105=ORIENTED_EDGE('',*,*,#1425,.T.);
#2106=ORIENTED_EDGE('',*,*,#1422,.F.);
#2107=ORIENTED_EDGE('',*,*,#1426,.T.);
#2108=ORIENTED_EDGE('',*,*,#1455,.F.);
#2109=ORIENTED_EDGE('',*,*,#1452,.T.);
#2110=ORIENTED_EDGE('',*,*,#1450,.F.);
#2111=ORIENTED_EDGE('',*,*,#1456,.T.);
#2112=ORIENTED_EDGE('',*,*,#1437,.F.);
#2113=ORIENTED_EDGE('',*,*,#1439,.T.);
#2114=ORIENTED_EDGE('',*,*,#1457,.F.);
#2115=ORIENTED_EDGE('',*,*,#1458,.T.);
#2116=ORIENTED_EDGE('',*,*,#1459,.T.);
#2117=ORIENTED_EDGE('',*,*,#1460,.T.);
#2118=ORIENTED_EDGE('',*,*,#1461,.T.);
#2119=ORIENTED_EDGE('',*,*,#1462,.T.);
#2120=ORIENTED_EDGE('',*,*,#1457,.T.);
#2121=ORIENTED_EDGE('',*,*,#1443,.T.);
#2122=ORIENTED_EDGE('',*,*,#1463,.T.);
#2123=ORIENTED_EDGE('',*,*,#1464,.T.);
#2124=ORIENTED_EDGE('',*,*,#1465,.T.);
#2125=ORIENTED_EDGE('',*,*,#1432,.T.);
#2126=ORIENTED_EDGE('',*,*,#1466,.T.);
#2127=ORIENTED_EDGE('',*,*,#1442,.T.);
#2128=ORIENTED_EDGE('',*,*,#1466,.F.);
#2129=ORIENTED_EDGE('',*,*,#1467,.T.);
#2130=ORIENTED_EDGE('',*,*,#1463,.F.);
#2131=ORIENTED_EDGE('',*,*,#1464,.F.);
#2132=ORIENTED_EDGE('',*,*,#1468,.F.);
#2133=ORIENTED_EDGE('',*,*,#1469,.F.);
#2134=ORIENTED_EDGE('',*,*,#1458,.F.);
#2135=ORIENTED_EDGE('',*,*,#1467,.F.);
#2136=ORIENTED_EDGE('',*,*,#1431,.T.);
#2137=ORIENTED_EDGE('',*,*,#1470,.T.);
#2138=ORIENTED_EDGE('',*,*,#1468,.T.);
#2139=ORIENTED_EDGE('',*,*,#1438,.F.);
#2140=ORIENTED_EDGE('',*,*,#1456,.F.);
#2141=ORIENTED_EDGE('',*,*,#1449,.F.);
#2142=ORIENTED_EDGE('',*,*,#1444,.F.);
#2143=ORIENTED_EDGE('',*,*,#1454,.F.);
#2144=ORIENTED_EDGE('',*,*,#1433,.F.);
#2145=ORIENTED_EDGE('',*,*,#1465,.F.);
#2146=ORIENTED_EDGE('',*,*,#1441,.F.);
#2147=ORIENTED_EDGE('',*,*,#1448,.F.);
#2148=ORIENTED_EDGE('',*,*,#1470,.F.);
#2149=ORIENTED_EDGE('',*,*,#1430,.F.);
#2150=ORIENTED_EDGE('',*,*,#1471,.F.);
#2151=ORIENTED_EDGE('',*,*,#1459,.F.);
#2152=ORIENTED_EDGE('',*,*,#1469,.T.);
#2153=ORIENTED_EDGE('',*,*,#1460,.F.);
#2154=ORIENTED_EDGE('',*,*,#1471,.T.);
#2155=ORIENTED_EDGE('',*,*,#1429,.F.);
#2156=ORIENTED_EDGE('',*,*,#1472,.F.);
#2157=ORIENTED_EDGE('',*,*,#1461,.F.);
#2158=ORIENTED_EDGE('',*,*,#1472,.T.);
#2159=ORIENTED_EDGE('',*,*,#1428,.F.);
#2160=ORIENTED_EDGE('',*,*,#1473,.F.);
#2161=ORIENTED_EDGE('',*,*,#1423,.F.);
#2162=ORIENTED_EDGE('',*,*,#1462,.F.);
#2163=ORIENTED_EDGE('',*,*,#1473,.T.);
#2164=ORIENTED_EDGE('',*,*,#1427,.F.);
#2165=ORIENTED_EDGE('',*,*,#1474,.T.);
#2166=ORIENTED_EDGE('',*,*,#1475,.T.);
#2167=ORIENTED_EDGE('',*,*,#1476,.T.);
#2168=ORIENTED_EDGE('',*,*,#1477,.T.);
#2169=ORIENTED_EDGE('',*,*,#1474,.F.);
#2170=ORIENTED_EDGE('',*,*,#1475,.F.);
#2171=ORIENTED_EDGE('',*,*,#1477,.F.);
#2172=ORIENTED_EDGE('',*,*,#1478,.T.);
#2173=ORIENTED_EDGE('',*,*,#1479,.F.);
#2174=ORIENTED_EDGE('',*,*,#1480,.T.);
#2175=ORIENTED_EDGE('',*,*,#1481,.T.);
#2176=ORIENTED_EDGE('',*,*,#1480,.F.);
#2177=ORIENTED_EDGE('',*,*,#1481,.F.);
#2178=ORIENTED_EDGE('',*,*,#1482,.T.);
#2179=ORIENTED_EDGE('',*,*,#1483,.F.);
#2180=ORIENTED_EDGE('',*,*,#1484,.F.);
#2181=ORIENTED_EDGE('',*,*,#1485,.F.);
#2182=ORIENTED_EDGE('',*,*,#1482,.F.);
#2183=ORIENTED_EDGE('',*,*,#1486,.F.);
#2184=ORIENTED_EDGE('',*,*,#1484,.T.);
#2185=ORIENTED_EDGE('',*,*,#1487,.T.);
#2186=ORIENTED_EDGE('',*,*,#1479,.T.);
#2187=ORIENTED_EDGE('',*,*,#1483,.T.);
#2188=ORIENTED_EDGE('',*,*,#1488,.T.);
#2189=ORIENTED_EDGE('',*,*,#1476,.F.);
#2190=ORIENTED_EDGE('',*,*,#1487,.F.);
#2191=ORIENTED_EDGE('',*,*,#1478,.F.);
#2192=ORIENTED_EDGE('',*,*,#1488,.F.);
#2193=ORIENTED_EDGE('',*,*,#1485,.T.);
#2194=ORIENTED_EDGE('',*,*,#1486,.T.);
#2195=CYLINDRICAL_SURFACE('',#2457,4.73075);
#2196=CYLINDRICAL_SURFACE('',#2459,4.73075);
#2197=CYLINDRICAL_SURFACE('',#2460,4.73075);
#2198=CYLINDRICAL_SURFACE('',#2461,4.73075);
#2199=CYLINDRICAL_SURFACE('',#2462,4.73075);
#2200=CYLINDRICAL_SURFACE('',#2463,4.73075);
#2201=CYLINDRICAL_SURFACE('',#2464,4.73075);
#2202=CYLINDRICAL_SURFACE('',#2465,4.73075);
#2203=CYLINDRICAL_SURFACE('',#2466,4.73075);
#2204=CYLINDRICAL_SURFACE('',#2467,4.73075);
#2205=CYLINDRICAL_SURFACE('',#2468,4.73075);
#2206=CYLINDRICAL_SURFACE('',#2469,4.73075);
#2207=CYLINDRICAL_SURFACE('',#2470,4.73075);
#2208=CYLINDRICAL_SURFACE('',#2471,4.73075);
#2209=CYLINDRICAL_SURFACE('',#2472,4.73075);
#2210=CYLINDRICAL_SURFACE('',#2474,3.53822);
#2211=CYLINDRICAL_SURFACE('',#2476,3.53822);
#2212=CYLINDRICAL_SURFACE('',#2477,3.53822);
#2213=CYLINDRICAL_SURFACE('',#2478,3.53822);
#2214=CYLINDRICAL_SURFACE('',#2479,3.53822);
#2215=CYLINDRICAL_SURFACE('',#2480,3.53822);
#2216=CYLINDRICAL_SURFACE('',#2481,3.53822);
#2217=CYLINDRICAL_SURFACE('',#2482,3.53822);
#2218=CYLINDRICAL_SURFACE('',#2483,3.53822);
#2219=CYLINDRICAL_SURFACE('',#2484,3.53822);
#2220=CYLINDRICAL_SURFACE('',#2485,3.53822);
#2221=CYLINDRICAL_SURFACE('',#2486,3.53822);
#2222=CYLINDRICAL_SURFACE('',#2487,3.53822);
#2223=CYLINDRICAL_SURFACE('',#2488,3.53822);
#2224=CYLINDRICAL_SURFACE('',#2494,7.5);
#2225=CYLINDRICAL_SURFACE('',#2497,3.53822);
#2226=CYLINDRICAL_SURFACE('',#2498,4.73075);
#2227=CYLINDRICAL_SURFACE('',#2500,0.5);
#2228=CYLINDRICAL_SURFACE('',#2507,0.5);
#2229=CYLINDRICAL_SURFACE('',#2513,0.5);
#2230=CYLINDRICAL_SURFACE('',#2515,0.5);
#2231=CYLINDRICAL_SURFACE('',#2522,2.5);
#2232=CYLINDRICAL_SURFACE('',#2524,0.5);
#2233=CYLINDRICAL_SURFACE('',#2527,0.5);
#2234=CYLINDRICAL_SURFACE('',#2535,2.5);
#2235=CYLINDRICAL_SURFACE('',#2536,0.75);
#2236=CYLINDRICAL_SURFACE('',#2537,0.75);
#2237=CYLINDRICAL_SURFACE('',#2538,0.75);
#2238=CYLINDRICAL_SURFACE('',#2544,3.90000000000001);
#2239=CYLINDRICAL_SURFACE('',#2546,3.73634);
#2240=CYLINDRICAL_SURFACE('',#2548,3.73634);
#2241=CYLINDRICAL_SURFACE('',#2549,3.73634);
#2242=CYLINDRICAL_SURFACE('',#2550,3.73634);
#2243=CYLINDRICAL_SURFACE('',#2551,3.73634);
#2244=CYLINDRICAL_SURFACE('',#2552,3.73634);
#2245=CYLINDRICAL_SURFACE('',#2553,3.73634);
#2246=CYLINDRICAL_SURFACE('',#2555,4.95299999999999);
#2247=CYLINDRICAL_SURFACE('',#2557,4.95299999999999);
#2248=CYLINDRICAL_SURFACE('',#2559,4.95299999999999);
#2249=CYLINDRICAL_SURFACE('',#2560,4.95299999999999);
#2250=CYLINDRICAL_SURFACE('',#2561,4.95299999999999);
#2251=CYLINDRICAL_SURFACE('',#2562,4.95299999999999);
#2252=CYLINDRICAL_SURFACE('',#2563,4.95299999999999);
#2253=CYLINDRICAL_SURFACE('',#2564,4.95299999999999);
#2254=CYLINDRICAL_SURFACE('',#2566,4.95299999999999);
#2255=CYLINDRICAL_SURFACE('',#2569,3.73634);
#2256=CYLINDRICAL_SURFACE('',#2570,2.);
#2257=CYLINDRICAL_SURFACE('',#2577,2.);
#2258=CYLINDRICAL_SURFACE('',#2580,2.5);
#2259=CYLINDRICAL_SURFACE('',#2583,2.5);
#2260=CYLINDRICAL_SURFACE('',#2588,2.5);
#2261=CYLINDRICAL_SURFACE('',#2594,2.5);
#2262=CYLINDRICAL_SURFACE('',#2596,2.5);
#2263=CYLINDRICAL_SURFACE('',#2604,2.5);
#2264=CYLINDRICAL_SURFACE('',#2610,2.);
#2265=CYLINDRICAL_SURFACE('',#2617,2.);
#2266=CYLINDRICAL_SURFACE('',#2620,2.5);
#2267=CYLINDRICAL_SURFACE('',#2624,2.5);
#2268=CYLINDRICAL_SURFACE('',#2626,2.5);
#2269=CYLINDRICAL_SURFACE('',#2632,2.5);
#2270=CYLINDRICAL_SURFACE('',#2648,0.479999999999997);
#2271=CYLINDRICAL_SURFACE('',#2650,0.479999999999997);
#2272=CYLINDRICAL_SURFACE('',#2652,0.479999999999997);
#2273=ADVANCED_FACE('',(#129),#2195,.T.);
#2274=ADVANCED_FACE('',(#130),#2196,.T.);
#2275=ADVANCED_FACE('',(#131),#2197,.T.);
#2276=ADVANCED_FACE('',(#132),#2198,.T.);
#2277=ADVANCED_FACE('',(#133),#2199,.T.);
#2278=ADVANCED_FACE('',(#134),#2200,.T.);
#2279=ADVANCED_FACE('',(#135),#2201,.T.);
#2280=ADVANCED_FACE('',(#136),#2202,.T.);
#2281=ADVANCED_FACE('',(#137),#2203,.T.);
#2282=ADVANCED_FACE('',(#138),#2204,.T.);
#2283=ADVANCED_FACE('',(#139),#2205,.T.);
#2284=ADVANCED_FACE('',(#140),#2206,.T.);
#2285=ADVANCED_FACE('',(#141),#2207,.T.);
#2286=ADVANCED_FACE('',(#142),#2208,.T.);
#2287=ADVANCED_FACE('',(#143),#2209,.T.);
#2288=ADVANCED_FACE('',(#144),#2210,.T.);
#2289=ADVANCED_FACE('',(#145),#2211,.T.);
#2290=ADVANCED_FACE('',(#146),#2212,.T.);
#2291=ADVANCED_FACE('',(#147),#2213,.T.);
#2292=ADVANCED_FACE('',(#148),#2214,.T.);
#2293=ADVANCED_FACE('',(#149),#2215,.T.);
#2294=ADVANCED_FACE('',(#150),#2216,.T.);
#2295=ADVANCED_FACE('',(#151),#2217,.T.);
#2296=ADVANCED_FACE('',(#152),#2218,.T.);
#2297=ADVANCED_FACE('',(#153),#2219,.T.);
#2298=ADVANCED_FACE('',(#154),#2220,.T.);
#2299=ADVANCED_FACE('',(#155),#2221,.T.);
#2300=ADVANCED_FACE('',(#156),#2222,.T.);
#2301=ADVANCED_FACE('',(#157),#2223,.T.);
#2302=ADVANCED_FACE('',(#158),#70,.T.);
#2303=ADVANCED_FACE('',(#159,#61),#71,.T.);
#2304=ADVANCED_FACE('',(#160),#2224,.T.);
#2305=ADVANCED_FACE('',(#161),#72,.F.);
#2306=ADVANCED_FACE('',(#162),#53,.F.);
#2307=ADVANCED_FACE('',(#163),#2225,.T.);
#2308=ADVANCED_FACE('',(#164),#54,.F.);
#2309=ADVANCED_FACE('',(#165),#2226,.T.);
#2310=ADVANCED_FACE('',(#166),#2227,.T.);
#2311=ADVANCED_FACE('',(#167),#34,.T.);
#2312=ADVANCED_FACE('',(#168),#2228,.T.);
#2313=ADVANCED_FACE('',(#169),#35,.T.);
#2314=ADVANCED_FACE('',(#170),#2229,.T.);
#2315=ADVANCED_FACE('',(#171),#2230,.T.);
#2316=ADVANCED_FACE('',(#172),#30,.T.);
#2317=ADVANCED_FACE('',(#173),#31,.T.);
#2318=ADVANCED_FACE('',(#174),#2231,.T.);
#2319=ADVANCED_FACE('',(#175),#73,.F.);
#2320=ADVANCED_FACE('',(#176),#2232,.T.);
#2321=ADVANCED_FACE('',(#177),#74,.F.);
#2322=ADVANCED_FACE('',(#178),#75,.F.);
#2323=ADVANCED_FACE('',(#179),#2233,.T.);
#2324=ADVANCED_FACE('',(#180),#76,.T.);
#2325=ADVANCED_FACE('',(#181),#55,.F.);
#2326=ADVANCED_FACE('',(#182),#56,.F.);
#2327=ADVANCED_FACE('',(#183),#57,.F.);
#2328=ADVANCED_FACE('',(#184),#77,.F.);
#2329=ADVANCED_FACE('',(#185),#58,.F.);
#2330=ADVANCED_FACE('',(#186),#2234,.T.);
#2331=ADVANCED_FACE('',(#187),#2235,.F.);
#2332=ADVANCED_FACE('',(#188),#2236,.F.);
#2333=ADVANCED_FACE('',(#189),#2237,.F.);
#2334=ADVANCED_FACE('',(#190,#62,#63,#64,#65,#66,#67),#29,.T.);
#2335=ADVANCED_FACE('',(#191),#78,.F.);
#2336=ADVANCED_FACE('',(#192),#2238,.T.);
#2337=ADVANCED_FACE('',(#193),#2239,.F.);
#2338=ADVANCED_FACE('',(#194),#2240,.F.);
#2339=ADVANCED_FACE('',(#195),#2241,.F.);
#2340=ADVANCED_FACE('',(#196),#2242,.F.);
#2341=ADVANCED_FACE('',(#197),#2243,.F.);
#2342=ADVANCED_FACE('',(#198),#2244,.F.);
#2343=ADVANCED_FACE('',(#199),#2245,.F.);
#2344=ADVANCED_FACE('',(#200),#2246,.F.);
#2345=ADVANCED_FACE('',(#201),#2247,.F.);
#2346=ADVANCED_FACE('',(#202),#2248,.F.);
#2347=ADVANCED_FACE('',(#203),#2249,.F.);
#2348=ADVANCED_FACE('',(#204),#2250,.F.);
#2349=ADVANCED_FACE('',(#205),#2251,.F.);
#2350=ADVANCED_FACE('',(#206),#2252,.F.);
#2351=ADVANCED_FACE('',(#207),#2253,.F.);
#2352=ADVANCED_FACE('',(#208),#2254,.F.);
#2353=ADVANCED_FACE('',(#209),#59,.F.);
#2354=ADVANCED_FACE('',(#210),#60,.F.);
#2355=ADVANCED_FACE('',(#211,#68),#79,.F.);
#2356=ADVANCED_FACE('',(#212),#2255,.F.);
#2357=ADVANCED_FACE('',(#213),#2256,.T.);
#2358=ADVANCED_FACE('',(#214),#80,.T.);
#2359=ADVANCED_FACE('',(#215),#81,.F.);
#2360=ADVANCED_FACE('',(#216),#2257,.T.);
#2361=ADVANCED_FACE('',(#217),#82,.T.);
#2362=ADVANCED_FACE('',(#218),#2258,.T.);
#2363=ADVANCED_FACE('',(#219),#2259,.T.);
#2364=ADVANCED_FACE('',(#220),#32,.T.);
#2365=ADVANCED_FACE('',(#221),#2260,.T.);
#2366=ADVANCED_FACE('',(#222),#83,.F.);
#2367=ADVANCED_FACE('',(#223,#69),#84,.T.);
#2368=ADVANCED_FACE('',(#224),#2261,.T.);
#2369=ADVANCED_FACE('',(#225),#85,.F.);
#2370=ADVANCED_FACE('',(#226),#2262,.T.);
#2371=ADVANCED_FACE('',(#227),#86,.F.);
#2372=ADVANCED_FACE('',(#228),#87,.F.);
#2373=ADVANCED_FACE('',(#229),#88,.F.);
#2374=ADVANCED_FACE('',(#230),#89,.F.);
#2375=ADVANCED_FACE('',(#231),#90,.F.);
#2376=ADVANCED_FACE('',(#232),#91,.F.);
#2377=ADVANCED_FACE('',(#233),#2263,.T.);
#2378=ADVANCED_FACE('',(#234),#92,.T.);
#2379=ADVANCED_FACE('',(#235),#93,.T.);
#2380=ADVANCED_FACE('',(#236),#2264,.T.);
#2381=ADVANCED_FACE('',(#237),#94,.T.);
#2382=ADVANCED_FACE('',(#238),#95,.T.);
#2383=ADVANCED_FACE('',(#239),#2265,.T.);
#2384=ADVANCED_FACE('',(#240),#96,.F.);
#2385=ADVANCED_FACE('',(#241),#2266,.T.);
#2386=ADVANCED_FACE('',(#242),#97,.F.);
#2387=ADVANCED_FACE('',(#243),#2267,.T.);
#2388=ADVANCED_FACE('',(#244),#2268,.T.);
#2389=ADVANCED_FACE('',(#245),#33,.T.);
#2390=ADVANCED_FACE('',(#246),#98,.T.);
#2391=ADVANCED_FACE('',(#247),#2269,.T.);
#2392=ADVANCED_FACE('',(#248),#99,.F.);
#2393=ADVANCED_FACE('',(#249),#100,.T.);
#2394=ADVANCED_FACE('',(#250),#101,.T.);
#2395=ADVANCED_FACE('',(#251),#102,.T.);
#2396=ADVANCED_FACE('',(#252),#103,.T.);
#2397=ADVANCED_FACE('',(#253),#104,.T.);
#2398=ADVANCED_FACE('',(#254),#105,.T.);
#2399=ADVANCED_FACE('',(#255),#36,.T.);
#2400=ADVANCED_FACE('',(#256),#106,.F.);
#2401=ADVANCED_FACE('',(#257),#37,.T.);
#2402=ADVANCED_FACE('',(#258),#2270,.T.);
#2403=ADVANCED_FACE('',(#259),#2271,.T.);
#2404=ADVANCED_FACE('',(#260),#2272,.T.);
#2405=CLOSED_SHELL('',(#2273,#2274,#2275,#2276,#2277,#2278,#2279,#2280,
#2281,#2282,#2283,#2284,#2285,#2286,#2287,#2288,#2289,#2290,#2291,#2292,
#2293,#2294,#2295,#2296,#2297,#2298,#2299,#2300,#2301,#2302,#2303,#2304,
#2305,#2306,#2307,#2308,#2309));
#2406=CLOSED_SHELL('',(#2310,#2311,#2312,#2313,#2314,#2315,#2316,#2317,
#2318,#2319,#2320,#2321,#2322,#2323,#2324,#2325,#2326,#2327,#2328,#2329,
#2330,#2331,#2332,#2333,#2334,#2335,#2336));
#2407=CLOSED_SHELL('',(#2337,#2338,#2339,#2340,#2341,#2342,#2343,#2344,
#2345,#2346,#2347,#2348,#2349,#2350,#2351,#2352,#2353,#2354,#2355,#2356,
#2357,#2358,#2359,#2360,#2361,#2362,#2363,#2364,#2365,#2366,#2367,#2368,
#2369,#2370,#2371,#2372,#2373,#2374,#2375,#2376));
#2408=CLOSED_SHELL('',(#2377,#2378,#2379,#2380,#2381,#2382,#2383,#2384,
#2385,#2386,#2387,#2388,#2389,#2390,#2391,#2392,#2393,#2394,#2395,#2396,
#2397));
#2409=CLOSED_SHELL('',(#2398,#2399,#2400,#2401,#2402,#2403,#2404));
#2410=DERIVED_UNIT_ELEMENT(#2418,1.);
#2411=DERIVED_UNIT_ELEMENT(#9545,-3.);
#2412=DERIVED_UNIT_ELEMENT(#2418,1.);
#2413=DERIVED_UNIT_ELEMENT(#9545,-3.);
#2414=DERIVED_UNIT_ELEMENT(#2418,1.);
#2415=DERIVED_UNIT_ELEMENT(#9545,-3.);
#2416=DERIVED_UNIT_ELEMENT(#2418,1.);
#2417=DERIVED_UNIT_ELEMENT(#9545,-3.);
#2418=(
MASS_UNIT()
NAMED_UNIT(*)
SI_UNIT(.KILO.,.GRAM.)
);
#2419=DERIVED_UNIT((#2410,#2411));
#2420=DERIVED_UNIT((#2412,#2413));
#2421=DERIVED_UNIT((#2414,#2415));
#2422=DERIVED_UNIT((#2416,#2417));
#2423=MEASURE_REPRESENTATION_ITEM('density measure',
POSITIVE_RATIO_MEASURE(7850.),#2419);
#2424=MEASURE_REPRESENTATION_ITEM('density measure',
POSITIVE_RATIO_MEASURE(7850.),#2420);
#2425=MEASURE_REPRESENTATION_ITEM('density measure',
POSITIVE_RATIO_MEASURE(7850.),#2421);
#2426=MEASURE_REPRESENTATION_ITEM('density measure',
POSITIVE_RATIO_MEASURE(7850.),#2422);
#2427=PROPERTY_DEFINITION_REPRESENTATION(#2447,#2435);
#2428=PROPERTY_DEFINITION_REPRESENTATION(#2448,#2436);
#2429=PROPERTY_DEFINITION_REPRESENTATION(#2449,#2437);
#2430=PROPERTY_DEFINITION_REPRESENTATION(#2450,#2438);
#2431=PROPERTY_DEFINITION_REPRESENTATION(#2451,#2439);
#2432=PROPERTY_DEFINITION_REPRESENTATION(#2452,#2440);
#2433=PROPERTY_DEFINITION_REPRESENTATION(#2453,#2441);
#2434=PROPERTY_DEFINITION_REPRESENTATION(#2454,#2442);
#2435=REPRESENTATION('material name',(#2443),#9539);
#2436=REPRESENTATION('density',(#2423),#9539);
#2437=REPRESENTATION('material name',(#2444),#9540);
#2438=REPRESENTATION('density',(#2424),#9540);
#2439=REPRESENTATION('material name',(#2445),#9541);
#2440=REPRESENTATION('density',(#2425),#9541);
#2441=REPRESENTATION('material name',(#2446),#9542);
#2442=REPRESENTATION('density',(#2426),#9542);
#2443=DESCRIPTIVE_REPRESENTATION_ITEM('Steel','Steel');
#2444=DESCRIPTIVE_REPRESENTATION_ITEM('Steel','Steel');
#2445=DESCRIPTIVE_REPRESENTATION_ITEM('Steel','Steel');
#2446=DESCRIPTIVE_REPRESENTATION_ITEM('Steel','Steel');
#2447=PROPERTY_DEFINITION('material property','material name',#9569);
#2448=PROPERTY_DEFINITION('material property','density of part',#9569);
#2449=PROPERTY_DEFINITION('material property','material name',#9570);
#2450=PROPERTY_DEFINITION('material property','density of part',#9570);
#2451=PROPERTY_DEFINITION('material property','material name',#9571);
#2452=PROPERTY_DEFINITION('material property','density of part',#9571);
#2453=PROPERTY_DEFINITION('material property','material name',#9572);
#2454=PROPERTY_DEFINITION('material property','density of part',#9572);
#2455=AXIS2_PLACEMENT_3D('',#3212,#2657,#2658);
#2456=AXIS2_PLACEMENT_3D('',#3213,#2659,#2660);
#2457=AXIS2_PLACEMENT_3D('',#3214,#2661,#2662);
#2458=AXIS2_PLACEMENT_3D('',#3242,#2664,#2665);
#2459=AXIS2_PLACEMENT_3D('',#3247,#2666,#2667);
#2460=AXIS2_PLACEMENT_3D('',#3334,#2669,#2670);
#2461=AXIS2_PLACEMENT_3D('',#3421,#2672,#2673);
#2462=AXIS2_PLACEMENT_3D('',#3508,#2675,#2676);
#2463=AXIS2_PLACEMENT_3D('',#3598,#2678,#2679);
#2464=AXIS2_PLACEMENT_3D('',#3685,#2681,#2682);
#2465=AXIS2_PLACEMENT_3D('',#3772,#2684,#2685);
#2466=AXIS2_PLACEMENT_3D('',#3835,#2687,#2688);
#2467=AXIS2_PLACEMENT_3D('',#3910,#2690,#2691);
#2468=AXIS2_PLACEMENT_3D('',#3997,#2693,#2694);
#2469=AXIS2_PLACEMENT_3D('',#4084,#2696,#2697);
#2470=AXIS2_PLACEMENT_3D('',#4174,#2699,#2700);
#2471=AXIS2_PLACEMENT_3D('',#4261,#2702,#2703);
#2472=AXIS2_PLACEMENT_3D('',#4348,#2705,#2706);
#2473=AXIS2_PLACEMENT_3D('',#4353,#2708,#2709);
#2474=AXIS2_PLACEMENT_3D('',#4425,#2710,#2711);
#2475=AXIS2_PLACEMENT_3D('',#4443,#2713,#2714);
#2476=AXIS2_PLACEMENT_3D('',#4451,#2715,#2716);
#2477=AXIS2_PLACEMENT_3D('',#4487,#2718,#2719);
#2478=AXIS2_PLACEMENT_3D('',#4525,#2721,#2722);
#2479=AXIS2_PLACEMENT_3D('',#4562,#2724,#2725);
#2480=AXIS2_PLACEMENT_3D('',#4599,#2727,#2728);
#2481=AXIS2_PLACEMENT_3D('',#4637,#2730,#2731);
#2482=AXIS2_PLACEMENT_3D('',#4673,#2733,#2734);
#2483=AXIS2_PLACEMENT_3D('',#4701,#2736,#2737);
#2484=AXIS2_PLACEMENT_3D('',#4735,#2739,#2740);
#2485=AXIS2_PLACEMENT_3D('',#4773,#2742,#2743);
#2486=AXIS2_PLACEMENT_3D('',#4810,#2745,#2746);
#2487=AXIS2_PLACEMENT_3D('',#4847,#2748,#2749);
#2488=AXIS2_PLACEMENT_3D('',#4885,#2751,#2752);
#2489=AXIS2_PLACEMENT_3D('',#4921,#2754,#2755);
#2490=AXIS2_PLACEMENT_3D('',#5021,#2756,#2757);
#2491=AXIS2_PLACEMENT_3D('',#5022,#2758,#2759);
#2492=AXIS2_PLACEMENT_3D('',#5024,#2760,#2761);
#2493=AXIS2_PLACEMENT_3D('',#5125,#2762,#2763);
#2494=AXIS2_PLACEMENT_3D('',#5126,#2764,#2765);
#2495=AXIS2_PLACEMENT_3D('',#5128,#2766,#2767);
#2496=AXIS2_PLACEMENT_3D('',#5130,#2769,#2770);
#2497=AXIS2_PLACEMENT_3D('',#5865,#2771,#2772);
#2498=AXIS2_PLACEMENT_3D('',#6585,#2773,#2774);
#2499=AXIS2_PLACEMENT_3D('',#6586,#2775,#2776);
#2500=AXIS2_PLACEMENT_3D('',#6587,#2777,#2778);
#2501=AXIS2_PLACEMENT_3D('',#6590,#2779,#2780);
#2502=AXIS2_PLACEMENT_3D('',#6594,#2782,#2783);
#2503=AXIS2_PLACEMENT_3D('',#6596,#2785,#2786);
#2504=AXIS2_PLACEMENT_3D('',#6599,#2787,#2788);
#2505=AXIS2_PLACEMENT_3D('',#6600,#2789,#2790);
#2506=AXIS2_PLACEMENT_3D('',#6601,#2791,#2792);
#2507=AXIS2_PLACEMENT_3D('',#6602,#2793,#2794);
#2508=AXIS2_PLACEMENT_3D('',#6605,#2795,#2796);
#2509=AXIS2_PLACEMENT_3D('',#6608,#2799,#2800);
#2510=AXIS2_PLACEMENT_3D('',#6611,#2801,#2802);
#2511=AXIS2_PLACEMENT_3D('',#6612,#2803,#2804);
#2512=AXIS2_PLACEMENT_3D('',#6613,#2805,#2806);
#2513=AXIS2_PLACEMENT_3D('',#6614,#2807,#2808);
#2514=AXIS2_PLACEMENT_3D('',#6617,#2809,#2810);
#2515=AXIS2_PLACEMENT_3D('',#6620,#2813,#2814);
#2516=AXIS2_PLACEMENT_3D('',#6622,#2815,#2816);
#2517=AXIS2_PLACEMENT_3D('',#6625,#2818,#2819);
#2518=AXIS2_PLACEMENT_3D('',#6627,#2821,#2822);
#2519=AXIS2_PLACEMENT_3D('',#6628,#2823,#2824);
#2520=AXIS2_PLACEMENT_3D('',#6629,#2825,#2826);
#2521=AXIS2_PLACEMENT_3D('',#6630,#2827,#2828);
#2522=AXIS2_PLACEMENT_3D('',#6631,#2829,#2830);
#2523=AXIS2_PLACEMENT_3D('',#6655,#2833,#2834);
#2524=AXIS2_PLACEMENT_3D('',#6669,#2836,#2837);
#2525=AXIS2_PLACEMENT_3D('',#6686,#2839,#2840);
#2526=AXIS2_PLACEMENT_3D('',#6695,#2842,#2843);
#2527=AXIS2_PLACEMENT_3D('',#6696,#2844,#2845);
#2528=AXIS2_PLACEMENT_3D('',#6713,#2847,#2848);
#2529=AXIS2_PLACEMENT_3D('',#6740,#2852,#2853);
#2530=AXIS2_PLACEMENT_3D('',#6768,#2856,#2857);
#2531=AXIS2_PLACEMENT_3D('',#6794,#2858,#2859);
#2532=AXIS2_PLACEMENT_3D('',#6796,#2860,#2861);
#2533=AXIS2_PLACEMENT_3D('',#6826,#2864,#2865);
#2534=AXIS2_PLACEMENT_3D('',#6856,#2867,#2868);
#2535=AXIS2_PLACEMENT_3D('',#6857,#2869,#2870);
#2536=AXIS2_PLACEMENT_3D('',#6858,#2871,#2872);
#2537=AXIS2_PLACEMENT_3D('',#6960,#2874,#2875);
#2538=AXIS2_PLACEMENT_3D('',#7064,#2877,#2878);
#2539=AXIS2_PLACEMENT_3D('',#7251,#2880,#2881);
#2540=AXIS2_PLACEMENT_3D('',#7253,#2882,#2883);
#2541=AXIS2_PLACEMENT_3D('',#7254,#2884,#2885);
#2542=AXIS2_PLACEMENT_3D('',#7256,#2886,#2887);
#2543=AXIS2_PLACEMENT_3D('',#7298,#2888,#2889);
#2544=AXIS2_PLACEMENT_3D('',#7299,#2890,#2891);
#2545=AXIS2_PLACEMENT_3D('',#7301,#2893,#2894);
#2546=AXIS2_PLACEMENT_3D('',#7302,#2895,#2896);
#2547=AXIS2_PLACEMENT_3D('',#7315,#2898,#2899);
#2548=AXIS2_PLACEMENT_3D('',#7341,#2900,#2901);
#2549=AXIS2_PLACEMENT_3D('',#7431,#2903,#2904);
#2550=AXIS2_PLACEMENT_3D('',#7518,#2906,#2907);
#2551=AXIS2_PLACEMENT_3D('',#7605,#2909,#2910);
#2552=AXIS2_PLACEMENT_3D('',#7677,#2912,#2913);
#2553=AXIS2_PLACEMENT_3D('',#7767,#2915,#2916);
#2554=AXIS2_PLACEMENT_3D('',#7798,#2918,#2919);
#2555=AXIS2_PLACEMENT_3D('',#7839,#2920,#2921);
#2556=AXIS2_PLACEMENT_3D('',#7844,#2923,#2924);
#2557=AXIS2_PLACEMENT_3D('',#7849,#2925,#2926);
#2558=AXIS2_PLACEMENT_3D('',#7866,#2928,#2929);
#2559=AXIS2_PLACEMENT_3D('',#7884,#2930,#2931);
#2560=AXIS2_PLACEMENT_3D('',#7922,#2933,#2934);
#2561=AXIS2_PLACEMENT_3D('',#7959,#2936,#2937);
#2562=AXIS2_PLACEMENT_3D('',#7992,#2939,#2940);
#2563=AXIS2_PLACEMENT_3D('',#8028,#2942,#2943);
#2564=AXIS2_PLACEMENT_3D('',#8066,#2945,#2946);
#2565=AXIS2_PLACEMENT_3D('',#8077,#2948,#2949);
#2566=AXIS2_PLACEMENT_3D('',#8088,#2950,#2951);
#2567=AXIS2_PLACEMENT_3D('',#9148,#2952,#2953);
#2568=AXIS2_PLACEMENT_3D('',#9165,#2961,#2962);
#2569=AXIS2_PLACEMENT_3D('',#9167,#2964,#2965);
#2570=AXIS2_PLACEMENT_3D('',#9168,#2966,#2967);
#2571=AXIS2_PLACEMENT_3D('',#9171,#2968,#2969);
#2572=AXIS2_PLACEMENT_3D('',#9175,#2971,#2972);
#2573=AXIS2_PLACEMENT_3D('',#9177,#2974,#2975);
#2574=AXIS2_PLACEMENT_3D('',#9183,#2979,#2980);
#2575=AXIS2_PLACEMENT_3D('',#9189,#2983,#2984);
#2576=AXIS2_PLACEMENT_3D('',#9192,#2986,#2987);
#2577=AXIS2_PLACEMENT_3D('',#9193,#2988,#2989);
#2578=AXIS2_PLACEMENT_3D('',#9196,#2991,#2992);
#2579=AXIS2_PLACEMENT_3D('',#9197,#2993,#2994);
#2580=AXIS2_PLACEMENT_3D('',#9201,#2997,#2998);
#2581=AXIS2_PLACEMENT_3D('',#9203,#2999,#3000);
#2582=AXIS2_PLACEMENT_3D('',#9206,#3002,#3003);
#2583=AXIS2_PLACEMENT_3D('',#9207,#3004,#3005);
#2584=AXIS2_PLACEMENT_3D('',#9210,#3006,#3007);
#2585=AXIS2_PLACEMENT_3D('',#9213,#3009,#3010);
#2586=AXIS2_PLACEMENT_3D('',#9215,#3012,#3013);
#2587=AXIS2_PLACEMENT_3D('',#9216,#3014,#3015);
#2588=AXIS2_PLACEMENT_3D('',#9217,#3016,#3017);
#2589=AXIS2_PLACEMENT_3D('',#9220,#3019,#3020);
#2590=AXIS2_PLACEMENT_3D('',#9221,#3021,#3022);
#2591=AXIS2_PLACEMENT_3D('',#9225,#3025,#3026);
#2592=AXIS2_PLACEMENT_3D('',#9228,#3028,#3029);
#2593=AXIS2_PLACEMENT_3D('',#9232,#3031,#3032);
#2594=AXIS2_PLACEMENT_3D('',#9242,#3038,#3039);
#2595=AXIS2_PLACEMENT_3D('',#9245,#3042,#3043);
#2596=AXIS2_PLACEMENT_3D('',#9247,#3045,#3046);
#2597=AXIS2_PLACEMENT_3D('',#9249,#3048,#3049);
#2598=AXIS2_PLACEMENT_3D('',#9251,#3051,#3052);
#2599=AXIS2_PLACEMENT_3D('',#9252,#3053,#3054);
#2600=AXIS2_PLACEMENT_3D('',#9254,#3056,#3057);
#2601=AXIS2_PLACEMENT_3D('',#9256,#3059,#3060);
#2602=AXIS2_PLACEMENT_3D('',#9258,#3062,#3063);
#2603=AXIS2_PLACEMENT_3D('',#9259,#3064,#3065);
#2604=AXIS2_PLACEMENT_3D('',#9260,#3066,#3067);
#2605=AXIS2_PLACEMENT_3D('',#9263,#3068,#3069);
#2606=AXIS2_PLACEMENT_3D('',#9267,#3071,#3072);
#2607=AXIS2_PLACEMENT_3D('',#9269,#3074,#3075);
#2608=AXIS2_PLACEMENT_3D('',#9275,#3079,#3080);
#2609=AXIS2_PLACEMENT_3D('',#9290,#3088,#3089);
#2610=AXIS2_PLACEMENT_3D('',#9291,#3090,#3091);
#2611=AXIS2_PLACEMENT_3D('',#9294,#3092,#3093);
#2612=AXIS2_PLACEMENT_3D('',#9298,#3095,#3096);
#2613=AXIS2_PLACEMENT_3D('',#9300,#3098,#3099);
#2614=AXIS2_PLACEMENT_3D('',#9310,#3105,#3106);
#2615=AXIS2_PLACEMENT_3D('',#9314,#3108,#3109);
#2616=AXIS2_PLACEMENT_3D('',#9318,#3111,#3112);
#2617=AXIS2_PLACEMENT_3D('',#9320,#3114,#3115);
#2618=AXIS2_PLACEMENT_3D('',#9324,#3117,#3118);
#2619=AXIS2_PLACEMENT_3D('',#9326,#3120,#3121);
#2620=AXIS2_PLACEMENT_3D('',#9330,#3124,#3125);
#2621=AXIS2_PLACEMENT_3D('',#9332,#3127,#3128);
#2622=AXIS2_PLACEMENT_3D('',#9333,#3129,#3130);
#2623=AXIS2_PLACEMENT_3D('',#9336,#3132,#3133);
#2624=AXIS2_PLACEMENT_3D('',#9346,#3139,#3140);
#2625=AXIS2_PLACEMENT_3D('',#9348,#3141,#3142);
#2626=AXIS2_PLACEMENT_3D('',#9350,#3144,#3145);
#2627=AXIS2_PLACEMENT_3D('',#9351,#3146,#3147);
#2628=AXIS2_PLACEMENT_3D('',#9352,#3148,#3149);
#2629=AXIS2_PLACEMENT_3D('',#9353,#3150,#3151);
#2630=AXIS2_PLACEMENT_3D('',#9354,#3152,#3153);
#2631=AXIS2_PLACEMENT_3D('',#9355,#3154,#3155);
#2632=AXIS2_PLACEMENT_3D('',#9359,#3158,#3159);
#2633=AXIS2_PLACEMENT_3D('',#9360,#3160,#3161);
#2634=AXIS2_PLACEMENT_3D('',#9361,#3162,#3163);
#2635=AXIS2_PLACEMENT_3D('',#9362,#3164,#3165);
#2636=AXIS2_PLACEMENT_3D('',#9363,#3166,#3167);
#2637=AXIS2_PLACEMENT_3D('',#9365,#3169,#3170);
#2638=AXIS2_PLACEMENT_3D('',#9367,#3172,#3173);
#2639=AXIS2_PLACEMENT_3D('',#9369,#3175,#3176);
#2640=AXIS2_PLACEMENT_3D('',#9370,#3177,#3178);
#2641=AXIS2_PLACEMENT_3D('',#9412,#3179,#3180);
#2642=AXIS2_PLACEMENT_3D('',#9429,#3181,#3182);
#2643=AXIS2_PLACEMENT_3D('',#9445,#3183,#3184);
#2644=AXIS2_PLACEMENT_3D('',#9446,#3185,#3186);
#2645=AXIS2_PLACEMENT_3D('',#9488,#3187,#3188);
#2646=AXIS2_PLACEMENT_3D('',#9490,#3189,#3190);
#2647=AXIS2_PLACEMENT_3D('',#9507,#3191,#3192);
#2648=AXIS2_PLACEMENT_3D('',#9522,#3193,#3194);
#2649=AXIS2_PLACEMENT_3D('',#9523,#3195,#3196);
#2650=AXIS2_PLACEMENT_3D('',#9524,#3197,#3198);
#2651=AXIS2_PLACEMENT_3D('',#9525,#3199,#3200);
#2652=AXIS2_PLACEMENT_3D('',#9526,#3201,#3202);
#2653=AXIS2_PLACEMENT_3D('',#9528,#3204,#3205);
#2654=AXIS2_PLACEMENT_3D('',#9529,#3206,#3207);
#2655=AXIS2_PLACEMENT_3D('',#9530,#3208,#3209);
#2656=AXIS2_PLACEMENT_3D('',#9531,#3210,#3211);
#2657=DIRECTION('axis',(0.,0.,1.));
#2658=DIRECTION('refdir',(1.,0.,0.));
#2659=DIRECTION('axis',(0.,0.,1.));
#2660=DIRECTION('refdir',(1.,0.,0.));
#2661=DIRECTION('center_axis',(1.23259516440783E-32,1.,-2.22044604925031E-16));
#2662=DIRECTION('ref_axis',(-0.210960081540807,-2.17047419419961E-16,-0.977494677221465));
#2663=DIRECTION('',(-1.23259516440783E-32,-1.,2.22044604925031E-16));
#2664=DIRECTION('center_axis',(1.23259516440783E-32,1.,-2.22044604925031E-16));
#2665=DIRECTION('ref_axis',(1.,0.,5.55111512312578E-17));
#2666=DIRECTION('center_axis',(1.23259516440783E-32,1.,-2.22044604925031E-16));
#2667=DIRECTION('ref_axis',(1.,0.,5.55111512312578E-17));
#2668=DIRECTION('',(-1.23259516440783E-32,-1.,2.22044604925031E-16));
#2669=DIRECTION('center_axis',(1.23259516440783E-32,1.,-2.22044604925031E-16));
#2670=DIRECTION('ref_axis',(1.,0.,5.55111512312578E-17));
#2671=DIRECTION('',(-1.23259516440783E-32,-1.,2.22044604925031E-16));
#2672=DIRECTION('center_axis',(1.23259516440783E-32,1.,-2.22044604925031E-16));
#2673=DIRECTION('ref_axis',(1.,0.,5.55111512312578E-17));
#2674=DIRECTION('',(-1.23259516440783E-32,-1.,2.22044604925031E-16));
#2675=DIRECTION('center_axis',(1.23259516440783E-32,1.,-2.22044604925031E-16));
#2676=DIRECTION('ref_axis',(1.,0.,5.55111512312578E-17));
#2677=DIRECTION('',(-1.23259516440783E-32,-1.,2.22044604925031E-16));
#2678=DIRECTION('center_axis',(1.23259516440783E-32,1.,-2.22044604925031E-16));
#2679=DIRECTION('ref_axis',(1.,0.,5.55111512312578E-17));
#2680=DIRECTION('',(-1.23259516440783E-32,-1.,2.22044604925031E-16));
#2681=DIRECTION('center_axis',(1.23259516440783E-32,1.,-2.22044604925031E-16));
#2682=DIRECTION('ref_axis',(1.,0.,5.55111512312578E-17));
#2683=DIRECTION('',(-1.23259516440783E-32,-1.,2.22044604925031E-16));
#2684=DIRECTION('center_axis',(1.23259516440783E-32,1.,-2.22044604925031E-16));
#2685=DIRECTION('ref_axis',(1.,0.,5.55111512312578E-17));
#2686=DIRECTION('',(-1.23259516440783E-32,-1.,2.22044604925031E-16));
#2687=DIRECTION('center_axis',(1.23259516440783E-32,1.,-2.22044604925031E-16));
#2688=DIRECTION('ref_axis',(1.,0.,5.55111512312578E-17));
#2689=DIRECTION('',(-1.23259516440783E-32,-1.,2.22044604925031E-16));
#2690=DIRECTION('center_axis',(1.23259516440783E-32,1.,-2.22044604925031E-16));
#2691=DIRECTION('ref_axis',(1.,0.,5.55111512312578E-17));
#2692=DIRECTION('',(-1.23259516440783E-32,-1.,2.22044604925031E-16));
#2693=DIRECTION('center_axis',(1.23259516440783E-32,1.,-2.22044604925031E-16));
#2694=DIRECTION('ref_axis',(1.,0.,5.55111512312578E-17));
#2695=DIRECTION('',(-1.23259516440783E-32,-1.,2.22044604925031E-16));
#2696=DIRECTION('center_axis',(1.23259516440783E-32,1.,-2.22044604925031E-16));
#2697=DIRECTION('ref_axis',(1.,0.,5.55111512312578E-17));
#2698=DIRECTION('',(-1.23259516440783E-32,-1.,2.22044604925031E-16));
#2699=DIRECTION('center_axis',(1.23259516440783E-32,1.,-2.22044604925031E-16));
#2700=DIRECTION('ref_axis',(1.,0.,5.55111512312578E-17));
#2701=DIRECTION('',(-1.23259516440783E-32,-1.,2.22044604925031E-16));
#2702=DIRECTION('center_axis',(1.23259516440783E-32,1.,-2.22044604925031E-16));
#2703=DIRECTION('ref_axis',(1.,0.,5.55111512312578E-17));
#2704=DIRECTION('',(-1.23259516440783E-32,-1.,2.22044604925031E-16));
#2705=DIRECTION('center_axis',(1.23259516440783E-32,1.,-2.22044604925031E-16));
#2706=DIRECTION('ref_axis',(1.,0.,5.55111512312578E-17));
#2707=DIRECTION('',(-1.23259516440783E-32,-1.,2.22044604925031E-16));
#2708=DIRECTION('center_axis',(-1.23259516440783E-32,-1.,2.22044604925031E-16));
#2709=DIRECTION('ref_axis',(1.,0.,5.55111512312578E-17));
#2710=DIRECTION('center_axis',(1.23259516440783E-32,1.,-2.22044604925031E-16));
#2711=DIRECTION('ref_axis',(1.,0.,-1.00354120776701E-13));
#2712=DIRECTION('',(2.44929359829471E-16,1.,-2.22044604925056E-16));
#2713=DIRECTION('center_axis',(1.23259516440783E-32,1.,-2.22044604925031E-16));
#2714=DIRECTION('ref_axis',(1.,0.,-1.00354120776702E-13));
#2715=DIRECTION('center_axis',(1.23259516440783E-32,1.,-2.22044604925031E-16));
#2716=DIRECTION('ref_axis',(1.,0.,-1.00354120776701E-13));
#2717=DIRECTION('',(2.44929359829471E-16,1.,-2.22044604925056E-16));
#2718=DIRECTION('center_axis',(1.23259516440783E-32,1.,-2.22044604925031E-16));
#2719=DIRECTION('ref_axis',(1.,0.,-1.00354120776701E-13));
#2720=DIRECTION('',(2.44929359829471E-16,1.,-2.22044604925056E-16));
#2721=DIRECTION('center_axis',(1.23259516440783E-32,1.,-2.22044604925031E-16));
#2722=DIRECTION('ref_axis',(1.,0.,-1.00354120776701E-13));
#2723=DIRECTION('',(2.44929359829471E-16,1.,-2.22044604925056E-16));
#2724=DIRECTION('center_axis',(1.23259516440783E-32,1.,-2.22044604925031E-16));
#2725=DIRECTION('ref_axis',(1.,0.,-1.00354120776701E-13));
#2726=DIRECTION('',(2.44929359829471E-16,1.,-2.22044604925056E-16));
#2727=DIRECTION('center_axis',(1.23259516440783E-32,1.,-2.22044604925031E-16));
#2728=DIRECTION('ref_axis',(1.,0.,-1.00354120776701E-13));
#2729=DIRECTION('',(2.44929359829471E-16,1.,-2.22044604925056E-16));
#2730=DIRECTION('center_axis',(1.23259516440783E-32,1.,-2.22044604925031E-16));
#2731=DIRECTION('ref_axis',(1.,0.,-1.00354120776701E-13));
#2732=DIRECTION('',(2.44929359829471E-16,1.,-2.22044604925056E-16));
#2733=DIRECTION('center_axis',(1.23259516440783E-32,1.,-2.22044604925031E-16));
#2734=DIRECTION('ref_axis',(1.,0.,-1.00354120776701E-13));
#2735=DIRECTION('',(2.44929359829471E-16,1.,-2.22044604925056E-16));
#2736=DIRECTION('center_axis',(1.23259516440783E-32,1.,-2.22044604925031E-16));
#2737=DIRECTION('ref_axis',(1.,0.,-1.00354120776701E-13));
#2738=DIRECTION('',(2.44929359829471E-16,1.,-2.22044604925056E-16));
#2739=DIRECTION('center_axis',(1.23259516440783E-32,1.,-2.22044604925031E-16));
#2740=DIRECTION('ref_axis',(1.,0.,-1.00354120776701E-13));
#2741=DIRECTION('',(2.44929359829471E-16,1.,-2.22044604925056E-16));
#2742=DIRECTION('center_axis',(1.23259516440783E-32,1.,-2.22044604925031E-16));
#2743=DIRECTION('ref_axis',(1.,0.,-1.00354120776701E-13));
#2744=DIRECTION('',(2.44929359829471E-16,1.,-2.22044604925056E-16));
#2745=DIRECTION('center_axis',(1.23259516440783E-32,1.,-2.22044604925031E-16));
#2746=DIRECTION('ref_axis',(1.,0.,-1.00354120776701E-13));
#2747=DIRECTION('',(2.44929359829471E-16,1.,-2.22044604925056E-16));
#2748=DIRECTION('center_axis',(1.23259516440783E-32,1.,-2.22044604925031E-16));
#2749=DIRECTION('ref_axis',(1.,0.,-1.00354120776701E-13));
#2750=DIRECTION('',(2.44929359829471E-16,1.,-2.22044604925056E-16));
#2751=DIRECTION('center_axis',(1.23259516440783E-32,1.,-2.22044604925031E-16));
#2752=DIRECTION('ref_axis',(1.,0.,-1.00354120776701E-13));
#2753=DIRECTION('',(2.44929359829471E-16,1.,-2.22044604925056E-16));
#2754=DIRECTION('center_axis',(1.23259516440783E-32,1.,-2.22044604925031E-16));
#2755=DIRECTION('ref_axis',(1.,0.,5.55111512312578E-17));
#2756=DIRECTION('center_axis',(-1.23259516440783E-32,-1.,2.22044604925031E-16));
#2757=DIRECTION('ref_axis',(1.,0.,5.55111512312578E-17));
#2758=DIRECTION('center_axis',(0.,1.,0.));
#2759=DIRECTION('ref_axis',(1.,0.,5.55111512312578E-17));
#2760=DIRECTION('center_axis',(0.,1.,0.));
#2761=DIRECTION('ref_axis',(1.,0.,5.55111512312578E-17));
#2762=DIRECTION('center_axis',(-1.23259516440783E-32,-1.,2.22044604925031E-16));
#2763=DIRECTION('ref_axis',(1.,0.,-1.00354120776702E-13));
#2764=DIRECTION('center_axis',(0.,-1.,0.));
#2765=DIRECTION('ref_axis',(1.,0.,5.55111512312578E-17));
#2766=DIRECTION('center_axis',(0.,-1.,0.));
#2767=DIRECTION('ref_axis',(1.,0.,5.55111512312578E-17));
#2768=DIRECTION('',(0.,1.,0.));
#2769=DIRECTION('center_axis',(0.,1.,0.));
#2770=DIRECTION('ref_axis',(1.,0.,5.55111512312578E-17));
#2771=DIRECTION('center_axis',(1.23259516440783E-32,1.,-2.22044604925031E-16));
#2772=DIRECTION('ref_axis',(1.,0.,-1.00354120776701E-13));
#2773=DIRECTION('center_axis',(1.23259516440783E-32,1.,-2.22044604925031E-16));
#2774=DIRECTION('ref_axis',(1.,0.,5.55111512312578E-17));
#2775=DIRECTION('axis',(0.,0.,1.));
#2776=DIRECTION('refdir',(1.,0.,0.));
#2777=DIRECTION('center_axis',(1.,0.,-3.33066907387547E-16));
#2778=DIRECTION('ref_axis',(3.92523114670946E-17,0.707106781186544,-0.707106781186551));
#2779=DIRECTION('center_axis',(1.,0.,5.55111512312578E-17));
#2780=DIRECTION('ref_axis',(5.55111512312578E-17,0.,-1.));
#2781=DIRECTION('',(1.,0.,-3.33066907387547E-16));
#2782=DIRECTION('center_axis',(-1.,0.,-5.55111512312578E-17));
#2783=DIRECTION('ref_axis',(0.,1.,0.));
#2784=DIRECTION('',(-1.,0.,3.33066907387547E-16));
#2785=DIRECTION('center_axis',(0.,-1.,0.));
#2786=DIRECTION('ref_axis',(0.,0.,-1.));
#2787=DIRECTION('center_axis',(5.55111512312578E-17,0.,-1.));
#2788=DIRECTION('ref_axis',(0.,1.,0.));
#2789=DIRECTION('center_axis',(0.,1.,0.));
#2790=DIRECTION('ref_axis',(0.707106781186548,0.,-0.707106781186547));
#2791=DIRECTION('center_axis',(0.,-1.,0.));
#2792=DIRECTION('ref_axis',(0.707106781186548,0.,-0.707106781186547));
#2793=DIRECTION('center_axis',(3.33066907387547E-16,0.,1.));
#2794=DIRECTION('ref_axis',(0.707106781186544,0.707106781186551,3.92523114670942E-17));
#2795=DIRECTION('center_axis',(5.55111512312578E-17,0.,-1.));
#2796=DIRECTION('ref_axis',(0.,1.,0.));
#2797=DIRECTION('',(-3.33066907387547E-16,0.,-1.));
#2798=DIRECTION('',(3.33066907387547E-16,0.,1.));
#2799=DIRECTION('center_axis',(0.,-1.,0.));
#2800=DIRECTION('ref_axis',(0.,0.,-1.));
#2801=DIRECTION('center_axis',(1.,0.,5.55111512312578E-17));
#2802=DIRECTION('ref_axis',(0.,1.,0.));
#2803=DIRECTION('center_axis',(0.,1.,0.));
#2804=DIRECTION('ref_axis',(0.707106781186547,0.,0.707106781186547));
#2805=DIRECTION('center_axis',(0.,-1.,0.));
#2806=DIRECTION('ref_axis',(0.707106781186547,0.,0.707106781186547));
#2807=DIRECTION('center_axis',(-1.,0.,3.33066907387547E-16));
#2808=DIRECTION('ref_axis',(-3.92523114670942E-17,0.707106781186551,0.707106781186544));
#2809=DIRECTION('center_axis',(1.,0.,5.55111512312578E-17));
#2810=DIRECTION('ref_axis',(0.,1.,0.));
#2811=DIRECTION('',(1.,0.,-3.33066907387547E-16));
#2812=DIRECTION('',(-1.,0.,3.33066907387547E-16));
#2813=DIRECTION('center_axis',(3.33066907387547E-16,0.,1.));
#2814=DIRECTION('ref_axis',(-0.707106781186554,0.707106781186541,-3.92523114670947E-17));
#2815=DIRECTION('center_axis',(-5.55111512312578E-17,0.,1.));
#2816=DIRECTION('ref_axis',(0.,1.,0.));
#2817=DIRECTION('',(3.33066907387547E-16,0.,1.));
#2818=DIRECTION('center_axis',(5.55111512312578E-17,0.,-1.));
#2819=DIRECTION('ref_axis',(-1.,0.,-5.55111512312578E-17));
#2820=DIRECTION('',(-3.33066907387547E-16,0.,-1.));
#2821=DIRECTION('center_axis',(-0.408248290463859,-0.816496580927726,0.408248290463867));
#2822=DIRECTION('ref_axis',(-0.577350269189623,0.577350269189623,0.577350269189631));
#2823=DIRECTION('center_axis',(0.,1.,0.));
#2824=DIRECTION('ref_axis',(-0.70710678118653,0.,0.707106781186565));
#2825=DIRECTION('center_axis',(-0.408248290463861,-0.816496580927721,-0.408248290463875));
#2826=DIRECTION('ref_axis',(-0.577350269189609,0.577350269189631,-0.577350269189638));
#2827=DIRECTION('center_axis',(0.,1.,0.));
#2828=DIRECTION('ref_axis',(-0.70710678118653,0.,-0.707106781186565));
#2829=DIRECTION('center_axis',(0.,1.,0.));
#2830=DIRECTION('ref_axis',(0.707106781186547,0.,0.707106781186547));
#2831=DIRECTION('',(0.,-1.,0.));
#2832=DIRECTION('',(0.,1.,0.));
#2833=DIRECTION('center_axis',(-3.33066907387547E-16,0.,-1.));
#2834=DIRECTION('ref_axis',(0.,-1.,0.));
#2835=DIRECTION('',(0.,1.,0.));
#2836=DIRECTION('center_axis',(0.,-1.,0.));
#2837=DIRECTION('ref_axis',(-0.707106781186535,0.,0.70710678118656));
#2838=DIRECTION('',(0.,-1.,0.));
#2839=DIRECTION('center_axis',(1.,0.,-3.33066907387547E-16));
#2840=DIRECTION('ref_axis',(3.33066907387547E-16,0.,1.));
#2841=DIRECTION('',(0.,1.,0.));
#2842=DIRECTION('center_axis',(0.,-1.,0.));
#2843=DIRECTION('ref_axis',(3.33066907387547E-16,0.,1.));
#2844=DIRECTION('center_axis',(0.,-1.,0.));
#2845=DIRECTION('ref_axis',(-0.707106781186535,0.,-0.70710678118656));
#2846=DIRECTION('',(0.,-1.,0.));
#2847=DIRECTION('center_axis',(-3.33066907387547E-16,0.,-1.));
#2848=DIRECTION('ref_axis',(0.,-1.,0.));
#2849=DIRECTION('',(0.,1.,0.));
#2850=DIRECTION('',(-1.,0.,3.33066907387547E-16));
#2851=DIRECTION('',(0.506098685370686,-0.110465440789569,-0.855372145359685));
#2852=DIRECTION('center_axis',(-4.16333634234434E-17,1.,1.92592994438724E-32));
#2853=DIRECTION('ref_axis',(-1.,-4.16333634234434E-17,4.42665846997978E-16));
#2854=DIRECTION('',(-0.684837020842852,-0.0967111657139476,-0.722250098864193));
#2855=DIRECTION('',(0.416096957575821,-0.0837723423947185,0.905453210577911));
#2856=DIRECTION('center_axis',(-4.16333634234434E-17,1.,1.92592994438724E-32));
#2857=DIRECTION('ref_axis',(-1.,-4.16333634234434E-17,4.42665846997978E-16));
#2858=DIRECTION('center_axis',(-4.16333634234434E-17,1.,1.92592994438724E-32));
#2859=DIRECTION('ref_axis',(-1.,-4.16333634234434E-17,4.42665846997978E-16));
#2860=DIRECTION('center_axis',(-4.16333634234434E-17,1.,1.92592994438724E-32));
#2861=DIRECTION('ref_axis',(-1.,-4.16333634234434E-17,4.42665846997978E-16));
#2862=DIRECTION('',(-0.515544225636147,-0.0769954429785526,0.853396656411169));
#2863=DIRECTION('',(3.33066907387547E-16,0.,1.));
#2864=DIRECTION('center_axis',(-1.,0.,3.33066907387547E-16));
#2865=DIRECTION('ref_axis',(-3.33066907387547E-16,0.,-1.));
#2866=DIRECTION('',(0.,-1.,0.));
#2867=DIRECTION('center_axis',(-4.16333634234434E-17,1.,1.92592994438724E-32));
#2868=DIRECTION('ref_axis',(-1.,-4.16333634234434E-17,4.42665846997978E-16));
#2869=DIRECTION('center_axis',(0.,-1.,0.));
#2870=DIRECTION('ref_axis',(0.707106781186547,0.,-0.707106781186548));
#2871=DIRECTION('center_axis',(0.0783407336787826,0.394338775004197,0.915619822838529));
#2872=DIRECTION('ref_axis',(-0.996359689724597,0.,0.0852488632880486));
#2873=DIRECTION('',(0.0783407336787826,0.394338775004197,0.915619822838529));
#2874=DIRECTION('center_axis',(-0.165207362480376,0.232778842089129,0.958394771510113));
#2875=DIRECTION('ref_axis',(-0.9854658165277,0.,-0.169873848650679));
#2876=DIRECTION('',(-0.165207362480376,0.232778842089129,0.958394771510113));
#2877=DIRECTION('center_axis',(-0.302209856962252,0.0207201775400843,0.953016199546242));
#2878=DIRECTION('ref_axis',(-0.953220842643306,0.,-0.302274751096393));
#2879=DIRECTION('',(-0.302209856962252,0.0207201775400843,0.953016199546242));
#2880=DIRECTION('center_axis',(4.16333634234434E-17,-1.,-1.92592994438724E-32));
#2881=DIRECTION('ref_axis',(-1.,-4.16333634234434E-17,4.42665846997978E-16));
#2882=DIRECTION('center_axis',(4.16333634234434E-17,-1.,-1.92592994438724E-32));
#2883=DIRECTION('ref_axis',(-1.,-4.16333634234434E-17,4.42665846997978E-16));
#2884=DIRECTION('center_axis',(4.16333634234434E-17,-1.,-1.92592994438724E-32));
#2885=DIRECTION('ref_axis',(-1.,-4.16333634234434E-17,4.42665846997978E-16));
#2886=DIRECTION('center_axis',(-3.33066907387547E-16,-2.88889491658085E-34,
-1.));
#2887=DIRECTION('ref_axis',(0.843868369522852,0.536550253861504,-2.81064633225253E-16));
#2888=DIRECTION('center_axis',(-0.423529411764706,-0.905882352941177,1.70778424082046E-16));
#2889=DIRECTION('ref_axis',(0.905882352941177,-0.423529411764706,-2.91320512208203E-16));
#2890=DIRECTION('center_axis',(4.16333634234434E-17,-1.,-1.92592994438724E-32));
#2891=DIRECTION('ref_axis',(-1.,-4.16333634234434E-17,4.42665846997978E-16));
#2892=DIRECTION('',(-4.16333634234434E-17,1.,1.92592994438724E-32));
#2893=DIRECTION('axis',(0.,0.,1.));
#2894=DIRECTION('refdir',(1.,0.,0.));
#2895=DIRECTION('center_axis',(0.,-1.,0.));
#2896=DIRECTION('ref_axis',(0.997462464389387,0.,0.0711943265594314));
#2897=DIRECTION('',(0.,-1.,0.));
#2898=DIRECTION('center_axis',(0.,1.,0.));
#2899=DIRECTION('ref_axis',(-5.55111512312578E-17,0.,1.));
#2900=DIRECTION('center_axis',(0.,-1.,0.));
#2901=DIRECTION('ref_axis',(-5.55111512312578E-17,0.,1.));
#2902=DIRECTION('',(0.,-1.,0.));
#2903=DIRECTION('center_axis',(0.,-1.,0.));
#2904=DIRECTION('ref_axis',(-5.55111512312578E-17,0.,1.));
#2905=DIRECTION('',(0.,-1.,0.));
#2906=DIRECTION('center_axis',(0.,-1.,0.));
#2907=DIRECTION('ref_axis',(-5.55111512312578E-17,0.,1.));
#2908=DIRECTION('',(0.,-1.,0.));
#2909=DIRECTION('center_axis',(0.,-1.,0.));
#2910=DIRECTION('ref_axis',(-5.55111512312578E-17,0.,1.));
#2911=DIRECTION('',(0.,-1.,0.));
#2912=DIRECTION('center_axis',(0.,-1.,0.));
#2913=DIRECTION('ref_axis',(-5.55111512312578E-17,0.,1.));
#2914=DIRECTION('',(0.,-1.,0.));
#2915=DIRECTION('center_axis',(0.,-1.,0.));
#2916=DIRECTION('ref_axis',(-0.199507189916747,0.,0.979896362464686));
#2917=DIRECTION('',(0.,-1.,0.));
#2918=DIRECTION('center_axis',(0.,1.,0.));
#2919=DIRECTION('ref_axis',(-5.55111512312578E-17,0.,1.));
#2920=DIRECTION('center_axis',(0.,-1.,0.));
#2921=DIRECTION('ref_axis',(0.00593189565125826,0.,-0.99998240615222));
#2922=DIRECTION('',(-2.24529902291318E-30,-1.,1.22464679914735E-16));
#2923=DIRECTION('center_axis',(0.,1.,0.));
#2924=DIRECTION('ref_axis',(-1.82117932014307E-14,0.,1.));
#2925=DIRECTION('center_axis',(0.,-1.,0.));
#2926=DIRECTION('ref_axis',(-1.82117932014307E-14,0.,1.));
#2927=DIRECTION('',(-2.24529902291318E-30,-1.,1.22464679914735E-16));
#2928=DIRECTION('center_axis',(0.,1.,0.));
#2929=DIRECTION('ref_axis',(-1.82117932014307E-14,0.,1.));
#2930=DIRECTION('center_axis',(0.,-1.,0.));
#2931=DIRECTION('ref_axis',(-1.82117932014307E-14,0.,1.));
#2932=DIRECTION('',(-2.24529902291318E-30,-1.,1.22464679914735E-16));
#2933=DIRECTION('center_axis',(0.,-1.,0.));
#2934=DIRECTION('ref_axis',(-1.82117932014307E-14,0.,1.));
#2935=DIRECTION('',(-2.24529902291318E-30,-1.,1.22464679914735E-16));
#2936=DIRECTION('center_axis',(0.,-1.,0.));
#2937=DIRECTION('ref_axis',(-1.82117932014307E-14,0.,1.));
#2938=DIRECTION('',(-2.24529902291318E-30,-1.,1.22464679914735E-16));
#2939=DIRECTION('center_axis',(0.,-1.,0.));
#2940=DIRECTION('ref_axis',(-1.82117932014307E-14,0.,1.));
#2941=DIRECTION('',(-2.24529902291318E-30,-1.,1.22464679914735E-16));
#2942=DIRECTION('center_axis',(0.,-1.,0.));
#2943=DIRECTION('ref_axis',(-1.82117932014307E-14,0.,1.));
#2944=DIRECTION('',(-2.24529902291318E-30,-1.,1.22464679914735E-16));
#2945=DIRECTION('center_axis',(0.,-1.,0.));
#2946=DIRECTION('ref_axis',(-1.82117932014307E-14,0.,1.));
#2947=DIRECTION('',(-2.24529902291318E-30,-1.,1.22464679914735E-16));
#2948=DIRECTION('center_axis',(0.,-1.,0.));
#2949=DIRECTION('ref_axis',(-1.82117932014307E-14,0.,1.));
#2950=DIRECTION('center_axis',(0.,-1.,0.));
#2951=DIRECTION('ref_axis',(-1.82117932014307E-14,0.,1.));
#2952=DIRECTION('center_axis',(0.,1.,0.));
#2953=DIRECTION('ref_axis',(-1.11022302462516E-16,0.,1.));
#2954=DIRECTION('',(-1.,0.,-1.11022302462516E-16));
#2955=DIRECTION('',(1.11022302462516E-16,0.,-1.));
#2956=DIRECTION('',(1.,0.,1.11022302462516E-16));
#2957=DIRECTION('',(0.5,0.,0.866025403784439));
#2958=DIRECTION('',(1.,0.,1.11022302462516E-16));
#2959=DIRECTION('',(1.11022302462516E-16,0.,-1.));
#2960=DIRECTION('',(1.,0.,1.11022302462516E-16));
#2961=DIRECTION('center_axis',(0.,1.,0.));
#2962=DIRECTION('ref_axis',(-0.707106781186547,0.,0.707106781186547));
#2963=DIRECTION('',(-1.11022302462516E-16,0.,1.));
#2964=DIRECTION('center_axis',(0.,-1.,0.));
#2965=DIRECTION('ref_axis',(-5.55111512312578E-17,0.,1.));
#2966=DIRECTION('center_axis',(0.,-1.,0.));
#2967=DIRECTION('ref_axis',(0.707106781186548,0.,-0.707106781186548));
#2968=DIRECTION('center_axis',(0.,-1.,0.));
#2969=DIRECTION('ref_axis',(0.707106781186548,0.,-0.707106781186548));
#2970=DIRECTION('',(0.,-1.,0.));
#2971=DIRECTION('center_axis',(0.,-1.,0.));
#2972=DIRECTION('ref_axis',(0.707106781186548,0.,-0.707106781186548));
#2973=DIRECTION('',(0.,1.,0.));
#2974=DIRECTION('center_axis',(1.,0.,1.11022302462516E-16));
#2975=DIRECTION('ref_axis',(0.,1.,0.));
#2976=DIRECTION('',(-1.11022302462516E-16,0.,1.));
#2977=DIRECTION('',(0.,1.,0.));
#2978=DIRECTION('',(-1.11022302462516E-16,0.,1.));
#2979=DIRECTION('center_axis',(0.,-1.,0.));
#2980=DIRECTION('ref_axis',(-1.11022302462516E-16,0.,1.));
#2981=DIRECTION('',(1.,0.,1.11022302462516E-16));
#2982=DIRECTION('',(1.11022302462516E-16,0.,-1.));
#2983=DIRECTION('center_axis',(0.,-1.,0.));
#2984=DIRECTION('ref_axis',(-0.707106781186547,0.,0.707106781186547));
#2985=DIRECTION('',(-1.,0.,-1.11022302462516E-16));
#2986=DIRECTION('center_axis',(0.,-1.,0.));
#2987=DIRECTION('ref_axis',(0.707106781186549,0.,0.707106781186546));
#2988=DIRECTION('center_axis',(0.,-1.,0.));
#2989=DIRECTION('ref_axis',(0.707106781186549,0.,0.707106781186546));
#2990=DIRECTION('',(0.,-1.,0.));
#2991=DIRECTION('center_axis',(0.,-1.,0.));
#2992=DIRECTION('ref_axis',(0.707106781186549,0.,0.707106781186546));
#2993=DIRECTION('center_axis',(-1.11022302462516E-16,0.,1.));
#2994=DIRECTION('ref_axis',(0.,1.,0.));
#2995=DIRECTION('',(0.,1.,0.));
#2996=DIRECTION('',(-1.,0.,-1.11022302462516E-16));
#2997=DIRECTION('center_axis',(-1.,0.,-1.11022302462516E-16));
#2998=DIRECTION('ref_axis',(3.92523114670944E-17,-0.707106781186547,-0.707106781186547));
#2999=DIRECTION('center_axis',(1.,0.,1.11022302462516E-16));
#3000=DIRECTION('ref_axis',(3.92523114670944E-17,-0.707106781186547,-0.707106781186547));
#3001=DIRECTION('',(1.,0.,1.11022302462516E-16));
#3002=DIRECTION('center_axis',(-1.,-3.33066907387547E-16,-5.55111512312578E-17));
#3003=DIRECTION('ref_axis',(5.55111512312578E-17,0.,-1.));
#3004=DIRECTION('center_axis',(0.,-1.,0.));
#3005=DIRECTION('ref_axis',(0.707106781186547,0.,-0.707106781186547));
#3006=DIRECTION('center_axis',(0.,-1.,0.));
#3007=DIRECTION('ref_axis',(0.707106781186547,0.,-0.707106781186547));
#3008=DIRECTION('',(0.,-1.,0.));
#3009=DIRECTION('center_axis',(0.,1.,0.));
#3010=DIRECTION('ref_axis',(1.,0.,5.55111512312578E-17));
#3011=DIRECTION('',(0.,1.,0.));
#3012=DIRECTION('center_axis',(-0.408248290463863,-0.816496580927726,0.408248290463863));
#3013=DIRECTION('ref_axis',(0.577350269189626,-0.577350269189626,-0.577350269189626));
#3014=DIRECTION('center_axis',(1.11022302462516E-16,0.,-1.));
#3015=DIRECTION('ref_axis',(0.707106781186547,-0.707106781186548,3.92523114670944E-17));
#3016=DIRECTION('center_axis',(1.11022302462516E-16,0.,-1.));
#3017=DIRECTION('ref_axis',(0.707106781186547,-0.707106781186548,3.92523114670944E-17));
#3018=DIRECTION('',(-1.11022302462516E-16,0.,1.));
#3019=DIRECTION('center_axis',(1.11022302462516E-16,0.,-1.));
#3020=DIRECTION('ref_axis',(0.707106781186547,-0.707106781186548,3.92523114670944E-17));
#3021=DIRECTION('center_axis',(-1.,0.,-1.11022302462516E-16));
#3022=DIRECTION('ref_axis',(1.11022302462516E-16,0.,-1.));
#3023=DIRECTION('',(1.11022302462516E-16,0.,-1.));
#3024=DIRECTION('',(0.,-1.,0.));
#3025=DIRECTION('center_axis',(0.,1.,0.));
#3026=DIRECTION('ref_axis',(1.,0.,1.11022302462516E-16));
#3027=DIRECTION('',(1.,0.,1.11022302462516E-16));
#3028=DIRECTION('center_axis',(0.,-1.,0.));
#3029=DIRECTION('ref_axis',(-0.707106781186547,0.,0.707106781186547));
#3030=DIRECTION('',(-1.11022302462516E-16,0.,1.));
#3031=DIRECTION('center_axis',(0.,-1.,0.));
#3032=DIRECTION('ref_axis',(-0.707106781186547,0.,0.707106781186547));
#3033=DIRECTION('',(1.,0.,1.11022302462516E-16));
#3034=DIRECTION('',(1.11022302462516E-16,0.,-1.));
#3035=DIRECTION('',(1.,0.,1.11022302462516E-16));
#3036=DIRECTION('',(0.5,0.,0.866025403784439));
#3037=DIRECTION('',(1.,0.,1.11022302462516E-16));
#3038=DIRECTION('center_axis',(0.,-1.,0.));
#3039=DIRECTION('ref_axis',(-0.707106781186547,0.,0.707106781186547));
#3040=DIRECTION('',(0.,1.,0.));
#3041=DIRECTION('',(0.,-1.,0.));
#3042=DIRECTION('center_axis',(1.11022302462516E-16,0.,-1.));
#3043=DIRECTION('ref_axis',(1.,0.,1.11022302462516E-16));
#3044=DIRECTION('',(0.,-1.,0.));
#3045=DIRECTION('center_axis',(0.,-1.,0.));
#3046=DIRECTION('ref_axis',(-0.707106781186547,0.,0.707106781186547));
#3047=DIRECTION('',(0.,-1.,0.));
#3048=DIRECTION('center_axis',(1.,0.,1.11022302462516E-16));
#3049=DIRECTION('ref_axis',(-1.11022302462516E-16,0.,1.));
#3050=DIRECTION('',(0.,-1.,0.));
#3051=DIRECTION('center_axis',(-1.11022302462516E-16,0.,1.));
#3052=DIRECTION('ref_axis',(-1.,0.,-1.11022302462516E-16));
#3053=DIRECTION('center_axis',(1.11022302462516E-16,0.,-1.));
#3054=DIRECTION('ref_axis',(1.,0.,1.11022302462516E-16));
#3055=DIRECTION('',(0.,1.,0.));
#3056=DIRECTION('center_axis',(0.866025403784439,0.,-0.5));
#3057=DIRECTION('ref_axis',(0.5,0.,0.866025403784439));
#3058=DIRECTION('',(0.,-1.,0.));
#3059=DIRECTION('center_axis',(1.11022302462516E-16,0.,-1.));
#3060=DIRECTION('ref_axis',(1.,0.,1.11022302462516E-16));
#3061=DIRECTION('',(0.,1.,0.));
#3062=DIRECTION('center_axis',(-1.,0.,-1.11022302462516E-16));
#3063=DIRECTION('ref_axis',(1.11022302462516E-16,0.,-1.));
#3064=DIRECTION('axis',(0.,0.,1.));
#3065=DIRECTION('refdir',(1.,0.,0.));
#3066=DIRECTION('center_axis',(0.,1.,0.));
#3067=DIRECTION('ref_axis',(0.707106781186547,0.,0.707106781186547));
#3068=DIRECTION('center_axis',(0.,-1.,0.));
#3069=DIRECTION('ref_axis',(0.707106781186547,0.,0.707106781186547));
#3070=DIRECTION('',(0.,-1.,0.));
#3071=DIRECTION('center_axis',(0.,1.,0.));
#3072=DIRECTION('ref_axis',(0.707106781186547,0.,0.707106781186547));
#3073=DIRECTION('',(0.,1.,0.));
#3074=DIRECTION('center_axis',(-1.11022302462516E-16,0.,1.));
#3075=DIRECTION('ref_axis',(1.,0.,1.11022302462516E-16));
#3076=DIRECTION('',(1.,0.,1.11022302462516E-16));
#3077=DIRECTION('',(0.,1.,0.));
#3078=DIRECTION('',(1.,0.,1.11022302462516E-16));
#3079=DIRECTION('center_axis',(0.,1.,0.));
#3080=DIRECTION('ref_axis',(-1.11022302462516E-16,0.,1.));
#3081=DIRECTION('',(1.11022302462516E-16,0.,-1.));
#3082=DIRECTION('',(-1.,0.,-1.11022302462516E-16));
#3083=DIRECTION('',(-0.5,0.,-0.866025403784439));
#3084=DIRECTION('',(1.,0.,1.11022302462516E-16));
#3085=DIRECTION('',(-1.11022302462516E-16,0.,1.));
#3086=DIRECTION('',(1.,0.,1.11022302462516E-16));
#3087=DIRECTION('',(-1.11022302462516E-16,0.,1.));
#3088=DIRECTION('center_axis',(0.,-1.,0.));
#3089=DIRECTION('ref_axis',(-0.707106781186547,0.,0.707106781186547));
#3090=DIRECTION('center_axis',(0.,1.,0.));
#3091=DIRECTION('ref_axis',(0.707106781186544,0.,-0.707106781186551));
#3092=DIRECTION('center_axis',(0.,1.,0.));
#3093=DIRECTION('ref_axis',(0.707106781186544,0.,-0.707106781186551));
#3094=DIRECTION('',(0.,1.,0.));
#3095=DIRECTION('center_axis',(0.,1.,0.));
#3096=DIRECTION('ref_axis',(0.707106781186544,0.,-0.707106781186551));
#3097=DIRECTION('',(0.,-1.,0.));
#3098=DIRECTION('center_axis',(1.11022302462516E-16,0.,-1.));
#3099=DIRECTION('ref_axis',(-1.,0.,-1.11022302462516E-16));
#3100=DIRECTION('',(-1.,0.,-1.11022302462516E-16));
#3101=DIRECTION('',(1.,0.,1.11022302462516E-16));
#3102=DIRECTION('',(0.,1.,0.));
#3103=DIRECTION('',(-1.,0.,-1.11022302462516E-16));
#3104=DIRECTION('',(0.,1.,0.));
#3105=DIRECTION('center_axis',(0.,-1.,0.));
#3106=DIRECTION('ref_axis',(-1.11022302462516E-16,0.,1.));
#3107=DIRECTION('',(-1.11022302462516E-16,0.,1.));
#3108=DIRECTION('center_axis',(0.,1.,0.));
#3109=DIRECTION('ref_axis',(0.707106781186546,0.,0.707106781186549));
#3110=DIRECTION('',(-1.,0.,-1.11022302462516E-16));
#3111=DIRECTION('center_axis',(0.,1.,0.));
#3112=DIRECTION('ref_axis',(-0.707106781186547,0.,0.707106781186547));
#3113=DIRECTION('',(1.11022302462516E-16,0.,-1.));
#3114=DIRECTION('center_axis',(0.,1.,0.));
#3115=DIRECTION('ref_axis',(0.707106781186546,0.,0.707106781186549));
#3116=DIRECTION('',(0.,1.,0.));
#3117=DIRECTION('center_axis',(0.,1.,0.));
#3118=DIRECTION('ref_axis',(0.707106781186546,0.,0.707106781186549));
#3119=DIRECTION('',(0.,-1.,0.));
#3120=DIRECTION('center_axis',(1.11022302462516E-16,0.,-1.));
#3121=DIRECTION('ref_axis',(0.,-1.,0.));
#3122=DIRECTION('',(-1.,0.,-1.11022302462516E-16));
#3123=DIRECTION('',(0.,1.,0.));
#3124=DIRECTION('center_axis',(0.,1.,0.));
#3125=DIRECTION('ref_axis',(-0.707106781186547,0.,0.707106781186547));
#3126=DIRECTION('',(0.,-1.,0.));
#3127=DIRECTION('center_axis',(0.,1.,0.));
#3128=DIRECTION('ref_axis',(-0.707106781186547,0.,0.707106781186547));
#3129=DIRECTION('center_axis',(0.,1.,0.));
#3130=DIRECTION('ref_axis',(1.,0.,1.11022302462516E-16));
#3131=DIRECTION('',(-1.11022302462516E-16,0.,1.));
#3132=DIRECTION('center_axis',(0.,1.,0.));
#3133=DIRECTION('ref_axis',(0.707106781186547,0.,-0.707106781186547));
#3134=DIRECTION('',(1.11022302462516E-16,0.,-1.));
#3135=DIRECTION('',(1.,0.,1.11022302462516E-16));
#3136=DIRECTION('',(-0.5,0.,-0.866025403784439));
#3137=DIRECTION('',(-1.,0.,-1.11022302462516E-16));
#3138=DIRECTION('',(1.11022302462516E-16,0.,-1.));
#3139=DIRECTION('center_axis',(0.,1.,0.));
#3140=DIRECTION('ref_axis',(0.707106781186547,0.,-0.707106781186547));
#3141=DIRECTION('center_axis',(0.,-1.,0.));
#3142=DIRECTION('ref_axis',(5.55111512312578E-17,0.,-1.));
#3143=DIRECTION('',(0.,-1.,0.));
#3144=DIRECTION('center_axis',(-1.,0.,-1.11022302462516E-16));
#3145=DIRECTION('ref_axis',(3.92523114670944E-17,0.707106781186547,-0.707106781186547));
#3146=DIRECTION('center_axis',(1.,0.,1.11022302462516E-16));
#3147=DIRECTION('ref_axis',(3.92523114670944E-17,0.707106781186547,-0.707106781186547));
#3148=DIRECTION('center_axis',(-1.,3.33066907387547E-16,-5.55111512312578E-17));
#3149=DIRECTION('ref_axis',(3.33066907387547E-16,1.,1.84889274661175E-32));
#3150=DIRECTION('center_axis',(0.408248290463864,-0.816496580927726,-0.408248290463863));
#3151=DIRECTION('ref_axis',(0.577350269189625,0.577350269189628,-0.577350269189625));
#3152=DIRECTION('center_axis',(1.11022302462516E-16,0.,-1.));
#3153=DIRECTION('ref_axis',(0.707106781186548,0.707106781186547,3.92523114670944E-17));
#3154=DIRECTION('center_axis',(1.,0.,1.11022302462516E-16));
#3155=DIRECTION('ref_axis',(1.11022302462516E-16,0.,-1.));
#3156=DIRECTION('',(1.11022302462516E-16,0.,-1.));
#3157=DIRECTION('',(0.,1.,0.));
#3158=DIRECTION('center_axis',(1.11022302462516E-16,0.,-1.));
#3159=DIRECTION('ref_axis',(0.707106781186547,0.707106781186548,3.92523114670944E-17));
#3160=DIRECTION('center_axis',(1.11022302462516E-16,0.,-1.));
#3161=DIRECTION('ref_axis',(0.707106781186547,0.707106781186548,3.92523114670944E-17));
#3162=DIRECTION('center_axis',(-1.,0.,-1.11022302462516E-16));
#3163=DIRECTION('ref_axis',(0.,-1.,0.));
#3164=DIRECTION('center_axis',(-1.,0.,-1.11022302462516E-16));
#3165=DIRECTION('ref_axis',(-1.11022302462516E-16,0.,1.));
#3166=DIRECTION('center_axis',(-1.11022302462516E-16,0.,1.));
#3167=DIRECTION('ref_axis',(1.,0.,1.11022302462516E-16));
#3168=DIRECTION('',(0.,1.,0.));
#3169=DIRECTION('center_axis',(-0.866025403784439,0.,0.5));
#3170=DIRECTION('ref_axis',(0.5,0.,0.866025403784439));
#3171=DIRECTION('',(0.,1.,0.));
#3172=DIRECTION('center_axis',(-1.11022302462516E-16,0.,1.));
#3173=DIRECTION('ref_axis',(1.,0.,1.11022302462516E-16));
#3174=DIRECTION('',(0.,1.,0.));
#3175=DIRECTION('center_axis',(1.,0.,1.11022302462516E-16));
#3176=DIRECTION('ref_axis',(1.11022302462516E-16,0.,-1.));
#3177=DIRECTION('center_axis',(1.,0.,5.55111512312578E-17));
#3178=DIRECTION('ref_axis',(5.55111512312578E-17,0.,-1.));
#3179=DIRECTION('center_axis',(0.,1.,0.));
#3180=DIRECTION('ref_axis',(0.,0.,1.));
#3181=DIRECTION('center_axis',(0.,-1.,0.));
#3182=DIRECTION('ref_axis',(0.,0.,1.));
#3183=DIRECTION('center_axis',(-0.552831472261099,0.,0.83329308366122));
#3184=DIRECTION('ref_axis',(-0.83329308366122,0.,-0.552831472261099));
#3185=DIRECTION('center_axis',(-1.,0.,8.88178419700125E-16));
#3186=DIRECTION('ref_axis',(8.88178419700125E-16,0.,1.));
#3187=DIRECTION('center_axis',(0.,1.,0.));
#3188=DIRECTION('ref_axis',(-0.492436384098811,0.,0.870348440347708));
#3189=DIRECTION('center_axis',(0.,-1.,0.));
#3190=DIRECTION('ref_axis',(-0.492436384098811,0.,0.870348440347708));
#3191=DIRECTION('center_axis',(-0.5528314722611,0.,-0.83329308366122));
#3192=DIRECTION('ref_axis',(-0.83329308366122,0.,0.5528314722611));
#3193=DIRECTION('center_axis',(-0.5528314722611,0.,-0.83329308366122));
#3194=DIRECTION('ref_axis',(-0.83329308366122,0.,0.5528314722611));
#3195=DIRECTION('center_axis',(-0.288709989729123,0.,-0.957416597845791));
#3196=DIRECTION('ref_axis',(-0.957416597845791,0.,0.288709989729122));
#3197=DIRECTION('center_axis',(0.552831472261099,0.,-0.83329308366122));
#3198=DIRECTION('ref_axis',(-0.83329308366122,0.,-0.552831472261099));
#3199=DIRECTION('center_axis',(0.288709989729122,0.,-0.957416597845792));
#3200=DIRECTION('ref_axis',(-0.957416597845791,0.,-0.288709989729122));
#3201=DIRECTION('center_axis',(-5.55111512312578E-17,0.,1.));
#3202=DIRECTION('ref_axis',(-1.,0.,-5.55111512312578E-17));
#3203=DIRECTION('',(5.55111512312578E-17,0.,-1.));
#3204=DIRECTION('',(0.,0.,1.));
#3205=DIRECTION('',(1.,0.,0.));
#3206=DIRECTION('',(0.,0.,1.));
#3207=DIRECTION('',(1.,0.,0.));
#3208=DIRECTION('',(0.,0.,1.));
#3209=DIRECTION('',(1.,0.,0.));
#3210=DIRECTION('',(0.,0.,1.));
#3211=DIRECTION('',(1.,0.,0.));
#3212=CARTESIAN_POINT('',(0.,0.,0.));
#3213=CARTESIAN_POINT('',(0.,0.,0.));
#3214=CARTESIAN_POINT('Origin',(-7.67145251638462,35.1911117731889,-38.0604233397902));
#3215=CARTESIAN_POINT('',(-12.4021160161815,21.1062433777127,-38.0605449910933));
#3216=CARTESIAN_POINT('',(-12.4023395638308,20.3343135019985,-38.0602851863346));
#3217=CARTESIAN_POINT('',(-12.4022025163846,35.1911117731889,-38.0604233397902));
#3218=CARTESIAN_POINT('',(-3.36162718978976,20.1911117731889,-40.0115484058539));
#3219=CARTESIAN_POINT('Ctrl Pts',(-12.4021160161815,21.1062433777127,-38.0605449910933));
#3220=CARTESIAN_POINT('Ctrl Pts',(-12.4023235807289,21.0912832198681,-38.2706363350593));
#3221=CARTESIAN_POINT('Ctrl Pts',(-12.3885879735711,21.0763230620234,-38.4807008368797));
#3222=CARTESIAN_POINT('Ctrl Pts',(-12.3606898862137,21.0613629041787,-38.6888674565791));
#3223=CARTESIAN_POINT('Ctrl Pts',(-12.2560234018928,21.0052362204234,-39.4698553414387));
#3224=CARTESIAN_POINT('Ctrl Pts',(-11.952011742054,20.9491095366681,-40.2241294276424));
#3225=CARTESIAN_POINT('Ctrl Pts',(-11.4858434037512,20.8929828529127,-40.8594101427415));
#3226=CARTESIAN_POINT('Ctrl Pts',(-11.0196750654485,20.8368561691574,-41.4946908578406));
#3227=CARTESIAN_POINT('Ctrl Pts',(-10.3913500486819,20.7807294854021,-42.010978201835));
#3228=CARTESIAN_POINT('Ctrl Pts',(-9.67773839199054,20.7246028016468,-42.3451262303565));
#3229=CARTESIAN_POINT('Ctrl Pts',(-8.96412673529917,20.6684761178915,-42.6792742588779));
#3230=CARTESIAN_POINT('Ctrl Pts',(-8.16522843868302,20.6123494341362,-42.8312829719264));
#3231=CARTESIAN_POINT('Ctrl Pts',(-7.37876580116001,20.5562227503808,-42.7825293083007));
#3232=CARTESIAN_POINT('Ctrl Pts',(-6.59230316363701,20.5000960666255,-42.7337756446751));
#3233=CARTESIAN_POINT('Ctrl Pts',(-5.81827618520716,20.4439693828702,-42.4842596043753));
#3234=CARTESIAN_POINT('Ctrl Pts',(-5.15139454155199,20.3878426991149,-42.0645613420892));
#3235=CARTESIAN_POINT('Ctrl Pts',(-4.48451289789683,20.3317160153596,-41.6448630798031));
#3236=CARTESIAN_POINT('Ctrl Pts',(-3.92477658901636,20.2755893316042,-41.0549825955306));
#3237=CARTESIAN_POINT('Ctrl Pts',(-3.54061878300634,20.2194626478489,-40.3669668977337));
#3238=CARTESIAN_POINT('Ctrl Pts',(-3.47593647814923,20.2100123562956,-40.2511227305317));
#3239=CARTESIAN_POINT('Ctrl Pts',(-3.4162318076406,20.2005620647423,-40.1324964390853));
#3240=CARTESIAN_POINT('Ctrl Pts',(-3.36162718978976,20.1911117731889,-40.0115484058539));
#3241=CARTESIAN_POINT('',(-11.9811834187668,20.1911117731889,-40.0113756999344));
#3242=CARTESIAN_POINT('Origin',(-7.67145251638462,20.1911117731889,-38.0604233397902));
#3243=CARTESIAN_POINT('Ctrl Pts',(-11.9811834187667,20.191111773189,-40.0113756999344));
#3244=CARTESIAN_POINT('Ctrl Pts',(-12.2576235361424,20.2388456827921,-39.4007085504691));
#3245=CARTESIAN_POINT('Ctrl Pts',(-12.4016090943634,20.2865795923953,-38.7303981550808));
#3246=CARTESIAN_POINT('Ctrl Pts',(-12.4023395638308,20.3343135019985,-38.0602851863346));
#3247=CARTESIAN_POINT('Origin',(-7.67145251638462,35.1911117731889,-38.0604233397902));
#3248=CARTESIAN_POINT('',(-12.4023737303012,23.2229100443794,-38.0603138650931));
#3249=CARTESIAN_POINT('',(-12.401836897109,22.4509801686651,-38.060479686744));
#3250=CARTESIAN_POINT('',(-12.4022025163846,35.1911117731889,-38.0604233397902));
#3251=CARTESIAN_POINT('Ctrl Pts',(-12.4023737303012,23.2229100443794,-38.0603138650931));
#3252=CARTESIAN_POINT('Ctrl Pts',(-12.4017200860291,23.175914536043,-38.720186937569));
#3253=CARTESIAN_POINT('Ctrl Pts',(-12.2624273903905,23.1289190277066,-39.3803272531865));
#3254=CARTESIAN_POINT('Ctrl Pts',(-11.994295311793,23.0819235193702,-39.9831616638855));
#3255=CARTESIAN_POINT('Ctrl Pts',(-11.6740654661582,23.0257968356148,-40.7031261354669));
#3256=CARTESIAN_POINT('Ctrl Pts',(-11.1700655853703,22.9696701518595,-41.341352337899));
#3257=CARTESIAN_POINT('Ctrl Pts',(-10.5439517814876,22.9135434681042,-41.8197637702848));
#3258=CARTESIAN_POINT('Ctrl Pts',(-9.91783797760479,22.8574167843489,-42.2981752026706));
#3259=CARTESIAN_POINT('Ctrl Pts',(-9.16961025062711,22.8012901005936,-42.6167718650102));
#3260=CARTESIAN_POINT('Ctrl Pts',(-8.39080198203387,22.7451634168382,-42.7365786877612));
#3261=CARTESIAN_POINT('Ctrl Pts',(-7.61199371344063,22.6890367330829,-42.8563855105121));
#3262=CARTESIAN_POINT('Ctrl Pts',(-6.80260490323184,22.6329100493276,-42.7774024936746));
#3263=CARTESIAN_POINT('Ctrl Pts',(-6.06165098477862,22.5767833655723,-42.5092919078148));
#3264=CARTESIAN_POINT('Ctrl Pts',(-5.32069706632541,22.520656681817,-42.2411813219549));
#3265=CARTESIAN_POINT('Ctrl Pts',(-4.64817803962776,22.4645299980617,-41.7839431670727));
#3266=CARTESIAN_POINT('Ctrl Pts',(-4.12636557224399,22.4084033143063,-41.1935130364509));
#3267=CARTESIAN_POINT('Ctrl Pts',(-3.60455310486023,22.352276630551,-40.6030829058291));
#3268=CARTESIAN_POINT('Ctrl Pts',(-3.23344719679034,22.2961499467957,-39.8794607994677));
#3269=CARTESIAN_POINT('Ctrl Pts',(-3.0584465567356,22.2400232630404,-39.1111699829225));
#3270=CARTESIAN_POINT('Ctrl Pts',(-2.88344591668085,22.1838965792851,-38.3428791663773));
#3271=CARTESIAN_POINT('Ctrl Pts',(-2.90455054464125,22.1277698955297,-37.5299196396484));
#3272=CARTESIAN_POINT('Ctrl Pts',(-3.11917865140203,22.0716432117744,-36.771743699938));
#3273=CARTESIAN_POINT('Ctrl Pts',(-3.33380675816282,22.0155165280191,-36.0135677602276));
#3274=CARTESIAN_POINT('Ctrl Pts',(-3.741958343724,21.9593898442638,-35.3101754075357));
#3275=CARTESIAN_POINT('Ctrl Pts',(-4.29370272930608,21.9032631605085,-34.7476150614552));
#3276=CARTESIAN_POINT('Ctrl Pts',(-4.84544711488816,21.8471364767532,-34.1850547153748));
#3277=CARTESIAN_POINT('Ctrl Pts',(-5.54078430049114,21.7910097929978,-33.7633263759058));
#3278=CARTESIAN_POINT('Ctrl Pts',(-6.29465126035784,21.7348831092425,-33.5340217647955));
#3279=CARTESIAN_POINT('Ctrl Pts',(-7.04851822022453,21.6787564254872,-33.3047171536852));
#3280=CARTESIAN_POINT('Ctrl Pts',(-7.86091495435492,21.6226297417319,-33.2678362709336));
#3281=CARTESIAN_POINT('Ctrl Pts',(-8.63245792390869,21.5665030579766,-33.4278905150494));
#3282=CARTESIAN_POINT('Ctrl Pts',(-9.40400089346246,21.5103763742212,-33.5879447591652));
#3283=CARTESIAN_POINT('Ctrl Pts',(-10.1346900984396,21.4542496904659,-33.9449341301484));
#3284=CARTESIAN_POINT('Ctrl Pts',(-10.7351379817155,21.3981230067106,-34.4551875995662));
#3285=CARTESIAN_POINT('Ctrl Pts',(-11.3355858649913,21.3419963229553,-34.965441068984));
#3286=CARTESIAN_POINT('Ctrl Pts',(-11.8057924265659,21.2858696392,-35.6289586368363));
#3287=CARTESIAN_POINT('Ctrl Pts',(-12.0882350529517,21.2297429554446,-36.3645682625202));
#3288=CARTESIAN_POINT('Ctrl Pts',(-12.2953946590327,21.188576429534,-36.9041065122384));
#3289=CARTESIAN_POINT('Ctrl Pts',(-12.4015448516651,21.1474099036234,-37.482427377311));
#3290=CARTESIAN_POINT('Ctrl Pts',(-12.4021160161815,21.1062433777127,-38.0605449910933));
#3291=CARTESIAN_POINT('Ctrl Pts',(-12.4023395638308,20.3343135019985,-38.0602851863346));
#3292=CARTESIAN_POINT('Ctrl Pts',(-12.4024679980051,20.3427062761506,-37.9424631422182));
#3293=CARTESIAN_POINT('Ctrl Pts',(-12.3981678254217,20.3510990503028,-37.8246472013751));
#3294=CARTESIAN_POINT('Ctrl Pts',(-12.3893803403306,20.3594918244549,-37.7071626248531));
#3295=CARTESIAN_POINT('Ctrl Pts',(-12.33061402686,20.4156185082102,-36.9214844267933));
#3296=CARTESIAN_POINT('Ctrl Pts',(-12.0711631313285,20.4717451919655,-36.1506257248472));
#3297=CARTESIAN_POINT('Ctrl Pts',(-11.6429137322169,20.5278718757209,-35.4891538479932));
#3298=CARTESIAN_POINT('Ctrl Pts',(-11.2146643331052,20.5839985594762,-34.8276819711391));
#3299=CARTESIAN_POINT('Ctrl Pts',(-10.6176164304134,20.6401252432315,-34.2755969193773));
#3300=CARTESIAN_POINT('Ctrl Pts',(-9.9247607169319,20.6962519269868,-33.9003252707514));
#3301=CARTESIAN_POINT('Ctrl Pts',(-9.23190500345041,20.7523786107421,-33.5250536221255));
#3302=CARTESIAN_POINT('Ctrl Pts',(-8.44324147917929,20.8085052944975,-33.3265953766355));
#3303=CARTESIAN_POINT('Ctrl Pts',(-7.6552737479809,20.8646319782528,-33.3292830250299));
#3304=CARTESIAN_POINT('Ctrl Pts',(-6.86730601678252,20.9207586620081,-33.3319706734242));
#3305=CARTESIAN_POINT('Ctrl Pts',(-6.08003407865689,20.9768853457634,-33.535804215703));
#3306=CARTESIAN_POINT('Ctrl Pts',(-5.38975629458018,21.0330120295187,-33.9158214572412));
#3307=CARTESIAN_POINT('Ctrl Pts',(-4.69947851050348,21.089138713274,-34.2958386987795));
#3308=CARTESIAN_POINT('Ctrl Pts',(-4.10619488047571,21.1452653970294,-34.8520396395773));
#3309=CARTESIAN_POINT('Ctrl Pts',(-3.6824895048956,21.2013920807847,-35.5163951713615));
#3310=CARTESIAN_POINT('Ctrl Pts',(-3.25878412931548,21.25751876454,-36.1807507031456));
#3311=CARTESIAN_POINT('Ctrl Pts',(-3.00465700818302,21.3136454482953,-36.9532608259162));
#3312=CARTESIAN_POINT('Ctrl Pts',(-2.95119369449275,21.3697721320506,-37.739415282054));
#3313=CARTESIAN_POINT('Ctrl Pts',(-2.89773038080249,21.4258988158059,-38.5255697381918));
#3314=CARTESIAN_POINT('Ctrl Pts',(-3.04493087455442,21.4820254995613,-39.3253685276969));
#3315=CARTESIAN_POINT('Ctrl Pts',(-3.37478894463888,21.5381521833166,-40.0409724865272));
#3316=CARTESIAN_POINT('Ctrl Pts',(-3.70464701472333,21.5942788670719,-40.7565764453575));
#3317=CARTESIAN_POINT('Ctrl Pts',(-4.21716266114031,21.6504055508272,-41.3879855735129));
#3318=CARTESIAN_POINT('Ctrl Pts',(-4.84963735604276,21.7065322345825,-41.8579558191989));
#3319=CARTESIAN_POINT('Ctrl Pts',(-5.48211205094522,21.7626589183379,-42.3279260648848));
#3320=CARTESIAN_POINT('Ctrl Pts',(-6.23454579433314,21.8187856020932,-42.6364574281013));
#3321=CARTESIAN_POINT('Ctrl Pts',(-7.01489098666873,21.8749122858485,-42.7458068982304));
#3322=CARTESIAN_POINT('Ctrl Pts',(-7.79523617900432,21.9310389696038,-42.8551563683596));
#3323=CARTESIAN_POINT('Ctrl Pts',(-8.60349282028759,21.9871656533591,-42.7653239454013));
#3324=CARTESIAN_POINT('Ctrl Pts',(-9.34078382220769,22.0432923371144,-42.4872987915861));
#3325=CARTESIAN_POINT('Ctrl Pts',(-10.0780748241278,22.0994190208698,-42.2092736377709));
#3326=CARTESIAN_POINT('Ctrl Pts',(-10.7444001866848,22.1555457046251,-41.7430557530987));
#3327=CARTESIAN_POINT('Ctrl Pts',(-11.2582460151022,22.2116723883804,-41.1456794189521));
#3328=CARTESIAN_POINT('Ctrl Pts',(-11.7720918435197,22.2677990721357,-40.5483030848055));
#3329=CARTESIAN_POINT('Ctrl Pts',(-12.1334581377976,22.3239257558911,-39.8197683011846));
#3330=CARTESIAN_POINT('Ctrl Pts',(-12.2981376264043,22.3800524396464,-39.0491992543616));
#3331=CARTESIAN_POINT('Ctrl Pts',(-12.3675065454362,22.403695015986,-38.7246078782906));
#3332=CARTESIAN_POINT('Ctrl Pts',(-12.4019754134541,22.4273375923256,-38.3925579544789));
#3333=CARTESIAN_POINT('Ctrl Pts',(-12.401836897109,22.4509801686651,-38.060479686744));
#3334=CARTESIAN_POINT('Origin',(-7.67145251638462,35.1911117731889,-38.0604233397902));
#3335=CARTESIAN_POINT('',(-12.4018512495746,25.3395767110461,-38.0604882248124));
#3336=CARTESIAN_POINT('',(-12.4026139785603,24.5676468353318,-38.0604165842028));
#3337=CARTESIAN_POINT('',(-12.4022025163846,35.1911117731889,-38.0604233397902));
#3338=CARTESIAN_POINT('Ctrl Pts',(-12.4018512495746,25.3395767110461,-38.0604882248124));
#3339=CARTESIAN_POINT('Ctrl Pts',(-12.4020063841963,25.3166725359732,-38.3821922690195));
#3340=CARTESIAN_POINT('Ctrl Pts',(-12.3696726003163,25.2937683609004,-38.7038655587371));
#3341=CARTESIAN_POINT('Ctrl Pts',(-12.304539390394,25.2708641858276,-39.0187544493688));
#3342=CARTESIAN_POINT('Ctrl Pts',(-12.1449304516895,25.2147375020723,-39.7903897135225));
#3343=CARTESIAN_POINT('Ctrl Pts',(-11.7883625721467,25.1586108183169,-40.5212849947128));
#3344=CARTESIAN_POINT('Ctrl Pts',(-11.2784559789336,25.1024841345616,-41.1220272525887));
#3345=CARTESIAN_POINT('Ctrl Pts',(-10.7685493857205,25.0463574508063,-41.7227695104646));
#3346=CARTESIAN_POINT('Ctrl Pts',(-10.1053040788371,24.990230767051,-42.1933587450261));
#3347=CARTESIAN_POINT('Ctrl Pts',(-9.36985723472046,24.9341040832957,-42.4762260879254));
#3348=CARTESIAN_POINT('Ctrl Pts',(-8.63441039060386,24.8779773995403,-42.7590934308247));
#3349=CARTESIAN_POINT('Ctrl Pts',(-7.82676200925408,24.821850715785,-42.8542388820619));
#3350=CARTESIAN_POINT('Ctrl Pts',(-7.04571461296084,24.7657240320297,-42.7500229574464));
#3351=CARTESIAN_POINT('Ctrl Pts',(-6.26466721666761,24.7095973482744,-42.6458070328309));
#3352=CARTESIAN_POINT('Ctrl Pts',(-5.51022080543093,24.6534706645191,-42.3422297323627));
#3353=CARTESIAN_POINT('Ctrl Pts',(-4.87466951378203,24.5973439807638,-41.8764287556745));
#3354=CARTESIAN_POINT('Ctrl Pts',(-4.23911822213314,24.5412172970084,-41.4106277789862));
#3355=CARTESIAN_POINT('Ctrl Pts',(-3.72246205007202,24.4850906132531,-40.7826031260779));
#3356=CARTESIAN_POINT('Ctrl Pts',(-3.38790539958283,24.4289639294978,-40.0691833045053));
#3357=CARTESIAN_POINT('Ctrl Pts',(-3.05334874909364,24.3728372457425,-39.3557634829328));
#3358=CARTESIAN_POINT('Ctrl Pts',(-2.90089162017636,24.3167105619872,-38.5569484926959));
#3359=CARTESIAN_POINT('Ctrl Pts',(-2.94918464004052,24.2605838782318,-37.7704602356736));
#3360=CARTESIAN_POINT('Ctrl Pts',(-2.99747765990467,24.2044571944765,-36.9839719786514));
#3361=CARTESIAN_POINT('Ctrl Pts',(-3.24652082855024,24.1483305107212,-36.2098104548438));
#3362=CARTESIAN_POINT('Ctrl Pts',(-3.66584780222291,24.0922038269659,-35.5426816191992));
#3363=CARTESIAN_POINT('Ctrl Pts',(-4.08517477589558,24.0360771432106,-34.8755527835547));
#3364=CARTESIAN_POINT('Ctrl Pts',(-4.67478555459534,23.9799504594552,-34.3154566360732));
#3365=CARTESIAN_POINT('Ctrl Pts',(-5.36255093772615,23.9238237756999,-33.9309117466675));
#3366=CARTESIAN_POINT('Ctrl Pts',(-6.05031632085697,23.8676970919446,-33.5463668572618));
#3367=CARTESIAN_POINT('Ctrl Pts',(-6.83623630841883,23.8115704081893,-33.3373732259319));
#3368=CARTESIAN_POINT('Ctrl Pts',(-7.6241664904529,23.755443724434,-33.3294977929728));
#3369=CARTESIAN_POINT('Ctrl Pts',(-8.41209667248696,23.6993170406787,-33.3216223600136));
#3370=CARTESIAN_POINT('Ctrl Pts',(-9.20203704899324,23.6431903569233,-33.5148651254251));
#3371=CARTESIAN_POINT('Ctrl Pts',(-9.89735138138132,23.587063673168,-33.8855860087792));
#3372=CARTESIAN_POINT('Ctrl Pts',(-10.5926657137694,23.5309369894127,-34.2563068921332));
#3373=CARTESIAN_POINT('Ctrl Pts',(-11.1933540020393,23.4748103056574,-34.8045058934297));
#3374=CARTESIAN_POINT('Ctrl Pts',(-11.6259318941879,23.4186836219021,-35.4631198634307));
#3375=CARTESIAN_POINT('Ctrl Pts',(-12.0585097863365,23.3625569381467,-36.1217338334316));
#3376=CARTESIAN_POINT('Ctrl Pts',(-12.3229772823639,23.3064302543914,-36.890762772137));
#3377=CARTESIAN_POINT('Ctrl Pts',(-12.3869811251367,23.2503035706361,-37.6761286118551));
#3378=CARTESIAN_POINT('Ctrl Pts',(-12.3973938250637,23.2411723952172,-37.8038987342045));
#3379=CARTESIAN_POINT('Ctrl Pts',(-12.402500732662,23.2320412197983,-37.9321012551591));
#3380=CARTESIAN_POINT('Ctrl Pts',(-12.4023737303012,23.2229100443794,-38.0603138650931));
#3381=CARTESIAN_POINT('Ctrl Pts',(-12.401836897109,22.4509801686651,-38.060479686744));
#3382=CARTESIAN_POINT('Ctrl Pts',(-12.4016465802939,22.4834642760809,-37.6042152777986));
#3383=CARTESIAN_POINT('Ctrl Pts',(-12.3361250007691,22.5159483834966,-37.1478973616516));
#3384=CARTESIAN_POINT('Ctrl Pts',(-12.2060312631845,22.5484324909123,-36.7107980427525));
#3385=CARTESIAN_POINT('Ctrl Pts',(-11.9812527284226,22.6045591746676,-35.9555691879914));
#3386=CARTESIAN_POINT('Ctrl Pts',(-11.5637029759632,22.6606858584229,-35.2577147884942));
#3387=CARTESIAN_POINT('Ctrl Pts',(-11.004462355287,22.7168125421783,-34.7026058545772));
#3388=CARTESIAN_POINT('Ctrl Pts',(-10.4452217346109,22.7729392259336,-34.1474969206602));
#3389=CARTESIAN_POINT('Ctrl Pts',(-9.74429024571807,22.8290659096889,-33.7351334523235));
#3390=CARTESIAN_POINT('Ctrl Pts',(-8.98741535513676,22.8851925934442,-33.5159613611847));
#3391=CARTESIAN_POINT('Ctrl Pts',(-8.23054046455545,22.9413192771995,-33.2967892700459));
#3392=CARTESIAN_POINT('Ctrl Pts',(-7.41772217228567,22.9974459609549,-33.2708085561052));
#3393=CARTESIAN_POINT('Ctrl Pts',(-6.64839545224452,23.0535726447102,-33.4411975283574));
#3394=CARTESIAN_POINT('Ctrl Pts',(-5.87906873220336,23.1096993284655,-33.6115865006096));
#3395=CARTESIAN_POINT('Ctrl Pts',(-5.15323358439084,23.1658260122208,-33.9783451590549));
#3396=CARTESIAN_POINT('Ctrl Pts',(-4.55968402593066,23.2219526959761,-34.4966066043942));
#3397=CARTESIAN_POINT('Ctrl Pts',(-3.96613446747049,23.2780793797315,-35.0148680497336));
#3398=CARTESIAN_POINT('Ctrl Pts',(-3.50487049836268,23.3342060634868,-35.6846322819672));
#3399=CARTESIAN_POINT('Ctrl Pts',(-3.23232019329233,23.3903327472421,-36.4239646399782));
#3400=CARTESIAN_POINT('Ctrl Pts',(-2.95976988822199,23.4464594309974,-37.1632969979893));
#3401=CARTESIAN_POINT('Ctrl Pts',(-2.87593324718912,23.5025861147527,-37.9721974817778));
#3402=CARTESIAN_POINT('Ctrl Pts',(-2.99106630733122,23.5587127985081,-38.7517103954441));
#3403=CARTESIAN_POINT('Ctrl Pts',(-3.10619936747333,23.6148394822634,-39.5312233091104));
#3404=CARTESIAN_POINT('Ctrl Pts',(-3.42030212879042,23.6709661660187,-40.2813486526544));
#3405=CARTESIAN_POINT('Ctrl Pts',(-3.89494927416427,23.727092849774,-40.9103209029698));
#3406=CARTESIAN_POINT('Ctrl Pts',(-4.36959641953812,23.7832195335293,-41.5392931532853));
#3407=CARTESIAN_POINT('Ctrl Pts',(-5.00478794896873,23.8393462172846,-42.0471123103721));
#3408=CARTESIAN_POINT('Ctrl Pts',(-5.72281860525942,23.89547290104,-42.3716550361096));
#3409=CARTESIAN_POINT('Ctrl Pts',(-6.44084926155012,23.9515995847953,-42.6961977618471));
#3410=CARTESIAN_POINT('Ctrl Pts',(-7.2417190447009,24.0077262685506,-42.8374640562353));
#3411=CARTESIAN_POINT('Ctrl Pts',(-8.02745468261563,24.0638529523059,-42.7781723069093));
#3412=CARTESIAN_POINT('Ctrl Pts',(-8.81319032053036,24.1199796360612,-42.7188805575832));
#3413=CARTESIAN_POINT('Ctrl Pts',(-9.58379181320903,24.1761063198166,-42.4590307645427));
#3414=CARTESIAN_POINT('Ctrl Pts',(-10.2449887170978,24.2322330035719,-42.0304112846867));
#3415=CARTESIAN_POINT('Ctrl Pts',(-10.9061856209865,24.2883596873272,-41.6017918048307));
#3416=CARTESIAN_POINT('Ctrl Pts',(-11.4579779360853,24.3444863710825,-41.0044026381591));
#3417=CARTESIAN_POINT('Ctrl Pts',(-11.8328629300464,24.4006130548378,-40.3113245433359));
#3418=CARTESIAN_POINT('Ctrl Pts',(-12.2047505575949,24.4562909816691,-39.6237879053228));
#3419=CARTESIAN_POINT('Ctrl Pts',(-12.4025484547797,24.5119689085005,-38.8420863701557));
#3420=CARTESIAN_POINT('Ctrl Pts',(-12.4026136021642,24.5676468353318,-38.0604165903826));
#3421=CARTESIAN_POINT('Origin',(-7.67145251638462,35.1911117731889,-38.0604233397902));
#3422=CARTESIAN_POINT('',(-12.402608864337,27.4562433777127,-38.0604055502529));
#3423=CARTESIAN_POINT('',(-12.4018222450457,26.6843135019985,-38.0603778439432));
#3424=CARTESIAN_POINT('',(-12.4022025163846,35.1911117731889,-38.0604233397902));
#3425=CARTESIAN_POINT('Ctrl Pts',(-12.402608864337,27.4562433777127,-38.0604055502529));
#3426=CARTESIAN_POINT('Ctrl Pts',(-12.4024453941778,27.4013038521482,-38.8317110445241));
#3427=CARTESIAN_POINT('Ctrl Pts',(-12.2100607194002,27.3463643265836,-39.6030951144792));
#3428=CARTESIAN_POINT('Ctrl Pts',(-11.8475740412048,27.291424801019,-40.2839119292903));
#3429=CARTESIAN_POINT('Ctrl Pts',(-11.4772545864312,27.2352981172637,-40.9794401426765));
#3430=CARTESIAN_POINT('Ctrl Pts',(-10.9294024208089,27.1791714335084,-41.580444776112));
#3431=CARTESIAN_POINT('Ctrl Pts',(-10.271038264066,27.1230447497531,-42.0134027779046));
#3432=CARTESIAN_POINT('Ctrl Pts',(-9.61267410732314,27.0669180659978,-42.4463607796972));
#3433=CARTESIAN_POINT('Ctrl Pts',(-8.84379795945963,27.0107913822424,-42.7112721498468));
#3434=CARTESIAN_POINT('Ctrl Pts',(-8.05846919642604,26.9546646984871,-42.7757293306113));
#3435=CARTESIAN_POINT('Ctrl Pts',(-7.27314043339244,26.8985380147318,-42.8401865113758));
#3436=CARTESIAN_POINT('Ctrl Pts',(-6.47135905518875,26.8424113309765,-42.7041895027552));
#3437=CARTESIAN_POINT('Ctrl Pts',(-5.75120985257371,26.7862846472212,-42.3843753064272));
#3438=CARTESIAN_POINT('Ctrl Pts',(-5.03106064995866,26.7301579634658,-42.0645611100992));
#3439=CARTESIAN_POINT('Ctrl Pts',(-4.39254362293227,26.6740312797105,-41.5609297260638));
#3440=CARTESIAN_POINT('Ctrl Pts',(-3.91377084879433,26.6179045959552,-40.9350921872854));
#3441=CARTESIAN_POINT('Ctrl Pts',(-3.43499807465639,26.5617779121999,-40.309254648507));
#3442=CARTESIAN_POINT('Ctrl Pts',(-3.11596955340689,26.5056512284446,-39.5612109549854));
#3443=CARTESIAN_POINT('Ctrl Pts',(-2.99571318791749,26.4495245446893,-38.7824719738375));
#3444=CARTESIAN_POINT('Ctrl Pts',(-2.87545682242809,26.393397860934,-38.0037329926896));
#3445=CARTESIAN_POINT('Ctrl Pts',(-2.95397261269879,26.3372711771786,-37.1942987239154));
#3446=CARTESIAN_POINT('Ctrl Pts',(-3.22165544058975,26.2811444934233,-36.4531901638162));
#3447=CARTESIAN_POINT('Ctrl Pts',(-3.48933826848071,26.225017809668,-35.712081603717));
#3448=CARTESIAN_POINT('Ctrl Pts',(-3.94618813399194,26.1688911259127,-35.0392987522929));
#3449=CARTESIAN_POINT('Ctrl Pts',(-4.53631695505395,26.1127644421574,-34.5171455480014));
#3450=CARTESIAN_POINT('Ctrl Pts',(-5.12644577611597,26.056637758402,-33.9949923437098));
#3451=CARTESIAN_POINT('Ctrl Pts',(-5.84985355272877,26.0005110746467,-33.6234687865508));
#3452=CARTESIAN_POINT('Ctrl Pts',(-6.61804321782243,25.9443843908914,-33.4480246853581));
#3453=CARTESIAN_POINT('Ctrl Pts',(-7.38623288291608,25.8882577071361,-33.2725805841655));
#3454=CARTESIAN_POINT('Ctrl Pts',(-8.19920443649058,25.8321310233808,-33.2932159389392));
#3455=CARTESIAN_POINT('Ctrl Pts',(-8.95750415351203,25.7760043396254,-33.5074063527424));
#3456=CARTESIAN_POINT('Ctrl Pts',(-9.71580387053348,25.7198776558701,-33.7215967665455));
#3457=CARTESIAN_POINT('Ctrl Pts',(-10.4194317510019,25.6637509721148,-34.1293422393782));
#3458=CARTESIAN_POINT('Ctrl Pts',(-10.9823104734629,25.6076242883595,-34.6807618055895));
#3459=CARTESIAN_POINT('Ctrl Pts',(-11.5451891959239,25.5514976046042,-35.2321813718008));
#3460=CARTESIAN_POINT('Ctrl Pts',(-11.9673187603774,25.4953709208488,-35.9272750313908));
#3461=CARTESIAN_POINT('Ctrl Pts',(-12.1970585436711,25.4392442370935,-36.6810094847444));
#3462=CARTESIAN_POINT('Ctrl Pts',(-12.3330461245241,25.406021728411,-37.1271600096888));
#3463=CARTESIAN_POINT('Ctrl Pts',(-12.4016262267874,25.3727992197286,-37.593856470214));
#3464=CARTESIAN_POINT('Ctrl Pts',(-12.4018512495746,25.3395767110461,-38.0604882248124));
#3465=CARTESIAN_POINT('Ctrl Pts',(-12.4026136021642,24.5676468353318,-38.0604165903826));
#3466=CARTESIAN_POINT('Ctrl Pts',(-12.4026141272437,24.5680955922558,-38.0541164325658));
#3467=CARTESIAN_POINT('Ctrl Pts',(-12.4026018073023,24.5685443491798,-38.0478162768119));
#3468=CARTESIAN_POINT('Ctrl Pts',(-12.4025766299607,24.5689931061038,-38.0415161724404));
#3469=CARTESIAN_POINT('Ctrl Pts',(-12.3994276630904,24.6251197898591,-37.2535529193429));
#3470=CARTESIAN_POINT('Ctrl Pts',(-12.1951520565263,24.6812464736144,-36.4663934361225));
#3471=CARTESIAN_POINT('Ctrl Pts',(-11.8147395776418,24.7373731573697,-35.7763337646946));
#3472=CARTESIAN_POINT('Ctrl Pts',(-11.4343270987574,24.7934998411251,-35.0862740932667));
#3473=CARTESIAN_POINT('Ctrl Pts',(-10.8777777475525,24.8496265248804,-34.4933142336313));
#3474=CARTESIAN_POINT('Ctrl Pts',(-10.2131762016519,24.9057532086357,-34.0699930914592));
#3475=CARTESIAN_POINT('Ctrl Pts',(-9.54857465575138,24.961879892391,-33.6466719492871));
#3476=CARTESIAN_POINT('Ctrl Pts',(-8.77592091515513,25.0180065761463,-33.3929895245784));
#3477=CARTESIAN_POINT('Ctrl Pts',(-7.98973648227678,25.0741332599016,-33.3399796979174));
#3478=CARTESIAN_POINT('Ctrl Pts',(-7.20355204939843,25.130259943657,-33.2869698712564));
#3479=CARTESIAN_POINT('Ctrl Pts',(-6.40383692423796,25.1863866274123,-33.4346326426432));
#3480=CARTESIAN_POINT('Ctrl Pts',(-5.68842312541104,25.2425133111676,-33.764903895814));
#3481=CARTESIAN_POINT('Ctrl Pts',(-4.97300932658413,25.2986399949229,-34.0951751489848));
#3482=CARTESIAN_POINT('Ctrl Pts',(-4.34189685409076,25.3547666786782,-34.6080548839396));
#3483=CARTESIAN_POINT('Ctrl Pts',(-3.87229195952582,25.4108933624336,-35.2408006837863));
#3484=CARTESIAN_POINT('Ctrl Pts',(-3.40268706496088,25.4670200461889,-35.873546483633));
#3485=CARTESIAN_POINT('Ctrl Pts',(-3.09458974832436,25.5231467299442,-36.6261583483716));
#3486=CARTESIAN_POINT('Ctrl Pts',(-2.98569065903415,25.5792734136995,-37.4065665701214));
#3487=CARTESIAN_POINT('Ctrl Pts',(-2.87679156974393,25.6354000974548,-38.1869747918712));
#3488=CARTESIAN_POINT('Ctrl Pts',(-2.96709070780002,25.6915267812101,-38.9951793706323));
#3489=CARTESIAN_POINT('Ctrl Pts',(-3.24554145587914,25.7476534649655,-39.7323097424914));
#3490=CARTESIAN_POINT('Ctrl Pts',(-3.52399220395826,25.8037801487208,-40.4694401143505));
#3491=CARTESIAN_POINT('Ctrl Pts',(-3.99059456206042,25.8599068324761,-41.1354962793078));
#3492=CARTESIAN_POINT('Ctrl Pts',(-4.58826739073021,25.9160335162314,-41.6489971985794));
#3493=CARTESIAN_POINT('Ctrl Pts',(-5.18594021939999,25.9721601999867,-42.1624981178511));
#3494=CARTESIAN_POINT('Ctrl Pts',(-5.9146835186374,26.028286883742,-42.5234437914371));
#3495=CARTESIAN_POINT('Ctrl Pts',(-6.6853475077595,26.0844135674974,-42.687678440928));
#3496=CARTESIAN_POINT('Ctrl Pts',(-7.45601149688159,26.1405402512527,-42.8519130904189));
#3497=CARTESIAN_POINT('Ctrl Pts',(-8.26859617588837,26.196666935008,-42.8194367158146));
#3498=CARTESIAN_POINT('Ctrl Pts',(-9.02369514749891,26.2527936187633,-42.5942222684635));
#3499=CARTESIAN_POINT('Ctrl Pts',(-9.77879411910945,26.3089203025187,-42.3690078211123));
#3500=CARTESIAN_POINT('Ctrl Pts',(-10.4764073833238,26.365046986274,-41.9510553010144));
#3501=CARTESIAN_POINT('Ctrl Pts',(-11.0311934082591,26.4211736700293,-41.3914943385094));
#3502=CARTESIAN_POINT('Ctrl Pts',(-11.5859794331944,26.4773003537846,-40.8319333760045));
#3503=CARTESIAN_POINT('Ctrl Pts',(-11.9979382188507,26.5334270375399,-40.1307639710926));
#3504=CARTESIAN_POINT('Ctrl Pts',(-12.2166733699128,26.5895537212952,-39.3737626910984));
#3505=CARTESIAN_POINT('Ctrl Pts',(-12.339771651395,26.621140314863,-38.9477426563913));
#3506=CARTESIAN_POINT('Ctrl Pts',(-12.4016733649747,26.6527269084307,-38.5040399032022));
#3507=CARTESIAN_POINT('Ctrl Pts',(-12.4018222450457,26.6843135019985,-38.0603778439432));
#3508=CARTESIAN_POINT('Origin',(-7.67145251638462,35.1911117731889,-38.0604233397902));
#3509=CARTESIAN_POINT('',(-12.4018125623223,29.5729100443794,-38.0603870694405));
#3510=CARTESIAN_POINT('',(-12.4024410734417,28.8009801686651,-38.0605199236625));
#3511=CARTESIAN_POINT('',(-12.4022025163846,35.1911117731889,-38.0604233397902));
#3512=CARTESIAN_POINT('Ctrl Pts',(-12.4018125623223,29.5729100443794,-38.0603870694405));
#3513=CARTESIAN_POINT('Ctrl Pts',(-12.4016969322519,29.5420618520784,-38.4936801435985));
#3514=CARTESIAN_POINT('Ctrl Pts',(-12.3426932525638,29.5112136597774,-38.9270040822918));
#3515=CARTESIAN_POINT('Ctrl Pts',(-12.2252111119431,29.4803654674765,-39.3438465556467));
#3516=CARTESIAN_POINT('Ctrl Pts',(-12.0114584586537,29.4242387837211,-40.102269786723));
#3517=CARTESIAN_POINT('Ctrl Pts',(-11.6041192195672,29.3681120999658,-40.8061329190396));
#3518=CARTESIAN_POINT('Ctrl Pts',(-11.0530246642502,29.3119854162105,-41.3693298519912));
#3519=CARTESIAN_POINT('Ctrl Pts',(-10.5019301089332,29.2558587324552,-41.9325267849428));
#3520=CARTESIAN_POINT('Ctrl Pts',(-9.80708023738574,29.1997320486998,-42.3550575185293));
#3521=CARTESIAN_POINT('Ctrl Pts',(-9.05347852578371,29.1436053649445,-42.585232353115));
#3522=CARTESIAN_POINT('Ctrl Pts',(-8.29987681418168,29.0874786811892,-42.8154071877006));
#3523=CARTESIAN_POINT('Ctrl Pts',(-7.48752326252505,29.0313519974339,-42.8532261232854));
#3524=CARTESIAN_POINT('Ctrl Pts',(-6.71579599344457,28.9752253136786,-42.6940626338926));
#3525=CARTESIAN_POINT('Ctrl Pts',(-5.94406872436407,28.9190986299233,-42.5348991444999));
#3526=CARTESIAN_POINT('Ctrl Pts',(-5.21296773785972,28.862971946168,-42.1787532301298));
#3527=CARTESIAN_POINT('Ctrl Pts',(-4.61193123895743,28.8068452624126,-41.6691934974316));
#3528=CARTESIAN_POINT('Ctrl Pts',(-4.01089474005515,28.7507185786573,-41.1596337647334));
#3529=CARTESIAN_POINT('Ctrl Pts',(-3.53992272875495,28.694591894902,-40.4966602137072));
#3530=CARTESIAN_POINT('Ctrl Pts',(-3.2566308998522,28.6384652111467,-39.7613767759247));
#3531=CARTESIAN_POINT('Ctrl Pts',(-2.97333907094944,28.5823385273914,-39.0260933381422));
#3532=CARTESIAN_POINT('Ctrl Pts',(-2.87772742444412,28.526211843636,-38.2185000136034));
#3533=CARTESIAN_POINT('Ctrl Pts',(-2.9814924758674,28.4700851598807,-37.4373925892994));
#3534=CARTESIAN_POINT('Ctrl Pts',(-3.08525752729069,28.4139584761254,-36.6562851649955));
#3535=CARTESIAN_POINT('Ctrl Pts',(-3.38839927664257,28.3578317923701,-35.9016636409262));
#3536=CARTESIAN_POINT('Ctrl Pts',(-3.85383330681846,28.3017051086148,-35.2658435738047));
#3537=CARTESIAN_POINT('Ctrl Pts',(-4.31926733699435,28.2455784248594,-34.6300235066832));
#3538=CARTESIAN_POINT('Ctrl Pts',(-4.94699364799425,28.1894517411041,-34.1130048965094));
#3539=CARTESIAN_POINT('Ctrl Pts',(-5.66022022950002,28.1333250573488,-33.7780364836203));
#3540=CARTESIAN_POINT('Ctrl Pts',(-6.37344681100581,28.0771983735935,-33.4430680707311));
#3541=CARTESIAN_POINT('Ctrl Pts',(-7.17217366301748,28.0210716898382,-33.2901498551266));
#3542=CARTESIAN_POINT('Ctrl Pts',(-7.95868966591709,27.9649450060828,-33.3379888704055));
#3543=CARTESIAN_POINT('Ctrl Pts',(-8.7452056688167,27.9088183223275,-33.3858278856844));
#3544=CARTESIAN_POINT('Ctrl Pts',(-9.51951082260425,27.8526916385722,-33.6344241318467));
#3545=CARTESIAN_POINT('Ctrl Pts',(-10.1868816015691,27.7965649548169,-34.0533659387648));
#3546=CARTESIAN_POINT('Ctrl Pts',(-10.8542523805339,27.7404382710616,-34.472307745683));
#3547=CARTESIAN_POINT('Ctrl Pts',(-11.414688784676,27.6843115873063,-35.0615951133571));
#3548=CARTESIAN_POINT('Ctrl Pts',(-11.7996306192487,27.6281849035509,-35.7491384052273));
#3549=CARTESIAN_POINT('Ctrl Pts',(-12.1845724538215,27.5720582197956,-36.4366816970975));
#3550=CARTESIAN_POINT('Ctrl Pts',(-12.3940197188248,27.5159315360403,-37.222480913164));
#3551=CARTESIAN_POINT('Ctrl Pts',(-12.402349979364,27.459804852285,-38.0104064178656));
#3552=CARTESIAN_POINT('Ctrl Pts',(-12.4025261760742,27.4586176940942,-38.027072148923));
#3553=CARTESIAN_POINT('Ctrl Pts',(-12.4026123966744,27.4574305359035,-38.0437388312435));
#3554=CARTESIAN_POINT('Ctrl Pts',(-12.402608864337,27.4562433777127,-38.0604055502529));
#3555=CARTESIAN_POINT('Ctrl Pts',(-12.4018222450457,26.6843135019985,-38.0603778439432));
#3556=CARTESIAN_POINT('Ctrl Pts',(-12.4019379121677,26.708853592186,-37.7156902497056));
#3557=CARTESIAN_POINT('Ctrl Pts',(-12.3647797841243,26.7333936823736,-37.3710272181824));
#3558=CARTESIAN_POINT('Ctrl Pts',(-12.2900870040361,26.7579337725612,-37.0347000201185));
#3559=CARTESIAN_POINT('Ctrl Pts',(-12.1192539706295,26.8140604563165,-36.2654717842093));
#3560=CARTESIAN_POINT('Ctrl Pts',(-11.7520763873483,26.8701871400718,-35.5398484674672));
#3561=CARTESIAN_POINT('Ctrl Pts',(-11.2334724044597,26.9263138238271,-34.94659817193));
#3562=CARTESIAN_POINT('Ctrl Pts',(-10.7148684215711,26.9824405075825,-34.3533478763927));
#3563=CARTESIAN_POINT('Ctrl Pts',(-10.0448380390749,27.0385671913378,-33.8924706020604));
#3564=CARTESIAN_POINT('Ctrl Pts',(-9.30534847603584,27.0946938750931,-33.6203471183636));
#3565=CARTESIAN_POINT('Ctrl Pts',(-8.56585891299677,27.1508205588484,-33.3482236346668));
#3566=CARTESIAN_POINT('Ctrl Pts',(-7.75691016941478,27.2069472426037,-33.2648539416057));
#3567=CARTESIAN_POINT('Ctrl Pts',(-6.97746384555374,27.2630739263591,-33.3804369526518));
#3568=CARTESIAN_POINT('Ctrl Pts',(-6.19801752169269,27.3192006101144,-33.4960199636979));
#3569=CARTESIAN_POINT('Ctrl Pts',(-5.44807361755259,27.3753272938697,-33.8105556788513));
#3570=CARTESIAN_POINT('Ctrl Pts',(-4.81937545982826,27.431453977625,-34.285565816319));
#3571=CARTESIAN_POINT('Ctrl Pts',(-4.19067730210394,27.4875806613803,-34.7605759537866));
#3572=CARTESIAN_POINT('Ctrl Pts',(-3.68322489079541,27.5437073451357,-35.3960605135685));
#3573=CARTESIAN_POINT('Ctrl Pts',(-3.35909669883343,27.599834028891,-36.1142783909556));
#3574=CARTESIAN_POINT('Ctrl Pts',(-3.03496850687144,27.6559607126463,-36.8324962683427));
#3575=CARTESIAN_POINT('Ctrl Pts',(-2.89416453425602,27.7120873964016,-37.633447463335));
#3576=CARTESIAN_POINT('Ctrl Pts',(-2.95390983580561,27.7682140801569,-38.4191487444627));
#3577=CARTESIAN_POINT('Ctrl Pts',(-3.0136551373552,27.8243407639122,-39.2048500255904));
#3578=CARTESIAN_POINT('Ctrl Pts',(-3.27394971306982,27.8804674476676,-39.9753013928535));
#3579=CARTESIAN_POINT('Ctrl Pts',(-3.70295079422391,27.9365941314229,-40.6362507680644));
#3580=CARTESIAN_POINT('Ctrl Pts',(-4.13195187537799,27.9927208151782,-41.2972001432752));
#3581=CARTESIAN_POINT('Ctrl Pts',(-4.72965946197154,28.0488474989335,-41.8486475264338));
#3582=CARTESIAN_POINT('Ctrl Pts',(-5.42295384187391,28.1049741826888,-42.2231323819603));
#3583=CARTESIAN_POINT('Ctrl Pts',(-6.11624822177628,28.1611008664442,-42.5976172374869));
#3584=CARTESIAN_POINT('Ctrl Pts',(-6.90512939498748,28.2172275501995,-42.7951395653815));
#3585=CARTESIAN_POINT('Ctrl Pts',(-7.69309069907884,28.2733542339548,-42.7915357510622));
#3586=CARTESIAN_POINT('Ctrl Pts',(-8.4810520031702,28.3294809177101,-42.7879319367429));
#3587=CARTESIAN_POINT('Ctrl Pts',(-9.26809343814173,28.3856076014654,-42.5832019802097));
#3588=CARTESIAN_POINT('Ctrl Pts',(-9.95793340333975,28.4417342852208,-42.2023912310987));
#3589=CARTESIAN_POINT('Ctrl Pts',(-10.6477733685378,28.4978609689761,-41.8215804819877));
#3590=CARTESIAN_POINT('Ctrl Pts',(-11.2404118639623,28.5539876527314,-41.2646889402988));
#3591=CARTESIAN_POINT('Ctrl Pts',(-11.6633492975807,28.6101143364867,-40.5998431450445));
#3592=CARTESIAN_POINT('Ctrl Pts',(-12.0862867311992,28.666241020242,-39.9349973497901));
#3593=CARTESIAN_POINT('Ctrl Pts',(-12.3395231030117,28.7223677039973,-39.1621973009703));
#3594=CARTESIAN_POINT('Ctrl Pts',(-12.3920790996822,28.7784943877527,-38.3759823994093));
#3595=CARTESIAN_POINT('Ctrl Pts',(-12.3990975238832,28.7859896480568,-38.2709898192686));
#3596=CARTESIAN_POINT('Ctrl Pts',(-12.4025371303637,28.793484908361,-38.1657580064045));
#3597=CARTESIAN_POINT('Ctrl Pts',(-12.4024410734417,28.8009801686651,-38.0605199236625));
#3598=CARTESIAN_POINT('Origin',(-7.67145251638462,35.1911117731889,-38.0604233397902));
#3599=CARTESIAN_POINT('',(-12.4024693782056,31.6895767110461,-38.0605128268764));
#3600=CARTESIAN_POINT('',(-12.4020486747869,30.9176468353318,-38.0603062753613));
#3601=CARTESIAN_POINT('',(-12.4022025163846,35.1911117731889,-38.0604233397902));
#3602=CARTESIAN_POINT('Ctrl Pts',(-12.4024693782056,31.6895767110461,-38.0605128268764));
#3603=CARTESIAN_POINT('Ctrl Pts',(-12.4025514391438,31.6828198520087,-38.1553816328773));
#3604=CARTESIAN_POINT('Ctrl Pts',(-12.3997566061984,31.6760629929713,-38.2502456131836));
#3605=CARTESIAN_POINT('Ctrl Pts',(-12.3940521401603,31.6693061339339,-38.3449343099718));
#3606=CARTESIAN_POINT('Ctrl Pts',(-12.3466672887763,31.6131794501785,-39.1314776595393));
#3607=CARTESIAN_POINT('Ctrl Pts',(-12.0985177737709,31.5570527664232,-39.9059264475429));
#3608=CARTESIAN_POINT('Ctrl Pts',(-11.6799612031257,31.5009260826679,-40.5735390144798));
#3609=CARTESIAN_POINT('Ctrl Pts',(-11.2614046324804,31.4447993989126,-41.2411515814167));
#3610=CARTESIAN_POINT('Ctrl Pts',(-10.6724410061952,31.3886727151573,-41.801927927287));
#3611=CARTESIAN_POINT('Ctrl Pts',(-9.98512006893783,31.332546031402,-42.187266546));
#3612=CARTESIAN_POINT('Ctrl Pts',(-9.29779913168043,31.2764193476466,-42.5726051647131));
#3613=CARTESIAN_POINT('Ctrl Pts',(-8.5121208834508,31.2202926638913,-42.7825060562688));
#3614=CARTESIAN_POINT('Ctrl Pts',(-7.72420030188223,31.164165980136,-42.7912911576186));
#3615=CARTESIAN_POINT('Ctrl Pts',(-6.93627972031363,31.1080392963807,-42.8000762589685));
#3616=CARTESIAN_POINT('Ctrl Pts',(-6.14611680540609,31.0519126126254,-42.6077455701123));
#3617=CARTESIAN_POINT('Ctrl Pts',(-5.45037495096982,30.99578592887,-42.2378276595032));
#3618=CARTESIAN_POINT('Ctrl Pts',(-4.75463309653357,30.9396592451147,-41.867909748894));
#3619=CARTESIAN_POINT('Ctrl Pts',(-4.15331230256859,30.8835325613594,-41.3204046165319));
#3620=CARTESIAN_POINT('Ctrl Pts',(-3.71997433138641,30.8274058776041,-40.6622904962135));
#3621=CARTESIAN_POINT('Ctrl Pts',(-3.28663636020424,30.7712791938488,-40.0041763758951));
#3622=CARTESIAN_POINT('Ctrl Pts',(-3.02128121180487,30.7151525100935,-39.2354532676206));
#3623=CARTESIAN_POINT('Ctrl Pts',(-2.95637071650714,30.6590258263381,-38.4501618411529));
#3624=CARTESIAN_POINT('Ctrl Pts',(-2.89146022120941,30.6028991425828,-37.6648704146852));
#3625=CARTESIAN_POINT('Ctrl Pts',(-3.02699437901331,30.5467724588275,-36.8630106700245));
#3626=CARTESIAN_POINT('Ctrl Pts',(-3.34639281846103,30.4906457750722,-36.1426769771078));
#3627=CARTESIAN_POINT('Ctrl Pts',(-3.66579125790874,30.4345190913169,-35.4223432841912));
#3628=CARTESIAN_POINT('Ctrl Pts',(-4.16905397900026,30.3783924075615,-34.7835356430187));
#3629=CARTESIAN_POINT('Ctrl Pts',(-4.79461504471097,30.3222657238062,-34.3044016865102));
#3630=CARTESIAN_POINT('Ctrl Pts',(-5.4201761104217,30.2661390400509,-33.8252677300018));
#3631=CARTESIAN_POINT('Ctrl Pts',(-6.16803552075163,30.2100123562956,-33.5058074581573));
#3632=CARTESIAN_POINT('Ctrl Pts',(-6.9467049545237,30.1538856725403,-33.385101589614));
#3633=CARTESIAN_POINT('Ctrl Pts',(-7.72537438829576,30.097758988785,-33.2643957210708));
#3634=CARTESIAN_POINT('Ctrl Pts',(-8.53485384550996,30.0416323050296,-33.3424442558287));
#3635=CARTESIAN_POINT('Ctrl Pts',(-9.2761168008644,29.9855056212743,-33.6096992376861));
#3636=CARTESIAN_POINT('Ctrl Pts',(-10.0173797562188,29.929378937519,-33.8769542195434));
#3637=CARTESIAN_POINT('Ctrl Pts',(-10.6904262097135,29.8732522537637,-34.3334156485002));
#3638=CARTESIAN_POINT('Ctrl Pts',(-11.2129199759623,29.8171255700084,-34.9232429608855));
#3639=CARTESIAN_POINT('Ctrl Pts',(-11.7354137422112,29.7609988862531,-35.5130702732708));
#3640=CARTESIAN_POINT('Ctrl Pts',(-12.1073548212141,29.7048722024977,-36.2362634690846));
#3641=CARTESIAN_POINT('Ctrl Pts',(-12.2832423269695,29.6487455187424,-37.0043517319095));
#3642=CARTESIAN_POINT('Ctrl Pts',(-12.3624590295016,29.6234670272881,-37.3502854534284));
#3643=CARTESIAN_POINT('Ctrl Pts',(-12.4019073151595,29.5981885358337,-37.7053258987419));
#3644=CARTESIAN_POINT('Ctrl Pts',(-12.4018125623223,29.5729100443794,-38.0603870694405));
#3645=CARTESIAN_POINT('Ctrl Pts',(-12.4024410734417,28.8009801686651,-38.0605199236625));
#3646=CARTESIAN_POINT('Ctrl Pts',(-12.4018178282628,28.8496115921163,-37.3777047101372));
#3647=CARTESIAN_POINT('Ctrl Pts',(-12.2523505475928,28.8982430155675,-36.6946255478694));
#3648=CARTESIAN_POINT('Ctrl Pts',(-11.9658265505833,28.9468744390186,-36.0749147113933));
#3649=CARTESIAN_POINT('Ctrl Pts',(-11.6351423832852,29.0030011227739,-35.3596916792406));
#3650=CARTESIAN_POINT('Ctrl Pts',(-11.1218984271605,29.0591278065293,-34.7288753692375));
#3651=CARTESIAN_POINT('Ctrl Pts',(-10.48888165558,29.1152544902846,-34.2596358023627));
#3652=CARTESIAN_POINT('Ctrl Pts',(-9.8558648839994,29.1713811740399,-33.7903962354879));
#3653=CARTESIAN_POINT('Ctrl Pts',(-9.10307529696295,29.2275078577952,-33.4827334117414));
#3654=CARTESIAN_POINT('Ctrl Pts',(-8.32260434376299,29.2836345415505,-33.3742848274616));
#3655=CARTESIAN_POINT('Ctrl Pts',(-7.54213339056303,29.3397612253058,-33.2658362431819));
#3656=CARTESIAN_POINT('Ctrl Pts',(-6.73398107119957,29.3958879090612,-33.3566018983689));
#3657=CARTESIAN_POINT('Ctrl Pts',(-5.99701155649453,29.4520145928165,-33.635478104999));
#3658=CARTESIAN_POINT('Ctrl Pts',(-5.2600420417895,29.5081412765718,-33.914354311629));
#3659=CARTESIAN_POINT('Ctrl Pts',(-4.59425533174289,29.5642679603271,-34.381341069702));
#3660=CARTESIAN_POINT('Ctrl Pts',(-4.08109950177698,29.6203946440824,-34.9793102147098));
#3661=CARTESIAN_POINT('Ctrl Pts',(-3.56794367181107,29.6765213278378,-35.5772793597176));
#3662=CARTESIAN_POINT('Ctrl Pts',(-3.20741872192586,29.7326480115931,-36.3062308916601));
#3663=CARTESIAN_POINT('Ctrl Pts',(-3.04362896184309,29.7887746953484,-37.0769895560545));
#3664=CARTESIAN_POINT('Ctrl Pts',(-2.87983920176031,29.8449013791037,-37.8477482204489));
#3665=CARTESIAN_POINT('Ctrl Pts',(-2.91278463147998,29.901028062859,-38.6603140172953));
#3666=CARTESIAN_POINT('Ctrl Pts',(-3.13843491856018,29.9571547466143,-39.4152828591254));
#3667=CARTESIAN_POINT('Ctrl Pts',(-3.36408520564039,30.0132814303697,-40.1702517009554));
#3668=CARTESIAN_POINT('Ctrl Pts',(-3.78244035008114,30.069408114125,-40.8676235877693));
#3669=CARTESIAN_POINT('Ctrl Pts',(-4.34232146685731,30.1255347978803,-41.4220865164714));
#3670=CARTESIAN_POINT('Ctrl Pts',(-4.90220258363347,30.1816614816356,-41.9765494451736));
#3671=CARTESIAN_POINT('Ctrl Pts',(-5.60360967274505,30.2377881653909,-42.3881034157641));
#3672=CARTESIAN_POINT('Ctrl Pts',(-6.36073709052834,30.2939148491463,-42.6064015549465));
#3673=CARTESIAN_POINT('Ctrl Pts',(-7.11786450831164,30.3500415329016,-42.8246996941289));
#3674=CARTESIAN_POINT('Ctrl Pts',(-7.93071225476665,30.4061682166569,-42.8497420019033));
#3675=CARTESIAN_POINT('Ctrl Pts',(-8.69984174976567,30.4622949004122,-42.678464963912));
#3676=CARTESIAN_POINT('Ctrl Pts',(-9.46897124476472,30.5184215841675,-42.5071879259208));
#3677=CARTESIAN_POINT('Ctrl Pts',(-10.1943824883078,30.5745482679229,-42.139591542164));
#3678=CARTESIAN_POINT('Ctrl Pts',(-10.7873333237978,30.6306749516782,-41.6206451943461));
#3679=CARTESIAN_POINT('Ctrl Pts',(-11.3802841592879,30.6868016354335,-41.1016988465282));
#3680=CARTESIAN_POINT('Ctrl Pts',(-11.8407745867249,30.7429283191888,-40.4314025346493));
#3681=CARTESIAN_POINT('Ctrl Pts',(-12.1124711574311,30.7990550029441,-39.691756013812));
#3682=CARTESIAN_POINT('Ctrl Pts',(-12.3038298957807,30.83858561374,-39.1708152279779));
#3683=CARTESIAN_POINT('Ctrl Pts',(-12.4015368311953,30.8781162245359,-38.6154730468054));
#3684=CARTESIAN_POINT('Ctrl Pts',(-12.4020486747869,30.9176468353318,-38.0603062753613));
#3685=CARTESIAN_POINT('Origin',(-7.67145251638462,35.1911117731889,-38.0604233397902));
#3686=CARTESIAN_POINT('',(-12.4001212055044,33.8062433777127,-38.0621043688861));
#3687=CARTESIAN_POINT('',(-12.402099626611,33.0343135019985,-38.0605408488027));
#3688=CARTESIAN_POINT('',(-12.4022025163846,35.1911117731889,-38.0604233397902));
#3689=CARTESIAN_POINT('Ctrl Pts',(-12.4001212055044,33.8062433777127,-38.0621043688861));
#3690=CARTESIAN_POINT('Ctrl Pts',(-12.4001491036914,33.7674511681836,-38.6064575790734));
#3691=CARTESIAN_POINT('Ctrl Pts',(-12.3077253480565,33.7286589586545,-39.1498956189161));
#3692=CARTESIAN_POINT('Ctrl Pts',(-12.1238329668733,33.6898667491253,-39.6618225137806));
#3693=CARTESIAN_POINT('Ctrl Pts',(-11.8577674436932,33.63374006537,-40.402506256281));
#3694=CARTESIAN_POINT('Ctrl Pts',(-11.4002225968359,33.5776133816147,-41.0772249458186));
#3695=CARTESIAN_POINT('Ctrl Pts',(-10.8103212112054,33.5214866978594,-41.6004189486829));
#3696=CARTESIAN_POINT('Ctrl Pts',(-10.2204198255749,33.4653600141041,-42.1236129515472));
#3697=CARTESIAN_POINT('Ctrl Pts',(-9.49816190117124,33.4092333303487,-42.4952822677381));
#3698=CARTESIAN_POINT('Ctrl Pts',(-8.73035942944335,33.3531066465934,-42.671436974578));
#3699=CARTESIAN_POINT('Ctrl Pts',(-7.96255695771546,33.2969799628381,-42.8475916814179));
#3700=CARTESIAN_POINT('Ctrl Pts',(-7.14920993866334,33.2408532790828,-42.8282317789068));
#3701=CARTESIAN_POINT('Ctrl Pts',(-6.39057342809666,33.1847265953275,-42.6150030622274));
#3702=CARTESIAN_POINT('Ctrl Pts',(-5.63193691752997,33.1285999115722,-42.4017743455481));
#3703=CARTESIAN_POINT('Ctrl Pts',(-4.9280109154487,33.0724732278168,-41.9946768147006));
#3704=CARTESIAN_POINT('Ctrl Pts',(-4.36453996130519,33.0163465440615,-41.4438653657723));
#3705=CARTESIAN_POINT('Ctrl Pts',(-3.80106900716166,32.9602198603062,-40.893053916844));
#3706=CARTESIAN_POINT('Ctrl Pts',(-3.37805310095589,32.9040931765509,-40.198528549835));
#3707=CARTESIAN_POINT('Ctrl Pts',(-3.14742178411622,32.8479664927956,-39.4450804034177));
#3708=CARTESIAN_POINT('Ctrl Pts',(-2.91679046727657,32.7918398090402,-38.6916322570003));
#3709=CARTESIAN_POINT('Ctrl Pts',(-2.87854373980303,32.7357131252849,-37.8792613311747));
#3710=CARTESIAN_POINT('Ctrl Pts',(-3.03727223960013,32.6795864415296,-37.1074322587506));
#3711=CARTESIAN_POINT('Ctrl Pts',(-3.19600073939723,32.6234597577743,-36.3356031863265));
#3712=CARTESIAN_POINT('Ctrl Pts',(-3.55170446646497,32.567333074019,-35.604315967304));
#3713=CARTESIAN_POINT('Ctrl Pts',(-4.06091203032049,32.5112063902637,-35.0029903427159));
#3714=CARTESIAN_POINT('Ctrl Pts',(-4.57011959417602,32.4550797065083,-34.4016647181278));
#3715=CARTESIAN_POINT('Ctrl Pts',(-5.23283099481934,32.398953022753,-33.9303006879741));
#3716=CARTESIAN_POINT('Ctrl Pts',(-5.96795329293174,32.3428263389977,-33.6465820650242));
#3717=CARTESIAN_POINT('Ctrl Pts',(-6.70307559104415,32.2866996552424,-33.3628634420743));
#3718=CARTESIAN_POINT('Ctrl Pts',(-7.51060878662564,32.230572971487,-33.2667902263283));
#3719=CARTESIAN_POINT('Ctrl Pts',(-8.29177475098518,32.1744462877317,-33.370105544274));
#3720=CARTESIAN_POINT('Ctrl Pts',(-9.07294071534468,32.1183196039764,-33.4734208622198));
#3721=CARTESIAN_POINT('Ctrl Pts',(-9.82773944848224,32.0621929202211,-33.7761247138573));
#3722=CARTESIAN_POINT('Ctrl Pts',(-10.4638286792926,32.0060662364658,-34.2411910684504));
#3723=CARTESIAN_POINT('Ctrl Pts',(-11.099917910103,31.9499395527105,-34.7062574230436));
#3724=CARTESIAN_POINT('Ctrl Pts',(-11.6172976385863,31.8938128689551,-35.3336862805924));
#3725=CARTESIAN_POINT('Ctrl Pts',(-11.9526774089466,31.8376861851998,-36.0467196649325));
#3726=CARTESIAN_POINT('Ctrl Pts',(-12.2476821975567,31.7883163604819,-36.6739139127944));
#3727=CARTESIAN_POINT('Ctrl Pts',(-12.4018697898294,31.738946535764,-37.3673421838994));
#3728=CARTESIAN_POINT('Ctrl Pts',(-12.4024693782056,31.6895767110461,-38.0605128268764));
#3729=CARTESIAN_POINT('Ctrl Pts',(-12.4020486747869,30.9176468353318,-38.0603062753613));
#3730=CARTESIAN_POINT('Ctrl Pts',(-12.4022635612614,30.9342429082912,-37.8272314996866));
#3731=CARTESIAN_POINT('Ctrl Pts',(-12.3853472410176,30.9508389812507,-37.5941876410084));
#3732=CARTESIAN_POINT('Ctrl Pts',(-12.3510375205113,30.9674350542101,-37.3637332869423));
#3733=CARTESIAN_POINT('Ctrl Pts',(-12.2350045989098,31.0235617379654,-36.5843538107057));
#3734=CARTESIAN_POINT('Ctrl Pts',(-11.9200360417315,31.0796884217207,-35.8345915880282));
#3735=CARTESIAN_POINT('Ctrl Pts',(-11.4446630667385,31.135815105476,-35.2061677363836));
#3736=CARTESIAN_POINT('Ctrl Pts',(-10.9692900917454,31.1919417892314,-34.5777438847391));
#3737=CARTESIAN_POINT('Ctrl Pts',(-10.3335126989375,31.2480684729867,-34.0706584041276));
#3738=CARTESIAN_POINT('Ctrl Pts',(-9.61510784734658,31.304195156742,-33.7469448457067));
#3739=CARTESIAN_POINT('Ctrl Pts',(-8.89670299575565,31.3603218404973,-33.4232312872858));
#3740=CARTESIAN_POINT('Ctrl Pts',(-8.09567068538167,31.4164485242526,-33.2828896510556));
#3741=CARTESIAN_POINT('Ctrl Pts',(-7.31000400735301,31.472575208008,-33.3430885018095));
#3742=CARTESIAN_POINT('Ctrl Pts',(-6.52433732932435,31.5287018917633,-33.4032873525635));
#3743=CARTESIAN_POINT('Ctrl Pts',(-5.75403628364102,31.5848285755186,-33.6640266903016));
#3744=CARTESIAN_POINT('Ctrl Pts',(-5.09333468905432,31.6409552592739,-34.0934091952208));
#3745=CARTESIAN_POINT('Ctrl Pts',(-4.43263309446763,31.6970819430292,-34.52279170014));
#3746=CARTESIAN_POINT('Ctrl Pts',(-3.88153095097754,31.7532086267845,-35.1208173722404));
#3747=CARTESIAN_POINT('Ctrl Pts',(-3.50744629375859,31.8093353105399,-35.8143278770109));
#3748=CARTESIAN_POINT('Ctrl Pts',(-3.13336163653961,31.8654619942952,-36.5078383817815));
#3749=CARTESIAN_POINT('Ctrl Pts',(-2.93629446559176,31.9215886780505,-37.2968337192223));
#3750=CARTESIAN_POINT('Ctrl Pts',(-2.94035325903259,31.9777153618058,-38.084792666808));
#3751=CARTESIAN_POINT('Ctrl Pts',(-2.94441205247343,32.0338420455611,-38.8727516143937));
#3752=CARTESIAN_POINT('Ctrl Pts',(-3.14959681030293,32.0899687293164,-39.6596741721241));
#3753=CARTESIAN_POINT('Ctrl Pts',(-3.53080543074996,32.1460954130718,-40.3492944979352));
#3754=CARTESIAN_POINT('Ctrl Pts',(-3.91201405119699,32.2022220968271,-41.0389148237462));
#3755=CARTESIAN_POINT('Ctrl Pts',(-4.46924653426154,32.2583487805824,-41.6312329176378));
#3756=CARTESIAN_POINT('Ctrl Pts',(-5.13433691413612,32.3144754643377,-42.0537858943979));
#3757=CARTESIAN_POINT('Ctrl Pts',(-5.79942729401071,32.370602148093,-42.4763388711579));
#3758=CARTESIAN_POINT('Ctrl Pts',(-6.57237557069531,32.4267288318484,-42.7291267307864));
#3759=CARTESIAN_POINT('Ctrl Pts',(-7.35861953915479,32.4828555156037,-42.7812301232949));
#3760=CARTESIAN_POINT('Ctrl Pts',(-8.14486350761426,32.538982199359,-42.8333335158034));
#3761=CARTESIAN_POINT('Ctrl Pts',(-8.94440316784863,32.5951088831143,-42.6847524411919));
#3762=CARTESIAN_POINT('Ctrl Pts',(-9.65943752826765,32.6512355668696,-42.3536529247546));
#3763=CARTESIAN_POINT('Ctrl Pts',(-10.3744718886867,32.7073622506249,-42.0225534083172));
#3764=CARTESIAN_POINT('Ctrl Pts',(-11.0050009492904,32.7634889343802,-41.508935450054));
#3765=CARTESIAN_POINT('Ctrl Pts',(-11.47387025578,32.8196156181356,-40.8756531278592));
#3766=CARTESIAN_POINT('Ctrl Pts',(-11.9427395622697,32.8757423018909,-40.2423708056645));
#3767=CARTESIAN_POINT('Ctrl Pts',(-12.2499491146453,32.9318689856462,-39.4894241195381));
#3768=CARTESIAN_POINT('Ctrl Pts',(-12.3579569352555,32.9879956694015,-38.7088800293492));
#3769=CARTESIAN_POINT('Ctrl Pts',(-12.3876676291089,33.0034349469339,-38.4941686651936));
#3770=CARTESIAN_POINT('Ctrl Pts',(-12.4023050247162,33.0188742244662,-38.2773690465908));
#3771=CARTESIAN_POINT('Ctrl Pts',(-12.402099626611,33.0343135019985,-38.0605408488027));
#3772=CARTESIAN_POINT('Origin',(-7.67145251638462,35.1911117731889,-38.0604233397902));
#3773=CARTESIAN_POINT('',(-12.3937536064254,35.9229100443794,-38.0606099215007));
#3774=CARTESIAN_POINT('',(-12.3959085425117,35.1509801686651,-38.0624441648286));
#3775=CARTESIAN_POINT('',(-12.4022025163846,35.1911117731889,-38.0604233397902));
#3776=CARTESIAN_POINT('Ctrl Pts',(-12.3937536064254,35.9229100443794,-38.0606099215007));
#3777=CARTESIAN_POINT('Ctrl Pts',(-12.3886774431028,35.8520824843585,-39.0574450252322));
#3778=CARTESIAN_POINT('Ctrl Pts',(-12.0825661455575,35.7812549243377,-40.0552480632723));
#3779=CARTESIAN_POINT('Ctrl Pts',(-11.4994151027867,35.7104273643168,-40.8537396564303));
#3780=CARTESIAN_POINT('Ctrl Pts',(-10.5751891616547,35.5981739968062,-42.119255089046));
#3781=CARTESIAN_POINT('Ctrl Pts',(-8.95508014490225,35.4859206292955,-42.8841294993494));
#3782=CARTESIAN_POINT('Ctrl Pts',(-7.38841543223876,35.3736672617849,-42.79137899257));
#3783=CARTESIAN_POINT('Ctrl Pts',(-5.82175071957524,35.2614138942743,-42.6986284857906));
#3784=CARTESIAN_POINT('Ctrl Pts',(-4.30853031100076,35.1491605267636,-41.7482530619282));
#3785=CARTESIAN_POINT('Ctrl Pts',(-3.54022054751002,35.036907159253,-40.3796866603493));
#3786=CARTESIAN_POINT('Ctrl Pts',(-2.77191078401929,34.9246537917423,-39.0111202587705));
#3787=CARTESIAN_POINT('Ctrl Pts',(-2.7485116656123,34.8124004242317,-37.2243628794753));
#3788=CARTESIAN_POINT('Ctrl Pts',(-3.48512041810852,34.7001470567211,-35.8385603956564));
#3789=CARTESIAN_POINT('Ctrl Pts',(-4.22172917060474,34.5878936892104,-34.4527579118374));
#3790=CARTESIAN_POINT('Ctrl Pts',(-5.71834579400415,34.4756403216998,-33.4679103234947));
#3791=CARTESIAN_POINT('Ctrl Pts',(-7.28001396421189,34.3633869541892,-33.3378510039148));
#3792=CARTESIAN_POINT('Ctrl Pts',(-8.84168213441965,34.2511335866785,-33.207791684335));
#3793=CARTESIAN_POINT('Ctrl Pts',(-10.4684018514358,34.1388802191679,-33.9325206335181));
#3794=CARTESIAN_POINT('Ctrl Pts',(-11.4297448168129,34.0266268516572,-35.1784156406606));
#3795=CARTESIAN_POINT('Ctrl Pts',(-11.9104162995014,33.9705001679019,-35.8013631442318));
#3796=CARTESIAN_POINT('Ctrl Pts',(-12.2247435942803,33.9143734841466,-36.5546021622928));
#3797=CARTESIAN_POINT('Ctrl Pts',(-12.3446141419182,33.8582468003913,-37.3345460690549));
#3798=CARTESIAN_POINT('Ctrl Pts',(-12.381635622246,33.8409123261651,-37.575428242115));
#3799=CARTESIAN_POINT('Ctrl Pts',(-12.4001087390735,33.8235778519389,-37.8188576756334));
#3800=CARTESIAN_POINT('Ctrl Pts',(-12.4001212055044,33.8062433777127,-38.0621043688861));
#3801=CARTESIAN_POINT('Ctrl Pts',(-12.402099626611,33.0343135019985,-38.0605408488027));
#3802=CARTESIAN_POINT('Ctrl Pts',(-12.4015583372841,33.0750009082215,-37.4891295929622));
#3803=CARTESIAN_POINT('Ctrl Pts',(-12.2979353144457,33.1156883144445,-36.9175198575076));
#3804=CARTESIAN_POINT('Ctrl Pts',(-12.0954492573299,33.1563757206675,-36.3834078661009));
#3805=CARTESIAN_POINT('Ctrl Pts',(-11.8161276699494,33.2125024044228,-35.6466212872933));
#3806=CARTESIAN_POINT('Ctrl Pts',(-11.3486784063439,33.2686290881781,-34.9811896239297));
#3807=CARTESIAN_POINT('Ctrl Pts',(-10.7504541163973,33.3247557719334,-34.4683343603838));
#3808=CARTESIAN_POINT('Ctrl Pts',(-10.1522298264506,33.3808824556888,-33.9554790968379));
#3809=CARTESIAN_POINT('Ctrl Pts',(-9.423230510163,33.4370091394441,-33.5952002331097));
#3810=CARTESIAN_POINT('Ctrl Pts',(-8.65229355775184,33.4931358231994,-33.4319469063262));
#3811=CARTESIAN_POINT('Ctrl Pts',(-7.88135660534068,33.5492625069547,-33.2686935795427));
#3812=CARTESIAN_POINT('Ctrl Pts',(-7.06848201680601,33.60538919071,-33.302465789704));
#3813=CARTESIAN_POINT('Ctrl Pts',(-6.31381521360603,33.6615158744654,-33.5283645714982));
#3814=CARTESIAN_POINT('Ctrl Pts',(-5.55914841040602,33.7176425582207,-33.7542633532924));
#3815=CARTESIAN_POINT('Ctrl Pts',(-4.86268939254068,33.773769241976,-34.1722887067197));
#3816=CARTESIAN_POINT('Ctrl Pts',(-4.30819924140855,33.8298959257313,-34.7328725680413));
#3817=CARTESIAN_POINT('Ctrl Pts',(-3.75370909027645,33.8860226094866,-35.2934564293629));
#3818=CARTESIAN_POINT('Ctrl Pts',(-3.34118780587753,33.9421492932419,-35.996598798579));
#3819=CARTESIAN_POINT('Ctrl Pts',(-3.12403749321745,33.9982759769973,-36.7530716192509));
#3820=CARTESIAN_POINT('Ctrl Pts',(-2.90688718055737,34.0544026607526,-37.5095444399228));
#3821=CARTESIAN_POINT('Ctrl Pts',(-2.88510783963614,34.1105293445079,-38.3193477120507));
#3822=CARTESIAN_POINT('Ctrl Pts',(-3.05563414845115,34.1666560282632,-39.0898038643271));
#3823=CARTESIAN_POINT('Ctrl Pts',(-3.22616045726615,34.2227827120185,-39.8602600166034));
#3824=CARTESIAN_POINT('Ctrl Pts',(-3.58899241581741,34.2789093957739,-40.5913690490282));
#3825=CARTESIAN_POINT('Ctrl Pts',(-4.10930549002407,34.3350360795292,-41.1816089314551));
#3826=CARTESIAN_POINT('Ctrl Pts',(-5.14993163843739,34.4472894470398,-42.3620886963088));
#3827=CARTESIAN_POINT('Ctrl Pts',(-6.82048224947235,34.5595428145504,-42.9790918611709));
#3828=CARTESIAN_POINT('Ctrl Pts',(-8.37032763785516,34.6717961820611,-42.7473722566548));
#3829=CARTESIAN_POINT('Ctrl Pts',(-9.92017302623797,34.7840495495717,-42.5156526521386));
#3830=CARTESIAN_POINT('Ctrl Pts',(-11.3493131919686,34.8963029170824,-41.4352102782442));
#3831=CARTESIAN_POINT('Ctrl Pts',(-11.9938917641509,35.008556284593,-40.004279687909));
#3832=CARTESIAN_POINT('Ctrl Pts',(-12.2664994250634,35.0560309126171,-39.3991049923886));
#3833=CARTESIAN_POINT('Ctrl Pts',(-12.3987767939681,35.1035055406411,-38.7312403638369));
#3834=CARTESIAN_POINT('Ctrl Pts',(-12.3959085425117,35.1509801686651,-38.0624441648286));
#3835=CARTESIAN_POINT('Origin',(-7.67145251638462,35.1911117731889,-38.0604233397902));
#3836=CARTESIAN_POINT('',(-12.4023627970554,38.0395767110461,-38.0603121276457));
#3837=CARTESIAN_POINT('',(-12.4019578485079,37.2676468353318,-38.0604435954472));
#3838=CARTESIAN_POINT('',(-12.4022025163846,35.1911117731889,-38.0604233397902));
#3839=CARTESIAN_POINT('Ctrl Pts',(-12.4023627970554,38.0395767110461,-38.0603121276457));
#3840=CARTESIAN_POINT('Ctrl Pts',(-12.4017057908717,37.9928404842888,-38.7165493373647));
#3841=CARTESIAN_POINT('Ctrl Pts',(-12.2639882269748,37.9461042575315,-39.3730533849143));
#3842=CARTESIAN_POINT('Ctrl Pts',(-11.9987218052491,37.8993680307742,-39.9731755974874));
#3843=CARTESIAN_POINT('Ctrl Pts',(-11.68015683764,37.8432413470189,-40.6938771169864));
#3844=CARTESIAN_POINT('Ctrl Pts',(-11.1776383740837,37.7871146632636,-41.3332636343097));
#3845=CARTESIAN_POINT('Ctrl Pts',(-10.5526275222465,37.7309879795083,-41.8131203684255));
#3846=CARTESIAN_POINT('Ctrl Pts',(-9.92761667040925,37.6748612957529,-42.2929771025414));
#3847=CARTESIAN_POINT('Ctrl Pts',(-9.18011343029115,37.6187346119976,-42.6133040534498));
#3848=CARTESIAN_POINT('Ctrl Pts',(-8.40159074081385,37.5626079282423,-42.7349069804005));
#3849=CARTESIAN_POINT('Ctrl Pts',(-7.62306805133655,37.506481244487,-42.8565099073512));
#3850=CARTESIAN_POINT('Ctrl Pts',(-6.81352591250005,37.4503545607317,-42.7793888103442));
#3851=CARTESIAN_POINT('Ctrl Pts',(-6.07194084910582,37.3942278769764,-42.5129935261565));
#3852=CARTESIAN_POINT('Ctrl Pts',(-5.3303557857116,37.338101193221,-42.2465982419688));
#3853=CARTESIAN_POINT('Ctrl Pts',(-4.65672779775962,37.2819745094657,-41.7909287706005));
#3854=CARTESIAN_POINT('Ctrl Pts',(-4.13358219246802,37.2258478257104,-41.2016974159434));
#3855=CARTESIAN_POINT('Ctrl Pts',(-3.6104365871764,37.1697211419551,-40.6124660612864));
#3856=CARTESIAN_POINT('Ctrl Pts',(-3.23777336454515,37.1135944581998,-39.8896728233406));
#3857=CARTESIAN_POINT('Ctrl Pts',(-3.06094038140207,37.0574677744444,-39.1218037820929));
#3858=CARTESIAN_POINT('Ctrl Pts',(-2.884107398259,37.0013410906891,-38.3539347408453));
#3859=CARTESIAN_POINT('Ctrl Pts',(-2.9031046546041,36.9452144069338,-37.5409898962958));
#3860=CARTESIAN_POINT('Ctrl Pts',(-3.11610195761022,36.8890877231785,-36.7822883807486));
#3861=CARTESIAN_POINT('Ctrl Pts',(-3.32909926061635,36.8329610394232,-36.0235868652013));
#3862=CARTESIAN_POINT('Ctrl Pts',(-3.73609661028349,36.7768343556678,-35.3191286786564));
#3863=CARTESIAN_POINT('Ctrl Pts',(-4.28629433171961,36.7207076719125,-34.755361365255));
#3864=CARTESIAN_POINT('Ctrl Pts',(-4.8364920531557,36.6645809881572,-34.1915940518536));
#3865=CARTESIAN_POINT('Ctrl Pts',(-5.52989014636076,36.6084543044019,-33.7685176115957));
#3866=CARTESIAN_POINT('Ctrl Pts',(-6.28372850915852,36.5523276206466,-33.5373394721094));
#3867=CARTESIAN_POINT('Ctrl Pts',(-7.03756687195627,36.4962009368913,-33.3061613326231));
#3868=CARTESIAN_POINT('Ctrl Pts',(-7.85184550434673,36.4400742531359,-33.2668814939084));
#3869=CARTESIAN_POINT('Ctrl Pts',(-8.62273338099828,36.3839475693806,-33.4254221847772));
#3870=CARTESIAN_POINT('Ctrl Pts',(-9.39362125764984,36.3278208856253,-33.5839628756461));
#3871=CARTESIAN_POINT('Ctrl Pts',(-10.1211183785625,36.27169420187,-33.9403240960984));
#3872=CARTESIAN_POINT('Ctrl Pts',(-10.7245594193576,36.2155675181147,-34.4487927344335));
#3873=CARTESIAN_POINT('Ctrl Pts',(-11.3280004601528,36.1594408343594,-34.9572613727687));
#3874=CARTESIAN_POINT('Ctrl Pts',(-11.8073854208304,36.103314150604,-35.6178374289867));
#3875=CARTESIAN_POINT('Ctrl Pts',(-12.0889182503636,36.0471874668487,-36.3525808756201));
#3876=CARTESIAN_POINT('Ctrl Pts',(-12.2967111220952,36.0057616593589,-36.8948780244645));
#3877=CARTESIAN_POINT('Ctrl Pts',(-12.3967225660298,35.9643358518692,-37.4775784137931));
#3878=CARTESIAN_POINT('Ctrl Pts',(-12.3937536064254,35.9229100443794,-38.0606099215007));
#3879=CARTESIAN_POINT('Ctrl Pts',(-12.3959085425117,35.1509801686651,-38.0624441648286));
#3880=CARTESIAN_POINT('Ctrl Pts',(-12.3919948369893,35.2157589081517,-37.1498772517557));
#3881=CARTESIAN_POINT('Ctrl Pts',(-12.1364619062214,35.2805376476383,-36.235575905588));
#3882=CARTESIAN_POINT('Ctrl Pts',(-11.6424812134438,35.3453163871249,-35.4764349226726));
#3883=CARTESIAN_POINT('Ctrl Pts',(-10.7864751119205,35.4575697546355,-34.1609395545475));
#3884=CARTESIAN_POINT('Ctrl Pts',(-9.21444593023977,35.5698231221462,-33.3113676250733));
#3885=CARTESIAN_POINT('Ctrl Pts',(-7.6450672208898,35.6820764896568,-33.3210813634253));
#3886=CARTESIAN_POINT('Ctrl Pts',(-6.07568851153983,35.7943298571674,-33.3307951017773));
#3887=CARTESIAN_POINT('Ctrl Pts',(-4.50896027452058,35.9065832246781,-34.1997945079554));
#3888=CARTESIAN_POINT('Ctrl Pts',(-3.66931646848495,36.0188365921887,-35.5229396179091));
#3889=CARTESIAN_POINT('Ctrl Pts',(-2.82967266244933,36.1310899596994,-36.8460847278629));
#3890=CARTESIAN_POINT('Ctrl Pts',(-2.71711328739731,36.24334332721,-38.6233755415923));
#3891=CARTESIAN_POINT('Ctrl Pts',(-3.37489337527786,36.3555966947206,-40.0529770986629));
#3892=CARTESIAN_POINT('Ctrl Pts',(-3.70378341921814,36.411723378476,-40.7677778771982));
#3893=CARTESIAN_POINT('Ctrl Pts',(-4.22525832889156,36.4678500622313,-41.3956563415687));
#3894=CARTESIAN_POINT('Ctrl Pts',(-4.86060379012558,36.5239767459866,-41.8636499841194));
#3895=CARTESIAN_POINT('Ctrl Pts',(-5.49594925135961,36.5801034297419,-42.3316436266701));
#3896=CARTESIAN_POINT('Ctrl Pts',(-6.24516526415424,36.6362301134972,-42.6397524474009));
#3897=CARTESIAN_POINT('Ctrl Pts',(-7.02475941836662,36.6923567972526,-42.7476335922857));
#3898=CARTESIAN_POINT('Ctrl Pts',(-7.80435357257898,36.7484834810079,-42.8555147371705));
#3899=CARTESIAN_POINT('Ctrl Pts',(-8.61432586820912,36.8046101647632,-42.7631682062094));
#3900=CARTESIAN_POINT('Ctrl Pts',(-9.35146487644909,36.8607368485185,-42.4832759487106));
#3901=CARTESIAN_POINT('Ctrl Pts',(-10.0886038846891,36.9168635322738,-42.2033836912118));
#3902=CARTESIAN_POINT('Ctrl Pts',(-10.7529096055389,36.9729902160292,-41.7359457071754));
#3903=CARTESIAN_POINT('Ctrl Pts',(-11.2651339933564,37.0291168997845,-41.1374656156158));
#3904=CARTESIAN_POINT('Ctrl Pts',(-11.7773583811739,37.0852435835398,-40.5389855240562));
#3905=CARTESIAN_POINT('Ctrl Pts',(-12.137501435959,37.1413702672951,-39.8094633249734));
#3906=CARTESIAN_POINT('Ctrl Pts',(-12.300518873714,37.1974969510504,-39.038476458492));
#3907=CARTESIAN_POINT('Ctrl Pts',(-12.3684346054672,37.2208802458109,-38.7172707155344));
#3908=CARTESIAN_POINT('Ctrl Pts',(-12.4021354030435,37.2442635405714,-38.3888679837374));
#3909=CARTESIAN_POINT('Ctrl Pts',(-12.4019578485079,37.2676468353318,-38.0604435954472));
#3910=CARTESIAN_POINT('Origin',(-7.67145251638462,35.1911117731889,-38.0604233397902));
#3911=CARTESIAN_POINT('',(-12.4018567938979,40.1562433777128,-38.06049113607));
#3912=CARTESIAN_POINT('',(-12.4026124080927,39.3843135019985,-38.0604127037726));
#3913=CARTESIAN_POINT('',(-12.4022025163846,35.1911117731889,-38.0604233397902));
#3914=CARTESIAN_POINT('Ctrl Pts',(-12.4018567938979,40.1562433777128,-38.06049113607));
#3915=CARTESIAN_POINT('Ctrl Pts',(-12.4020172898024,40.133598484219,-38.3785523349391));
#3916=CARTESIAN_POINT('Ctrl Pts',(-12.3704166776014,40.1109535907253,-38.696582075346));
#3917=CARTESIAN_POINT('Ctrl Pts',(-12.3067398062733,40.0883086972316,-39.008054195731));
#3918=CARTESIAN_POINT('Ctrl Pts',(-12.1489129822899,40.0321820134763,-39.7800559366226));
#3919=CARTESIAN_POINT('Ctrl Pts',(-11.7940336743124,39.976055329721,-40.5117725772691));
#3920=CARTESIAN_POINT('Ctrl Pts',(-11.2855155417474,39.9199286459657,-41.1136905971391));
#3921=CARTESIAN_POINT('Ctrl Pts',(-10.7769974091823,39.8638019622104,-41.7156086170092));
#3922=CARTESIAN_POINT('Ctrl Pts',(-10.1148404520298,39.8076752784551,-42.1877280161027));
#3923=CARTESIAN_POINT('Ctrl Pts',(-9.38004870243969,39.7515485946997,-42.4722927362401));
#3924=CARTESIAN_POINT('Ctrl Pts',(-8.64525695284955,39.6954219109444,-42.7568574563775));
#3925=CARTESIAN_POINT('Ctrl Pts',(-7.83783041082181,39.6392952271891,-42.8538674975588));
#3926=CARTESIAN_POINT('Ctrl Pts',(-7.05654446548883,39.5831685434338,-42.7514552722255));
#3927=CARTESIAN_POINT('Ctrl Pts',(-6.27525852015587,39.5270418596784,-42.6490430468922));
#3928=CARTESIAN_POINT('Ctrl Pts',(-5.52011317151765,39.4709151759231,-42.3472085550442));
#3929=CARTESIAN_POINT('Ctrl Pts',(-4.88348804689881,39.4147884921678,-41.8828762951403));
#3930=CARTESIAN_POINT('Ctrl Pts',(-4.24686292227998,39.3586618084125,-41.4185440352364));
#3931=CARTESIAN_POINT('Ctrl Pts',(-3.72875802168052,39.3025351246572,-40.7917140072765));
#3932=CARTESIAN_POINT('Ctrl Pts',(-3.39255499718284,39.2464084409019,-40.0790685702257));
#3933=CARTESIAN_POINT('Ctrl Pts',(-3.05635197268514,39.1902817571465,-39.3664231331749));
#3934=CARTESIAN_POINT('Ctrl Pts',(-2.90205082428922,39.1341550733912,-38.5679622870332));
#3935=CARTESIAN_POINT('Ctrl Pts',(-2.94852771982916,39.0780283896359,-37.7813646219053));
#3936=CARTESIAN_POINT('Ctrl Pts',(-2.99500461536909,39.0219017058806,-36.9947669567773));
#3937=CARTESIAN_POINT('Ctrl Pts',(-3.2422595548449,38.9657750221253,-36.220032472663));
#3938=CARTESIAN_POINT('Ctrl Pts',(-3.66004504682688,38.9096483383699,-35.5519371923665));
#3939=CARTESIAN_POINT('Ctrl Pts',(-4.07783053880888,38.8535216546146,-34.88384191207));
#3940=CARTESIAN_POINT('Ctrl Pts',(-4.66614658329707,38.7973949708593,-34.3223858355912));
#3941=CARTESIAN_POINT('Ctrl Pts',(-5.35302218128422,38.741268287104,-33.9362539478198));
#3942=CARTESIAN_POINT('Ctrl Pts',(-6.03989777927135,38.6851416033487,-33.5501220600485));
#3943=CARTESIAN_POINT('Ctrl Pts',(-6.82533293075746,38.6290149195933,-33.3393143609845));
#3944=CARTESIAN_POINT('Ctrl Pts',(-7.61324292191576,38.572888235838,-33.3296196100672));
#3945=CARTESIAN_POINT('Ctrl Pts',(-8.40115291307406,38.5167615520827,-33.3199248591498));
#3946=CARTESIAN_POINT('Ctrl Pts',(-9.19153774390457,38.4606348683274,-33.5113430563791));
#3947=CARTESIAN_POINT('Ctrl Pts',(-9.88770601770231,38.4045081845721,-33.8804575365165));
#3948=CARTESIAN_POINT('Ctrl Pts',(-10.5838742915001,38.3483815008168,-34.2495720166538));
#3949=CARTESIAN_POINT('Ctrl Pts',(-11.185826008265,38.2922548170614,-34.7963827796992));
#3950=CARTESIAN_POINT('Ctrl Pts',(-11.6199238651728,38.2361281333061,-35.4539960765376));
#3951=CARTESIAN_POINT('Ctrl Pts',(-12.0540217220805,38.1800014495508,-36.1116093733759));
#3952=CARTESIAN_POINT('Ctrl Pts',(-12.320265719131,38.1238747657955,-36.8800252040073));
#3953=CARTESIAN_POINT('Ctrl Pts',(-12.3860819818254,38.0677480820402,-37.6652413801604));
#3954=CARTESIAN_POINT('Ctrl Pts',(-12.3970935852777,38.0583576250421,-37.7966145211154));
#3955=CARTESIAN_POINT('Ctrl Pts',(-12.4024948057506,38.0489671680441,-37.928457938167));
#3956=CARTESIAN_POINT('Ctrl Pts',(-12.4023627970554,38.0395767110461,-38.0603121276457));
#3957=CARTESIAN_POINT('Ctrl Pts',(-12.4019578485079,37.2676468353318,-38.0604435954472));
#3958=CARTESIAN_POINT('Ctrl Pts',(-12.4017092207037,37.3003902243267,-37.6005542765404));
#3959=CARTESIAN_POINT('Ctrl Pts',(-12.3350315302677,37.3331336133215,-37.1406224933325));
#3960=CARTESIAN_POINT('Ctrl Pts',(-12.2028489320358,37.3658770023164,-36.7003495869824));
#3961=CARTESIAN_POINT('Ctrl Pts',(-11.9762697318777,37.4220036860717,-35.9456611158337));
#3962=CARTESIAN_POINT('Ctrl Pts',(-11.5572195108365,37.478130369827,-35.2487357074164));
#3963=CARTESIAN_POINT('Ctrl Pts',(-10.9967267143638,37.5342570535823,-34.6949100697018));
#3964=CARTESIAN_POINT('Ctrl Pts',(-10.4362339178911,37.5903837373376,-34.1410844319872));
#3965=CARTESIAN_POINT('Ctrl Pts',(-9.7342985459869,37.646510421093,-33.7303585649753));
#3966=CARTESIAN_POINT('Ctrl Pts',(-8.9769058978947,37.7026371048483,-33.5129392864884));
#3967=CARTESIAN_POINT('Ctrl Pts',(-8.21951324980249,37.7587637886036,-33.2955200080015));
#3968=CARTESIAN_POINT('Ctrl Pts',(-7.40666332552231,37.8148904723589,-33.2714073180396));
#3969=CARTESIAN_POINT('Ctrl Pts',(-6.63773877886554,37.8710171561142,-33.4435699380278));
#3970=CARTESIAN_POINT('Ctrl Pts',(-5.86881423220875,37.9271438398696,-33.615732558016));
#3971=CARTESIAN_POINT('Ctrl Pts',(-5.14381506317537,37.9832705236249,-33.9841704879542));
#3972=CARTESIAN_POINT('Ctrl Pts',(-4.55146046954202,38.0393972073802,-34.5038021476579));
#3973=CARTESIAN_POINT('Ctrl Pts',(-3.9591058759087,38.0955238911355,-35.0234338073615));
#3974=CARTESIAN_POINT('Ctrl Pts',(-3.4993958576754,38.1516505748908,-35.6942591968305));
#3975=CARTESIAN_POINT('Ctrl Pts',(-3.22855498022595,38.2077772586461,-36.4342183582389));
#3976=CARTESIAN_POINT('Ctrl Pts',(-2.9577141027765,38.2639039424015,-37.1741775196473));
#3977=CARTESIAN_POINT('Ctrl Pts',(-2.87574236611091,38.3200306261568,-37.9832704529951));
#3978=CARTESIAN_POINT('Ctrl Pts',(-2.99267421724193,38.3761573099121,-38.7625157120513));
#3979=CARTESIAN_POINT('Ctrl Pts',(-3.10960606837296,38.4322839936674,-39.5417609711075));
#3980=CARTESIAN_POINT('Ctrl Pts',(-3.42544150730059,38.4884106774227,-40.2911585558721));
#3981=CARTESIAN_POINT('Ctrl Pts',(-3.90154005238675,38.5445373611781,-40.9190330508484));
#3982=CARTESIAN_POINT('Ctrl Pts',(-4.37763859747291,38.6006640449334,-41.5469075458246));
#3983=CARTESIAN_POINT('Ctrl Pts',(-5.0140002487176,38.6567907286887,-42.0532589510125));
#3984=CARTESIAN_POINT('Ctrl Pts',(-5.73277816686987,38.712917412444,-42.376142956905));
#3985=CARTESIAN_POINT('Ctrl Pts',(-6.45155608502215,38.7690440961993,-42.6990269627975));
#3986=CARTESIAN_POINT('Ctrl Pts',(-7.25275027008202,38.8251707799547,-42.8384435693945));
#3987=CARTESIAN_POINT('Ctrl Pts',(-8.03834700110293,38.88129746371,-42.7773377005846));
#3988=CARTESIAN_POINT('Ctrl Pts',(-8.82394373212386,38.9374241474653,-42.7162318317747));
#3989=CARTESIAN_POINT('Ctrl Pts',(-9.59394300910584,38.9935508312206,-42.454603487558));
#3990=CARTESIAN_POINT('Ctrl Pts',(-10.254148432723,39.0496775149759,-42.0244584756764));
#3991=CARTESIAN_POINT('Ctrl Pts',(-10.9143538563401,39.1058041987312,-41.5943134637948));
#3992=CARTESIAN_POINT('Ctrl Pts',(-11.4647654265925,39.1619308824866,-40.9956517842484));
#3993=CARTESIAN_POINT('Ctrl Pts',(-11.8380491403769,39.2180575662419,-40.3017099281682));
#3994=CARTESIAN_POINT('Ctrl Pts',(-12.2066238775344,39.2734762114941,-39.616522153394));
#3995=CARTESIAN_POINT('Ctrl Pts',(-12.4025115086453,39.3288948567463,-38.8384429595211));
#3996=CARTESIAN_POINT('Ctrl Pts',(-12.4026124080927,39.3843135019985,-38.0604127037726));
#3997=CARTESIAN_POINT('Origin',(-7.67145251638462,35.1911117731889,-38.0604233397902));
#3998=CARTESIAN_POINT('',(-12.4026062702123,42.2729100443794,-38.0604017092953));
#3999=CARTESIAN_POINT('',(-12.4018186082303,41.5009801686651,-38.0603810551699));
#4000=CARTESIAN_POINT('',(-12.4022025163846,35.1911117731889,-38.0604233397902));
#4001=CARTESIAN_POINT('Ctrl Pts',(-12.4026062702123,42.2729100443794,-38.0604017092953));
#4002=CARTESIAN_POINT('Ctrl Pts',(-12.4024108124357,42.218229800394,-38.8280683310975));
#4003=CARTESIAN_POINT('Ctrl Pts',(-12.2119073210543,42.1635495564085,-39.5958284405501));
#4004=CARTESIAN_POINT('Ctrl Pts',(-11.8526968967677,42.1088693124231,-40.2742634264313));
#4005=CARTESIAN_POINT('Ctrl Pts',(-11.4839843889939,42.0527426286678,-40.9706448454907));
#4006=CARTESIAN_POINT('Ctrl Pts',(-10.9375213906852,41.9966159449124,-41.5729128558213));
#4007=CARTESIAN_POINT('Ctrl Pts',(-10.2801586797515,41.9404892611571,-42.0073898523053));
#4008=CARTESIAN_POINT('Ctrl Pts',(-9.62279596881771,41.8843625774018,-42.4418668487893));
#4009=CARTESIAN_POINT('Ctrl Pts',(-8.85453354525897,41.8282358936465,-42.7085528314267));
#4010=CARTESIAN_POINT('Ctrl Pts',(-8.06935570593061,41.7721092098912,-42.7748231477671));
#4011=CARTESIAN_POINT('Ctrl Pts',(-7.28417786660227,41.7159825261359,-42.8410934641074));
#4012=CARTESIAN_POINT('Ctrl Pts',(-6.48208461150431,41.6598558423805,-42.7069481141507));
#4013=CARTESIAN_POINT('Ctrl Pts',(-5.76119888441513,41.6037291586252,-42.3887975795311));
#4014=CARTESIAN_POINT('Ctrl Pts',(-5.04031315732596,41.5476024748699,-42.0706470449114));
#4015=CARTESIAN_POINT('Ctrl Pts',(-4.40063495824557,41.4914757911146,-41.5684913256287));
#4016=CARTESIAN_POINT('Ctrl Pts',(-3.92041841481249,41.4353491073593,-40.9437609312877));
#4017=CARTESIAN_POINT('Ctrl Pts',(-3.44020187137941,41.379222423604,-40.3190305369467));
#4018=CARTESIAN_POINT('Ctrl Pts',(-3.11944698359364,41.3230957398486,-39.5717254675473));
#4019=CARTESIAN_POINT('Ctrl Pts',(-2.99739284693912,41.2669690560933,-38.7932662316681));
#4020=CARTESIAN_POINT('Ctrl Pts',(-2.87533871028459,41.210842372338,-38.0148069957889));
#4021=CARTESIAN_POINT('Ctrl Pts',(-2.95198532476132,41.1547156885827,-37.2051935934298));
#4022=CARTESIAN_POINT('Ctrl Pts',(-3.21795623519787,41.0985890048274,-36.4634689349482));
#4023=CARTESIAN_POINT('Ctrl Pts',(-3.48392714563442,41.0424623210721,-35.7217442764665));
#4024=CARTESIAN_POINT('Ctrl Pts',(-3.93922235203082,40.9863356373167,-35.0479083618624));
#4025=CARTESIAN_POINT('Ctrl Pts',(-4.52814395935835,40.9302089535614,-34.5243939545833));
#4026=CARTESIAN_POINT('Ctrl Pts',(-5.11706556668586,40.8740822698061,-34.0008795473041));
#4027=CARTESIAN_POINT('Ctrl Pts',(-5.83961357494449,40.8179555860508,-33.6276866473499));
#4028=CARTESIAN_POINT('Ctrl Pts',(-6.60739609557481,40.7618289022955,-33.4504692802533));
#4029=CARTESIAN_POINT('Ctrl Pts',(-7.37517861620514,40.7057022185401,-33.2732519131568));
#4030=CARTESIAN_POINT('Ctrl Pts',(-8.18819564920714,40.6495755347848,-33.2920100789178));
#4031=CARTESIAN_POINT('Ctrl Pts',(-8.94698790595699,40.5934488510295,-33.504449023843));
#4032=CARTESIAN_POINT('Ctrl Pts',(-9.70578016270685,40.5373221672742,-33.7168879687681));
#4033=CARTESIAN_POINT('Ctrl Pts',(-10.4103476432046,40.4811954835189,-34.1230076928575));
#4034=CARTESIAN_POINT('Ctrl Pts',(-10.974498081209,40.4250687997635,-34.6731261141721));
#4035=CARTESIAN_POINT('Ctrl Pts',(-11.5386485192134,40.3689421160082,-35.2232445354866));
#4036=CARTESIAN_POINT('Ctrl Pts',(-11.9623819147246,40.3128154322529,-35.9173616540263));
#4037=CARTESIAN_POINT('Ctrl Pts',(-12.1938614424854,40.2566887484976,-36.6705636338644));
#4038=CARTESIAN_POINT('Ctrl Pts',(-12.3319481506211,40.223206958236,-37.1198784521693));
#4039=CARTESIAN_POINT('Ctrl Pts',(-12.4016194913813,40.1897251679744,-37.5902191803264));
#4040=CARTESIAN_POINT('Ctrl Pts',(-12.4018567938979,40.1562433777128,-38.06049113607));
#4041=CARTESIAN_POINT('Ctrl Pts',(-12.4026124080927,39.3843135019985,-38.0604127037726));
#4042=CARTESIAN_POINT('Ctrl Pts',(-12.402613697202,39.3850215405016,-38.0504724503586));
#4043=CARTESIAN_POINT('Ctrl Pts',(-12.4025830278989,39.3857295790047,-38.0405322049329));
#4044=CARTESIAN_POINT('Ctrl Pts',(-12.4025203520099,39.3864376175078,-38.0305921613192));
#4045=CARTESIAN_POINT('Ctrl Pts',(-12.3975519925421,39.4425643012632,-37.2426382831645));
#4046=CARTESIAN_POINT('Ctrl Pts',(-12.19145941629,39.4986909850185,-36.455952559469));
#4047=CARTESIAN_POINT('Ctrl Pts',(-11.8094546235586,39.5548176687738,-35.7667730901001));
#4048=CARTESIAN_POINT('Ctrl Pts',(-11.4274498308271,39.6109443525291,-35.0775936207311));
#4049=CARTESIAN_POINT('Ctrl Pts',(-10.8695328216163,39.6670710362844,-34.4859204056886));
#4050=CARTESIAN_POINT('Ctrl Pts',(-10.2039556053011,39.7231977200397,-34.064134943639));
#4051=CARTESIAN_POINT('Ctrl Pts',(-9.53837838898596,39.7793244037951,-33.6423494815894));
#4052=CARTESIAN_POINT('Ctrl Pts',(-8.76514096556635,39.8354510875504,-33.3904517725327));
#4053=CARTESIAN_POINT('Ctrl Pts',(-7.97883623109133,39.8915777713057,-33.3392573698854));
#4054=CARTESIAN_POINT('Ctrl Pts',(-7.19253149661631,39.947704455061,-33.288062967238));
#4055=CARTESIAN_POINT('Ctrl Pts',(-6.39315945108588,40.0038311388163,-33.4375718710001));
#4056=CARTESIAN_POINT('Ctrl Pts',(-5.67851014802373,40.0599578225717,-33.7694941192068));
#4057=CARTESIAN_POINT('Ctrl Pts',(-4.96386084496159,40.116084506327,-34.1014163674136));
#4058=CARTESIAN_POINT('Ctrl Pts',(-4.33393428436771,40.1722111900823,-34.615751960065));
#4059=CARTESIAN_POINT('Ctrl Pts',(-3.86579163850591,40.2283378738376,-35.2495803808115));
#4060=CARTESIAN_POINT('Ctrl Pts',(-3.39764899264411,40.2844645575929,-35.883408801558));
#4061=CARTESIAN_POINT('Ctrl Pts',(-3.09129026151438,40.3405912413482,-36.6367300503996));
#4062=CARTESIAN_POINT('Ctrl Pts',(-2.98419340834562,40.3967179251036,-37.4173876375472));
#4063=CARTESIAN_POINT('Ctrl Pts',(-2.87709655517686,40.4528446088589,-38.1980452246948));
#4064=CARTESIAN_POINT('Ctrl Pts',(-2.96926157996908,40.5089712926142,-39.0060391501483));
#4065=CARTESIAN_POINT('Ctrl Pts',(-3.24941360419355,40.5650979763695,-39.7425246201683));
#4066=CARTESIAN_POINT('Ctrl Pts',(-3.52956562841801,40.6212246601248,-40.4790100901882));
#4067=CARTESIAN_POINT('Ctrl Pts',(-3.9977046520747,40.6773513438801,-41.1439871047744));
#4068=CARTESIAN_POINT('Ctrl Pts',(-4.59656155018997,40.7334780276354,-41.6561066413802));
#4069=CARTESIAN_POINT('Ctrl Pts',(-5.19541844830523,40.7896047113908,-42.1682261779861));
#4070=CARTESIAN_POINT('Ctrl Pts',(-5.92499322087907,40.8457313951461,-42.5274882366116));
#4071=CARTESIAN_POINT('Ctrl Pts',(-6.69603436997303,40.9018580789015,-42.6899430015492));
#4072=CARTESIAN_POINT('Ctrl Pts',(-7.46707551906698,40.9579847626568,-42.8523977664867));
#4073=CARTESIAN_POINT('Ctrl Pts',(-8.27958304468106,41.014111446412,-42.8180452377365));
#4074=CARTESIAN_POINT('Ctrl Pts',(-9.0341599880544,41.0702381301674,-42.5910878832871));
#4075=CARTESIAN_POINT('Ctrl Pts',(-9.78873693142774,41.1263648139227,-42.3641305288377));
#4076=CARTESIAN_POINT('Ctrl Pts',(-10.4853832925604,41.182491497678,-41.9445683486892));
#4077=CARTESIAN_POINT('Ctrl Pts',(-11.0388758242566,41.2386181814334,-41.3837278886781));
#4078=CARTESIAN_POINT('Ctrl Pts',(-11.5923683559528,41.2947448651887,-40.8228874286671));
#4079=CARTESIAN_POINT('Ctrl Pts',(-12.0027070582127,41.350871548944,-40.1207686887934));
#4080=CARTESIAN_POINT('Ctrl Pts',(-12.2196937263481,41.4069982326993,-39.3632643719261));
#4081=CARTESIAN_POINT('Ctrl Pts',(-12.3408056217111,41.4383255446879,-38.9404605916301));
#4082=CARTESIAN_POINT('Ctrl Pts',(-12.4016815004548,41.4696528566765,-38.5004022396335));
#4083=CARTESIAN_POINT('Ctrl Pts',(-12.4018186082303,41.5009801686651,-38.0603810551699));
#4084=CARTESIAN_POINT('Origin',(-7.67145251638462,35.1911117731889,-38.0604233397902));
#4085=CARTESIAN_POINT('',(-12.4018096999382,44.3895767110461,-38.0603903632277));
#4086=CARTESIAN_POINT('',(-12.4024511762345,43.6176468353318,-38.0605175369556));
#4087=CARTESIAN_POINT('',(-12.4022025163846,35.1911117731889,-38.0604233397902));
#4088=CARTESIAN_POINT('Ctrl Pts',(-12.4018096999382,44.3895767110461,-38.0603903632277));
#4089=CARTESIAN_POINT('Ctrl Pts',(-12.4017055299844,44.3589878003242,-38.49004231726));
#4090=CARTESIAN_POINT('Ctrl Pts',(-12.3437023623154,44.3283988896024,-38.9197218425426));
#4091=CARTESIAN_POINT('Ctrl Pts',(-12.2281623699135,44.2978099788805,-39.3333286027446));
#4092=CARTESIAN_POINT('Ctrl Pts',(-12.0161614695348,44.2416832951252,-40.0922433624104));
#4093=CARTESIAN_POINT('Ctrl Pts',(-11.6104485212572,44.1855566113699,-40.7970451560998));
#4094=CARTESIAN_POINT('Ctrl Pts',(-11.0606558447149,44.1294299276146,-41.3615130533451));
#4095=CARTESIAN_POINT('Ctrl Pts',(-10.5108631681727,44.0733032438592,-41.9259809505905));
#4096=CARTESIAN_POINT('Ctrl Pts',(-9.81699076336592,44.0171765601039,-42.3501149513917));
#4097=CARTESIAN_POINT('Ctrl Pts',(-9.06392252943326,43.9610498763486,-42.582029222711));
#4098=CARTESIAN_POINT('Ctrl Pts',(-8.31085429550065,43.9049231925933,-42.8139434940303));
#4099=CARTESIAN_POINT('Ctrl Pts',(-7.49859023244219,43.848796508838,-42.8536380358677));
#4100=CARTESIAN_POINT('Ctrl Pts',(-6.72649751544026,43.7926698250827,-42.6962568725968));
#4101=CARTESIAN_POINT('Ctrl Pts',(-5.95440479843829,43.7365431413273,-42.5388757093258));
#4102=CARTESIAN_POINT('Ctrl Pts',(-5.22248342749285,43.680416457572,-42.1844188409464));
#4103=CARTESIAN_POINT('Ctrl Pts',(-4.62027196819383,43.6242897738167,-41.6762482470618));
#4104=CARTESIAN_POINT('Ctrl Pts',(-4.01806050889483,43.5681630900614,-41.1680776531773));
#4105=CARTESIAN_POINT('Ctrl Pts',(-3.54555896124224,43.5120364063061,-40.5061933337876));
#4106=CARTESIAN_POINT('Ctrl Pts',(-3.26057013370055,43.4559097225507,-39.7715659708502));
#4107=CARTESIAN_POINT('Ctrl Pts',(-2.97558130615885,43.3997830387954,-39.0369386079128));
#4108=CARTESIAN_POINT('Ctrl Pts',(-2.87810519872803,43.3436563550401,-38.2295682014276));
#4109=CARTESIAN_POINT('Ctrl Pts',(-2.98006641312778,43.2875296712848,-37.4482232680223));
#4110=CARTESIAN_POINT('Ctrl Pts',(-3.08202762752753,43.2314029875295,-36.666878334617));
#4111=CARTESIAN_POINT('Ctrl Pts',(-3.38342616375785,43.1752763037741,-35.9115588742916));
#4112=CARTESIAN_POINT('Ctrl Pts',(-3.84739085822627,43.1191496200188,-35.2746658248031));
#4113=CARTESIAN_POINT('Ctrl Pts',(-4.31135555269469,43.0630229362635,-34.6377727753145));
#4114=CARTESIAN_POINT('Ctrl Pts',(-4.9378864054012,43.0068962525082,-34.1193061366627));
#4115=CARTESIAN_POINT('Ctrl Pts',(-5.65033765072664,42.9507695687529,-33.7826917917007));
#4116=CARTESIAN_POINT('Ctrl Pts',(-6.36278889605204,42.8946428849976,-33.4460774467386));
#4117=CARTESIAN_POINT('Ctrl Pts',(-7.16116053399636,42.8385162012422,-33.2913153954662));
#4118=CARTESIAN_POINT('Ctrl Pts',(-7.94778489955229,42.7823895174869,-33.3373382345103));
#4119=CARTESIAN_POINT('Ctrl Pts',(-8.73440926510826,42.7262628337316,-33.3833610735544));
#4120=CARTESIAN_POINT('Ctrl Pts',(-9.50928635827585,42.6701361499763,-33.630168802915));
#4121=CARTESIAN_POINT('Ctrl Pts',(-10.1776226859493,42.6140094662209,-34.0475685481377));
#4122=CARTESIAN_POINT('Ctrl Pts',(-10.8459590136227,42.5578827824656,-34.4649682933604));
#4123=CARTESIAN_POINT('Ctrl Pts',(-11.407754575802,42.5017560987103,-35.0529600544453));
#4124=CARTESIAN_POINT('Ctrl Pts',(-11.7942829070646,42.445629414955,-35.7396126910319));
#4125=CARTESIAN_POINT('Ctrl Pts',(-12.1808112383271,42.3895027311997,-36.4262653276185));
#4126=CARTESIAN_POINT('Ctrl Pts',(-12.392072338673,42.3333760474444,-37.2115788397069));
#4127=CARTESIAN_POINT('Ctrl Pts',(-12.4022218802266,42.277249363689,-37.9994830096452));
#4128=CARTESIAN_POINT('Ctrl Pts',(-12.4024834438816,42.2758029239192,-38.0197880740103));
#4129=CARTESIAN_POINT('Ctrl Pts',(-12.4026114405971,42.2743564841493,-38.040094858944));
#4130=CARTESIAN_POINT('Ctrl Pts',(-12.4026062702123,42.2729100443794,-38.0604017092953));
#4131=CARTESIAN_POINT('Ctrl Pts',(-12.4018186082303,41.5009801686651,-38.0603810551699));
#4132=CARTESIAN_POINT('Ctrl Pts',(-12.4019271456847,41.5257795404318,-37.7120508523519));
#4133=CARTESIAN_POINT('Ctrl Pts',(-12.3639728515279,41.5505789121985,-37.3637439411074));
#4134=CARTESIAN_POINT('Ctrl Pts',(-12.2877063188528,41.5753782839653,-37.0240384256541));
#4135=CARTESIAN_POINT('Ctrl Pts',(-12.1150976092113,41.6315049677206,-36.2552066901104));
#4136=CARTESIAN_POINT('Ctrl Pts',(-11.7462455559175,41.6876316514759,-35.5304331128842));
#4137=CARTESIAN_POINT('Ctrl Pts',(-11.2262731531627,41.7437583352312,-34.93838184433));
#4138=CARTESIAN_POINT('Ctrl Pts',(-10.7063007504078,41.7998850189865,-34.3463305757758));
#4139=CARTESIAN_POINT('Ctrl Pts',(-10.0352079981919,41.8560117027419,-33.8870016158937));
#4140=CARTESIAN_POINT('Ctrl Pts',(-9.2950920790746,41.9121383864972,-33.6165863232569));
#4141=CARTESIAN_POINT('Ctrl Pts',(-8.55497615995731,41.9682650702525,-33.3461710306201));
#4142=CARTESIAN_POINT('Ctrl Pts',(-7.7458370739386,42.0243917540078,-33.2646694052286));
#4143=CARTESIAN_POINT('Ctrl Pts',(-6.966659706556,42.0805184377631,-33.3820518331379));
#4144=CARTESIAN_POINT('Ctrl Pts',(-6.18748233917341,42.1366451215184,-33.4994342610472));
#4145=CARTESIAN_POINT('Ctrl Pts',(-5.43826669042692,42.1927718052738,-33.8157007422572));
#4146=CARTESIAN_POINT('Ctrl Pts',(-4.8106669969175,42.2488984890291,-34.2921612641578));
#4147=CARTESIAN_POINT('Ctrl Pts',(-4.18306730340807,42.3050251727844,-34.7686217860584));
#4148=CARTESIAN_POINT('Ctrl Pts',(-3.6770835651357,42.3611518565397,-35.4052763486494));
#4149=CARTESIAN_POINT('Ctrl Pts',(-3.35461458699299,42.417278540295,-36.1242407165833));
#4150=CARTESIAN_POINT('Ctrl Pts',(-3.03214560885028,42.4734052240503,-36.8432050845172));
#4151=CARTESIAN_POINT('Ctrl Pts',(-2.89319139083723,42.5295319078057,-37.6444792577939));
#4152=CARTESIAN_POINT('Ctrl Pts',(-2.95475070065945,42.585658591561,-38.4300404938521));
#4153=CARTESIAN_POINT('Ctrl Pts',(-3.01631001048167,42.6417852753163,-39.2156017299102));
#4154=CARTESIAN_POINT('Ctrl Pts',(-3.27838284813917,42.6979119590716,-39.9854500287498));
#4155=CARTESIAN_POINT('Ctrl Pts',(-3.70890890374706,42.7540386428269,-40.6454070877057));
#4156=CARTESIAN_POINT('Ctrl Pts',(-4.13943495935492,42.8101653265823,-41.3053641466615));
#4157=CARTESIAN_POINT('Ctrl Pts',(-4.73841423291315,42.8662920103376,-41.8554299657337));
#4158=CARTESIAN_POINT('Ctrl Pts',(-5.43257144226514,42.9224186940929,-42.2283130210307));
#4159=CARTESIAN_POINT('Ctrl Pts',(-6.12672865161716,42.9785453778482,-42.6011960763277));
#4160=CARTESIAN_POINT('Ctrl Pts',(-6.91606379676293,43.0346720616035,-42.7968963678495));
#4161=CARTESIAN_POINT('Ctrl Pts',(-7.7040146792593,43.0907987453588,-42.7914731772566));
#4162=CARTESIAN_POINT('Ctrl Pts',(-8.49196556175564,43.1469254291142,-42.7860499866637));
#4163=CARTESIAN_POINT('Ctrl Pts',(-9.27853218160256,43.2030521128695,-42.5795033139561));
#4164=CARTESIAN_POINT('Ctrl Pts',(-9.96749102398316,43.2591787966248,-42.1971007541732));
#4165=CARTESIAN_POINT('Ctrl Pts',(-10.6564498663638,43.3153054803801,-41.8146981943902));
#4166=CARTESIAN_POINT('Ctrl Pts',(-11.2478009312781,43.3714321641354,-41.2564397475319));
#4167=CARTESIAN_POINT('Ctrl Pts',(-11.6692021226836,43.4275588478907,-40.5906191710212));
#4168=CARTESIAN_POINT('Ctrl Pts',(-12.090603314089,43.4836855316461,-39.9247985945105));
#4169=CARTESIAN_POINT('Ctrl Pts',(-12.3420546319857,43.5398122154014,-39.1514158883475));
#4170=CARTESIAN_POINT('Ctrl Pts',(-12.3927951350841,43.5959388991567,-38.3650817319176));
#4171=CARTESIAN_POINT('Ctrl Pts',(-12.3993367152444,43.6031748778818,-38.2637057580315));
#4172=CARTESIAN_POINT('Ctrl Pts',(-12.4025422913396,43.6104108566068,-38.1621145187609));
#4173=CARTESIAN_POINT('Ctrl Pts',(-12.4024511762345,43.6176468353318,-38.0605175369556));
#4174=CARTESIAN_POINT('Origin',(-7.67145251638462,35.1911117731889,-38.0604233397902));
#4175=CARTESIAN_POINT('',(-12.4024788563532,46.5062433777128,-38.0605102527864));
#4176=CARTESIAN_POINT('',(-12.4020384049848,45.7343135019985,-38.0603074928214));
#4177=CARTESIAN_POINT('',(-12.4022025163846,35.1911117731889,-38.0604233397902));
#4178=CARTESIAN_POINT('Ctrl Pts',(-12.4024788563532,46.5062433777128,-38.0605102527864));
#4179=CARTESIAN_POINT('Ctrl Pts',(-12.4025560214298,46.4997458002545,-38.1517381414823));
#4180=CARTESIAN_POINT('Ctrl Pts',(-12.3999716717469,46.4932482227962,-38.2429616610069));
#4181=CARTESIAN_POINT('Ctrl Pts',(-12.3946963462903,46.4867506453379,-38.3340292988893));
#4182=CARTESIAN_POINT('Ctrl Pts',(-12.3491275900103,46.4306239615826,-39.1206800998361));
#4183=CARTESIAN_POINT('Ctrl Pts',(-12.1027671958424,46.3744972778273,-39.8956995324983));
#4184=CARTESIAN_POINT('Ctrl Pts',(-11.6857533140769,46.318370594072,-40.5642766908124));
#4185=CARTESIAN_POINT('Ctrl Pts',(-11.2687394323113,46.2622439103167,-41.2328538491264));
#4186=CARTESIAN_POINT('Ctrl Pts',(-10.681072062948,46.2061172265614,-41.7949887330923));
#4187=CARTESIAN_POINT('Ctrl Pts',(-9.99464266236759,46.1499905428061,-42.1819133668646));
#4188=CARTESIAN_POINT('Ctrl Pts',(-9.30821326178712,46.0938638590507,-42.5688380006369));
#4189=CARTESIAN_POINT('Ctrl Pts',(-8.52302182998944,46.0377371752954,-42.7805523842157));
#4190=CARTESIAN_POINT('Ctrl Pts',(-7.73512365009569,45.9816104915401,-42.7911567379485));
#4191=CARTESIAN_POINT('Ctrl Pts',(-6.94722547020193,45.9254838077848,-42.8017610916813));
#4192=CARTESIAN_POINT('Ctrl Pts',(-6.15662054221209,45.8693571240294,-42.6112554155681));
#4193=CARTESIAN_POINT('Ctrl Pts',(-5.46002640166284,45.8132304402741,-42.2429449520268));
#4194=CARTESIAN_POINT('Ctrl Pts',(-4.76343226111358,45.7571037565188,-41.8746344884856));
#4195=CARTESIAN_POINT('Ctrl Pts',(-4.1608489080049,45.7009770727635,-41.3285192375164));
#4196=CARTESIAN_POINT('Ctrl Pts',(-3.72599252446449,45.6448503890082,-40.6714074358469));
#4197=CARTESIAN_POINT('Ctrl Pts',(-3.29113614092411,45.5887237052528,-40.0142956341774));
#4198=CARTESIAN_POINT('Ctrl Pts',(-3.02400672695198,45.5325970214975,-39.2461872818075));
#4199=CARTESIAN_POINT('Ctrl Pts',(-2.9572831815451,45.4764703377422,-38.4610478275138));
#4200=CARTESIAN_POINT('Ctrl Pts',(-2.89055963613822,45.4203436539869,-37.6759083732201));
#4201=CARTESIAN_POINT('Ctrl Pts',(-3.02424195929662,45.3642169702316,-36.8737378170025));
#4202=CARTESIAN_POINT('Ctrl Pts',(-3.34197631311374,45.3080902864762,-36.1526685591608));
#4203=CARTESIAN_POINT('Ctrl Pts',(-3.65971066693085,45.2519636027209,-35.4315993013191));
#4204=CARTESIAN_POINT('Ctrl Pts',(-4.16149705140667,45.1958369189656,-34.7916313418534));
#4205=CARTESIAN_POINT('Ctrl Pts',(-4.78595013898854,45.1397102352103,-34.3110542558314));
#4206=CARTESIAN_POINT('Ctrl Pts',(-5.41040322657041,45.083583551455,-33.8304771698093));
#4207=CARTESIAN_POINT('Ctrl Pts',(-6.15752301725834,45.0274568676997,-33.509290957231));
#4208=CARTESIAN_POINT('Ctrl Pts',(-6.93591166828171,44.9713301839444,-33.3867874790843));
#4209=CARTESIAN_POINT('Ctrl Pts',(-7.71430031930508,44.915203500189,-33.2642840009377));
#4210=CARTESIAN_POINT('Ctrl Pts',(-8.5239578306639,44.8590768164337,-33.3404632572228));
#4211=CARTESIAN_POINT('Ctrl Pts',(-9.26583589599098,44.8029501326784,-33.6060059663799));
#4212=CARTESIAN_POINT('Ctrl Pts',(-10.0077139613181,44.7468234489231,-33.871548675537));
#4213=CARTESIAN_POINT('Ctrl Pts',(-10.6818125806134,44.6906967651678,-34.3264548375662));
#4214=CARTESIAN_POINT('Ctrl Pts',(-11.2056668528182,44.6345700814124,-34.915074150614));
#4215=CARTESIAN_POINT('Ctrl Pts',(-11.729521125023,44.5784433976571,-35.5036934636617));
#4216=CARTESIAN_POINT('Ctrl Pts',(-12.1031310501372,44.5223167139018,-36.226025927728));
#4217=CARTESIAN_POINT('Ctrl Pts',(-12.2807915864545,44.4661900301465,-36.9937060225823));
#4218=CARTESIAN_POINT('Ctrl Pts',(-12.3616275480669,44.440652257113,-37.3430022701597));
#4219=CARTESIAN_POINT('Ctrl Pts',(-12.4018966683386,44.4151144840795,-37.7016867079969));
#4220=CARTESIAN_POINT('Ctrl Pts',(-12.4018096999382,44.3895767110461,-38.0603903632277));
#4221=CARTESIAN_POINT('Ctrl Pts',(-12.4024511762345,43.6176468353318,-38.0605175369556));
#4222=CARTESIAN_POINT('Ctrl Pts',(-12.4018355467673,43.6665375403621,-37.37406608952));
#4223=CARTESIAN_POINT('Ctrl Pts',(-12.2507199843635,43.7154282453924,-36.6873524849631));
#4224=CARTESIAN_POINT('Ctrl Pts',(-11.9612306059289,43.7643189504226,-36.0650043859091));
#4225=CARTESIAN_POINT('Ctrl Pts',(-11.6288958853751,43.820445634178,-35.3505468030272));
#4226=CARTESIAN_POINT('Ctrl Pts',(-11.1141967559673,43.8765723179333,-34.7209172439603));
#4227=CARTESIAN_POINT('Ctrl Pts',(-10.4800982076444,43.9326990016886,-34.2531405501868));
#4228=CARTESIAN_POINT('Ctrl Pts',(-9.8459996593214,43.988825685444,-33.7853638564133));
#4229=CARTESIAN_POINT('Ctrl Pts',(-9.09250169208324,44.0449523691993,-33.4794400279333));
#4230=CARTESIAN_POINT('Ctrl Pts',(-8.31178241390647,44.1010790529546,-33.3727938235654));
#4231=CARTESIAN_POINT('Ctrl Pts',(-7.53106313572967,44.1572057367099,-33.2661476191975));
#4232=CARTESIAN_POINT('Ctrl Pts',(-6.72312254661422,44.2133324204652,-33.3587790389417));
#4233=CARTESIAN_POINT('Ctrl Pts',(-5.98679891567346,44.2694591042205,-33.6393561490937));
#4234=CARTESIAN_POINT('Ctrl Pts',(-5.25047528473269,44.3255857879759,-33.9199332592456));
#4235=CARTESIAN_POINT('Ctrl Pts',(-4.58576861196657,44.3817124717312,-34.3884560598052));
#4236=CARTESIAN_POINT('Ctrl Pts',(-4.07399484794041,44.4378391554865,-34.9876084767055));
#4237=CARTESIAN_POINT('Ctrl Pts',(-3.56222108391425,44.4939658392418,-35.5867608936058));
#4238=CARTESIAN_POINT('Ctrl Pts',(-3.20338022862808,44.5500925229971,-36.3165429268469));
#4239=CARTESIAN_POINT('Ctrl Pts',(-3.04137057052216,44.6062192067524,-37.0876777236907));
#4240=CARTESIAN_POINT('Ctrl Pts',(-2.87936091241625,44.6623458905078,-37.8588125205345));
#4241=CARTESIAN_POINT('Ctrl Pts',(-2.91418245149058,44.7184725742631,-38.6713000809811));
#4242=CARTESIAN_POINT('Ctrl Pts',(-3.1415753440186,44.7745992580184,-39.4257458886113));
#4243=CARTESIAN_POINT('Ctrl Pts',(-3.36896823654663,44.8307259417737,-40.1801916962414));
#4244=CARTESIAN_POINT('Ctrl Pts',(-3.78893248252837,44.886852625529,-40.8765957510552));
#4245=CARTESIAN_POINT('Ctrl Pts',(-4.35009234998367,44.9429793092844,-41.4297644480912));
#4246=CARTESIAN_POINT('Ctrl Pts',(-4.91125221743897,44.9991059930397,-41.9829331451272));
#4247=CARTESIAN_POINT('Ctrl Pts',(-5.61360770636781,45.055232676795,-42.3928664843856));
#4248=CARTESIAN_POINT('Ctrl Pts',(-6.37123715153497,45.1113593605503,-42.6094158506711));
#4249=CARTESIAN_POINT('Ctrl Pts',(-7.12886659670212,45.1674860443056,-42.8259652169566));
#4250=CARTESIAN_POINT('Ctrl Pts',(-7.94176999810758,45.223612728061,-42.8491306102693));
#4251=CARTESIAN_POINT('Ctrl Pts',(-8.71050196801674,45.2797394118163,-42.6760781249864));
#4252=CARTESIAN_POINT('Ctrl Pts',(-9.47923393792587,45.3358660955716,-42.5030256397035));
#4253=CARTESIAN_POINT('Ctrl Pts',(-10.2037944763388,45.3919927793269,-42.1337552758251));
#4254=CARTESIAN_POINT('Ctrl Pts',(-10.795545494701,45.4481194630822,-41.613441200972));
#4255=CARTESIAN_POINT('Ctrl Pts',(-11.3872965130632,45.5042461468375,-41.0931271261189));
#4256=CARTESIAN_POINT('Ctrl Pts',(-11.8462380113749,45.5603728305929,-40.4217693402912));
#4257=CARTESIAN_POINT('Ctrl Pts',(-12.1162260306268,45.6164995143482,-39.6814974485627));
#4258=CARTESIAN_POINT('Ctrl Pts',(-12.3051341876604,45.6557708435649,-39.1635359510202));
#4259=CARTESIAN_POINT('Ctrl Pts',(-12.4015368927112,45.6950421727817,-38.6118363580161));
#4260=CARTESIAN_POINT('Ctrl Pts',(-12.4020384049848,45.7343135019985,-38.0603074928214));
#4261=CARTESIAN_POINT('Origin',(-7.67145251638462,35.1911117731889,-38.0604233397902));
#4262=CARTESIAN_POINT('',(-12.4020100675934,48.6229100443794,-38.060311638964));
#4263=CARTESIAN_POINT('',(-12.4021070325192,47.8509801686652,-38.060545407083));
#4264=CARTESIAN_POINT('',(-12.4022025163846,35.1911117731889,-38.0604233397902));
#4265=CARTESIAN_POINT('Ctrl Pts',(-12.4020100675934,48.6229100443794,-38.060311638964));
#4266=CARTESIAN_POINT('Ctrl Pts',(-12.401539078938,48.5843771164294,-38.6014796403722));
#4267=CARTESIAN_POINT('Ctrl Pts',(-12.3087997872098,48.5458441884794,-39.1428048013026));
#4268=CARTESIAN_POINT('Ctrl Pts',(-12.1267894408176,48.5073112605294,-39.6522350922833));
#4269=CARTESIAN_POINT('Ctrl Pts',(-11.8616749609264,48.4511845767741,-40.394266242222));
#4270=CARTESIAN_POINT('Ctrl Pts',(-11.4071581105415,48.3950578930187,-41.0686274850693));
#4271=CARTESIAN_POINT('Ctrl Pts',(-10.818841317475,48.3389312092634,-41.5928214843206));
#4272=CARTESIAN_POINT('Ctrl Pts',(-10.2305245244085,48.2828045255081,-42.1170154835719));
#4273=CARTESIAN_POINT('Ctrl Pts',(-9.50840778866038,48.2266778417528,-42.4910422392272));
#4274=CARTESIAN_POINT('Ctrl Pts',(-8.74083036093705,48.1705511579975,-42.6691458676382));
#4275=CARTESIAN_POINT('Ctrl Pts',(-7.97325293321377,48.1144244742421,-42.8472494960492));
#4276=CARTESIAN_POINT('Ctrl Pts',(-7.1602148135153,48.0582977904868,-42.8294299972159));
#4277=CARTESIAN_POINT('Ctrl Pts',(-6.40117781086054,48.0021711067315,-42.6178672207917));
#4278=CARTESIAN_POINT('Ctrl Pts',(-5.64214080820573,47.9460444229762,-42.4063044443676));
#4279=CARTESIAN_POINT('Ctrl Pts',(-4.93710492259461,47.8899177392209,-42.0009983903525));
#4280=CARTESIAN_POINT('Ctrl Pts',(-4.3723197507783,47.8337910554656,-41.4515316374878));
#4281=CARTESIAN_POINT('Ctrl Pts',(-3.807534578962,47.7776643717102,-40.9020648846231));
#4282=CARTESIAN_POINT('Ctrl Pts',(-3.3830001209405,47.7215376879549,-40.2084374329089));
#4283=CARTESIAN_POINT('Ctrl Pts',(-3.15065118495431,47.6654110041996,-39.455503197926));
#4284=CARTESIAN_POINT('Ctrl Pts',(-2.9183022489681,47.6092843204443,-38.702568962943));
#4285=CARTESIAN_POINT('Ctrl Pts',(-2.87813883501724,47.553157636689,-37.8903279446915));
#4286=CARTESIAN_POINT('Ctrl Pts',(-3.03507428445866,47.4970309529336,-37.1181445077869));
#4287=CARTESIAN_POINT('Ctrl Pts',(-3.19200973390008,47.4409042691783,-36.3459610708822));
#4288=CARTESIAN_POINT('Ctrl Pts',(-3.54604404673379,47.384777585423,-35.6138352153243));
#4289=CARTESIAN_POINT('Ctrl Pts',(-4.05386693270719,47.3286509016677,-35.0113305178418));
#4290=CARTESIAN_POINT('Ctrl Pts',(-4.56168981868062,47.2725242179124,-34.4088258203593));
#4291=CARTESIAN_POINT('Ctrl Pts',(-5.22330127779372,47.2163975341571,-33.9359422809521));
#4292=CARTESIAN_POINT('Ctrl Pts',(-5.9577640097194,47.1602708504018,-33.6505294405572));
#4293=CARTESIAN_POINT('Ctrl Pts',(-6.69222674164503,47.1041441666464,-33.3651166001623));
#4294=CARTESIAN_POINT('Ctrl Pts',(-7.49954074638319,47.0480174828911,-33.2671744587797));
#4295=CARTESIAN_POINT('Ctrl Pts',(-8.28094440632556,46.9918907991358,-33.3686846287305));
#4296=CARTESIAN_POINT('Ctrl Pts',(-9.06234806626795,46.9357641153805,-33.4701947986814));
#4297=CARTESIAN_POINT('Ctrl Pts',(-9.81784138141456,46.8796374316252,-33.7711572799657));
#4298=CARTESIAN_POINT('Ctrl Pts',(-10.4550021461201,46.8235107478699,-34.2347542536462));
#4299=CARTESIAN_POINT('Ctrl Pts',(-11.0921629108256,46.7673840641146,-34.6983512273267));
#4300=CARTESIAN_POINT('Ctrl Pts',(-11.61099112509,46.7112573803592,-35.3245826934034));
#4301=CARTESIAN_POINT('Ctrl Pts',(-11.9480166730262,46.6551306966039,-36.0368395110574));
#4302=CARTESIAN_POINT('Ctrl Pts',(-12.2460260265854,46.6055015903068,-36.6666410056235));
#4303=CARTESIAN_POINT('Ctrl Pts',(-12.401889462258,46.5558724840098,-37.3637030789722));
#4304=CARTESIAN_POINT('Ctrl Pts',(-12.4024788563532,46.5062433777128,-38.0605102527864));
#4305=CARTESIAN_POINT('Ctrl Pts',(-12.4020384049848,45.7343135019985,-38.0603074928214));
#4306=CARTESIAN_POINT('Ctrl Pts',(-12.4022536553301,45.751168856537,-37.8235898989303));
#4307=CARTESIAN_POINT('Ctrl Pts',(-12.3848024840704,45.7680242110756,-37.5869037556331));
#4308=CARTESIAN_POINT('Ctrl Pts',(-12.3494164053541,45.7848795656141,-37.3529300800761));
#4309=CARTESIAN_POINT('Ctrl Pts',(-12.2315842206373,45.8410062493694,-36.5738206009475));
#4310=CARTESIAN_POINT('Ctrl Pts',(-11.9148853110115,45.8971329331248,-35.8247876403194));
#4311=CARTESIAN_POINT('Ctrl Pts',(-11.438062589607,45.9532596168801,-35.1974630859024));
#4312=CARTESIAN_POINT('Ctrl Pts',(-10.9612398682025,46.0093863006354,-34.5701385314852));
#4313=CARTESIAN_POINT('Ctrl Pts',(-10.3242933350193,46.0655129843907,-34.0645223832791));
#4314=CARTESIAN_POINT('Ctrl Pts',(-9.60514294321166,46.121639668146,-33.7424684775624));
#4315=CARTESIAN_POINT('Ctrl Pts',(-8.88599255140399,46.1777663519013,-33.4204145718458));
#4316=CARTESIAN_POINT('Ctrl Pts',(-8.0846383009719,46.2338930356567,-33.2819229086187));
#4317=CARTESIAN_POINT('Ctrl Pts',(-7.299112730608,46.290019719412,-33.3439356696076));
#4318=CARTESIAN_POINT('Ctrl Pts',(-6.51358716024413,46.3461464031673,-33.4059484305965));
#4319=CARTESIAN_POINT('Ctrl Pts',(-5.7438902699485,46.4022730869226,-33.6684656158013));
#4320=CARTESIAN_POINT('Ctrl Pts',(-5.08418184002437,46.4583997706779,-34.0993725566959));
#4321=CARTESIAN_POINT('Ctrl Pts',(-4.42447341010023,46.5145264544332,-34.5302794975905));
#4322=CARTESIAN_POINT('Ctrl Pts',(-3.87475344054758,46.5706531381886,-35.1295761941748));
#4323=CARTESIAN_POINT('Ctrl Pts',(-3.50227114627031,46.6267798219439,-35.8239485328213));
#4324=CARTESIAN_POINT('Ctrl Pts',(-3.12978885199306,46.6829065056992,-36.5183208714677));
#4325=CARTESIAN_POINT('Ctrl Pts',(-2.93454423299117,46.7390331894545,-37.3077688521764));
#4326=CARTESIAN_POINT('Ctrl Pts',(-2.94042226350169,46.7951598732098,-38.0957164728719));
#4327=CARTESIAN_POINT('Ctrl Pts',(-2.9463002940122,46.8512865569652,-38.8836640935674));
#4328=CARTESIAN_POINT('Ctrl Pts',(-3.15330097403513,46.9074132407205,-39.6701113542497));
#4329=CARTESIAN_POINT('Ctrl Pts',(-3.53610116828922,46.9635399244758,-40.3588493418455));
#4330=CARTESIAN_POINT('Ctrl Pts',(-3.91890136254331,47.0196666082311,-41.0475873294412));
#4331=CARTESIAN_POINT('Ctrl Pts',(-4.47750107102856,47.0757932919865,-41.6386160439503));
#4332=CARTESIAN_POINT('Ctrl Pts',(-5.14356478835734,47.1319199757418,-42.0596328233883));
#4333=CARTESIAN_POINT('Ctrl Pts',(-5.80962850568613,47.1880466594971,-42.4806496028262));
#4334=CARTESIAN_POINT('Ctrl Pts',(-6.58315623185846,47.2441733432524,-42.7316544471931));
#4335=CARTESIAN_POINT('Ctrl Pts',(-7.36951954709313,47.3003000270077,-42.7819410343633));
#4336=CARTESIAN_POINT('Ctrl Pts',(-8.15588286232785,47.356426710763,-42.8322276215336));
#4337=CARTESIAN_POINT('Ctrl Pts',(-8.95508176662486,47.4125533945184,-42.6817959515071));
#4338=CARTESIAN_POINT('Ctrl Pts',(-9.66934739165417,47.4686800782737,-42.3490488689127));
#4339=CARTESIAN_POINT('Ctrl Pts',(-10.3836130166835,47.524806762029,-42.0163017863183));
#4340=CARTESIAN_POINT('Ctrl Pts',(-11.012945362445,47.5809334457843,-41.5012392911559));
#4341=CARTESIAN_POINT('Ctrl Pts',(-11.4803559483976,47.6370601295396,-40.8668708271117));
#4342=CARTESIAN_POINT('Ctrl Pts',(-11.9477665343502,47.6931868132949,-40.2325023630674));
#4343=CARTESIAN_POINT('Ctrl Pts',(-12.253255360494,47.7493134970503,-39.4788279301413));
#4344=CARTESIAN_POINT('Ctrl Pts',(-12.3594508797862,47.8054401808056,-38.6980472200768));
#4345=CARTESIAN_POINT('Ctrl Pts',(-12.3881724689705,47.8206201767588,-38.4868776439306));
#4346=CARTESIAN_POINT('Ctrl Pts',(-12.4023160811917,47.835800172712,-38.2737252882825));
#4347=CARTESIAN_POINT('Ctrl Pts',(-12.4021070325192,47.8509801686652,-38.060545407083));
#4348=CARTESIAN_POINT('Origin',(-7.67145251638462,35.1911117731889,-38.0604233397902));
#4349=CARTESIAN_POINT('',(-12.4022025163846,50.1911117731889,-38.0604233397902));
#4350=CARTESIAN_POINT('',(-12.4023712601718,49.9676468353319,-38.0603026365804));
#4351=CARTESIAN_POINT('',(-12.4022025163846,35.1911117731889,-38.0604233397902));
#4352=CARTESIAN_POINT('',(-7.40059665297058,50.1911117731889,-42.7834131411505));
#4353=CARTESIAN_POINT('Origin',(-7.67145251638462,50.1911117731889,-38.0604233397902));
#4354=CARTESIAN_POINT('Ctrl Pts',(-7.4005966529705,50.1911117731889,-42.7834131411505));
#4355=CARTESIAN_POINT('Ctrl Pts',(-6.61370708413082,50.1349850894336,-42.7382862908833));
#4356=CARTESIAN_POINT('Ctrl Pts',(-5.83871483571671,50.0788584056783,-42.4926767281658));
#4357=CARTESIAN_POINT('Ctrl Pts',(-5.16994482215885,50.022731721923,-42.0761550006891));
#4358=CARTESIAN_POINT('Ctrl Pts',(-4.50117480860098,49.9666050381677,-41.6596332732124));
#4359=CARTESIAN_POINT('Ctrl Pts',(-3.93862702989937,49.9104783544123,-41.0721993809767));
#4360=CARTESIAN_POINT('Ctrl Pts',(-3.55128713372028,49.854351670657,-40.385970100662));
#4361=CARTESIAN_POINT('Ctrl Pts',(-3.16394723754114,49.7982249869017,-39.6997408203472));
#4362=CARTESIAN_POINT('Ctrl Pts',(-2.95181522388456,49.7420983031464,-38.9147161519534));
#4363=CARTESIAN_POINT('Ctrl Pts',(-2.94076517304699,49.6859716193911,-38.126835669655));
#4364=CARTESIAN_POINT('Ctrl Pts',(-2.92971512220942,49.6298449356358,-37.3389551873566));
#4365=CARTESIAN_POINT('Ctrl Pts',(-3.11974703419084,49.5737182518804,-36.5482188911537));
#4366=CARTESIAN_POINT('Ctrl Pts',(-3.48765089269494,49.5175915681251,-35.8514067566193));
#4367=CARTESIAN_POINT('Ctrl Pts',(-3.85555475119903,49.4614648843698,-35.1545946220849));
#4368=CARTESIAN_POINT('Ctrl Pts',(-4.40133055622582,49.4053382006145,-34.5517066492191));
#4369=CARTESIAN_POINT('Ctrl Pts',(-5.05819339812253,49.3492115168592,-34.1164737133493));
#4370=CARTESIAN_POINT('Ctrl Pts',(-5.71505624001928,49.2930848331039,-33.6812407774793));
#4371=CARTESIAN_POINT('Ctrl Pts',(-6.48300611878591,49.2369581493485,-33.4136628786053));
#4372=CARTESIAN_POINT('Ctrl Pts',(-7.26810586656669,49.1808314655932,-33.3464848118921));
#4373=CARTESIAN_POINT('Ctrl Pts',(-8.05320561434742,49.1247047818379,-33.2793067451789));
#4374=CARTESIAN_POINT('Ctrl Pts',(-8.8554552311423,49.0685780980826,-33.4125285106265));
#4375=CARTESIAN_POINT('Ctrl Pts',(-9.57670829751413,49.0124514143273,-33.7298472202651));
#4376=CARTESIAN_POINT('Ctrl Pts',(-10.297961363886,48.9563247305719,-34.0471659299037));
#4377=CARTESIAN_POINT('Ctrl Pts',(-10.9382178798349,48.9001980468166,-34.5485815837334));
#4378=CARTESIAN_POINT('Ctrl Pts',(-11.419155095096,48.8440713630613,-35.1727568424352));
#4379=CARTESIAN_POINT('Ctrl Pts',(-11.9000923103571,48.787944679306,-35.7969321011369));
#4380=CARTESIAN_POINT('Ctrl Pts',(-12.2217102249306,48.7318179955507,-36.5438669647106));
#4381=CARTESIAN_POINT('Ctrl Pts',(-12.3446631275185,48.6756913117954,-37.3221849250125));
#4382=CARTESIAN_POINT('Ctrl Pts',(-12.3832045698228,48.65809755599,-37.5661604321374));
#4383=CARTESIAN_POINT('Ctrl Pts',(-12.4022251163797,48.6405038001847,-37.8132196536683));
#4384=CARTESIAN_POINT('Ctrl Pts',(-12.4020100675934,48.6229100443794,-38.060311638964));
#4385=CARTESIAN_POINT('Ctrl Pts',(-12.4021070325192,47.8509801686652,-38.060545407083));
#4386=CARTESIAN_POINT('Ctrl Pts',(-12.4015431423341,47.8919268564673,-37.4855116542355));
#4387=CARTESIAN_POINT('Ctrl Pts',(-12.2965489181763,47.9328735442694,-36.9102776247604));
#4388=CARTESIAN_POINT('Ctrl Pts',(-12.0915465106688,47.9738202320715,-36.3732179782781));
#4389=CARTESIAN_POINT('Ctrl Pts',(-11.8105444098187,48.0299469158268,-35.637056433747));
#4390=CARTESIAN_POINT('Ctrl Pts',(-11.3416379956779,48.0860735995822,-34.9726203318876));
#4391=CARTESIAN_POINT('Ctrl Pts',(-10.7421902559705,48.1422002833375,-34.4611925069571));
#4392=CARTESIAN_POINT('Ctrl Pts',(-10.1427425162632,48.1983269670928,-33.9497646820265));
#4393=CARTESIAN_POINT('Ctrl Pts',(-9.4127534509893,48.2544536508481,-33.5913451340247));
#4394=CARTESIAN_POINT('Ctrl Pts',(-8.64152527090675,48.3105803346034,-33.4297806449314));
#4395=CARTESIAN_POINT('Ctrl Pts',(-7.87029709082419,48.3667070183588,-33.2682161558382));
#4396=CARTESIAN_POINT('Ctrl Pts',(-7.05782979593293,48.4228337021141,-33.3035067256535));
#4397=CARTESIAN_POINT('Ctrl Pts',(-6.30351535993485,48.4789603858694,-33.5313350637182));
#4398=CARTESIAN_POINT('Ctrl Pts',(-5.54920092393674,48.5350870696247,-33.7591634017829));
#4399=CARTESIAN_POINT('Ctrl Pts',(-4.85303934683182,48.59121375338,-34.1795295080971));
#4400=CARTESIAN_POINT('Ctrl Pts',(-4.30019470052385,48.6473404371354,-34.7410086303402));
#4401=CARTESIAN_POINT('Ctrl Pts',(-3.74735005421588,48.7034671208907,-35.3024877525834));
#4402=CARTESIAN_POINT('Ctrl Pts',(-3.33782233870486,48.759593804646,-36.0050798907556));
#4403=CARTESIAN_POINT('Ctrl Pts',(-3.12171028143479,48.8157204884013,-36.7628341415001));
#4404=CARTESIAN_POINT('Ctrl Pts',(-2.90559822416473,48.8718471721567,-37.5205883922445));
#4405=CARTESIAN_POINT('Ctrl Pts',(-2.88290182513561,48.9279738559119,-38.3335047555613));
#4406=CARTESIAN_POINT('Ctrl Pts',(-3.05639816144111,48.9841005396672,-39.1021368475342));
#4407=CARTESIAN_POINT('Ctrl Pts',(-3.22989449774662,49.0402272234226,-39.8707689395071));
#4408=CARTESIAN_POINT('Ctrl Pts',(-3.59958356938674,49.0963539071779,-40.5951167601361));
#4409=CARTESIAN_POINT('Ctrl Pts',(-4.12023887061112,49.1524805909332,-41.1865670366601));
#4410=CARTESIAN_POINT('Ctrl Pts',(-4.6408941718355,49.2086072746886,-41.7780173131842));
#4411=CARTESIAN_POINT('Ctrl Pts',(-5.31251570264414,49.2647339584439,-42.2365700456032));
#4412=CARTESIAN_POINT('Ctrl Pts',(-6.05294387784012,49.3208606421992,-42.5061313043034));
#4413=CARTESIAN_POINT('Ctrl Pts',(-6.79337205303609,49.3769873259545,-42.7756925630036));
#4414=CARTESIAN_POINT('Ctrl Pts',(-7.6026068726194,49.4331140097098,-42.8562623479851));
#4415=CARTESIAN_POINT('Ctrl Pts',(-8.38164706259075,49.4892406934651,-42.737979211752));
#4416=CARTESIAN_POINT('Ctrl Pts',(-9.16068725256211,49.5453673772205,-42.619696075519));
#4417=CARTESIAN_POINT('Ctrl Pts',(-9.90953281292153,49.6014940609758,-42.3025600180715));
#4418=CARTESIAN_POINT('Ctrl Pts',(-10.5365843556737,49.6576207447311,-41.8253777826642));
#4419=CARTESIAN_POINT('Ctrl Pts',(-11.1636358984259,49.7137474284864,-41.3481955472569));
#4420=CARTESIAN_POINT('Ctrl Pts',(-11.6688934235708,49.7698741122417,-40.7109671338897));
#4421=CARTESIAN_POINT('Ctrl Pts',(-11.9905273649172,49.826000795997,-39.9916257847114));
#4422=CARTESIAN_POINT('Ctrl Pts',(-12.2610948909682,49.873216142442,-39.3864955909932));
#4423=CARTESIAN_POINT('Ctrl Pts',(-12.401718469679,49.9204314888869,-38.7232569626923));
#4424=CARTESIAN_POINT('Ctrl Pts',(-12.4023712601718,49.9676468353319,-38.0603026365804));
#4425=CARTESIAN_POINT('Origin',(-7.67145251638462,16.122985938918,-38.0604233397902));
#4426=CARTESIAN_POINT('',(-11.209528580188,48.9313192722514,-38.0603397965679));
#4427=CARTESIAN_POINT('',(-11.2097987231473,49.6592376074599,-38.06033306351));
#4428=CARTESIAN_POINT('',(-11.2096725163846,16.122985938918,-38.0604233397898));
#4429=CARTESIAN_POINT('',(-4.74728006260054,50.1911117731889,-40.0524615494966));
#4430=CARTESIAN_POINT('Ctrl Pts',(-11.209528580188,48.9313192722514,-38.0603397965679));
#4431=CARTESIAN_POINT('Ctrl Pts',(-11.2096894193608,48.9489130280567,-37.8755348915925));
#4432=CARTESIAN_POINT('Ctrl Pts',(-11.1500810579601,49.0226334676173,-37.1012776787276));
#4433=CARTESIAN_POINT('Ctrl Pts',(-10.5935902226948,49.1524805909332,-35.8088670657486));
#4434=CARTESIAN_POINT('Ctrl Pts',(-9.15700929375509,49.3208606421992,-34.6838114859611));
#4435=CARTESIAN_POINT('Ctrl Pts',(-7.35695498578963,49.4892406934651,-34.3848940321058));
#4436=CARTESIAN_POINT('Ctrl Pts',(-5.63386100277437,49.6576207447311,-34.9852741874856));
#4437=CARTESIAN_POINT('Ctrl Pts',(-4.40927196158952,49.826000795997,-36.3380091343881));
#4438=CARTESIAN_POINT('Ctrl Pts',(-3.98288626485378,49.994380847263,-38.1122303326874));
#4439=CARTESIAN_POINT('Ctrl Pts',(-4.32691546242078,50.116084506327,-39.3853592776424));
#4440=CARTESIAN_POINT('Ctrl Pts',(-4.69117140008904,50.1816614816356,-39.9704845077733));
#4441=CARTESIAN_POINT('Ctrl Pts',(-4.74713301237413,50.1911117731889,-40.0524545798582));
#4442=CARTESIAN_POINT('',(-7.64301603416702,50.1911117731889,-34.522317612868));
#4443=CARTESIAN_POINT('Origin',(-7.67145251638462,50.1911117731889,-38.0604233397902));
#4444=CARTESIAN_POINT('Ctrl Pts',(-11.2097987231473,49.6592376074599,-38.06033306351));
#4445=CARTESIAN_POINT('Ctrl Pts',(-11.2098908716659,49.6681489447703,-37.966749808642));
#4446=CARTESIAN_POINT('Ctrl Pts',(-11.1833466647636,49.733186965836,-37.2838021366495));
#4447=CARTESIAN_POINT('Ctrl Pts',(-10.7588343762253,49.854351670657,-36.041371493896));
#4448=CARTESIAN_POINT('Ctrl Pts',(-9.4132671919733,50.022731721923,-34.8085172477975));
#4449=CARTESIAN_POINT('Ctrl Pts',(-8.23249401465412,50.1349850894336,-34.5175798572995));
#4450=CARTESIAN_POINT('Ctrl Pts',(-7.64301603416701,50.1911117731889,-34.522317612868));
#4451=CARTESIAN_POINT('Origin',(-7.67145251638462,16.122985938918,-38.0604233397902));
#4452=CARTESIAN_POINT('',(-11.2098791964256,46.8146526055847,-38.0604883437115));
#4453=CARTESIAN_POINT('',(-11.2096011021433,47.5425709407933,-38.0605146362938));
#4454=CARTESIAN_POINT('',(-11.2096725163846,16.122985938918,-38.0604233397898));
#4455=CARTESIAN_POINT('Ctrl Pts',(-11.2098791964256,46.8146526055847,-38.0604883437115));
#4456=CARTESIAN_POINT('Ctrl Pts',(-11.2094383771103,46.8642817118817,-37.5393326963971));
#4457=CARTESIAN_POINT('Ctrl Pts',(-10.9610296900288,46.9700375019341,-36.4283840399174));
#4458=CARTESIAN_POINT('Ctrl Pts',(-9.84182667852469,47.1319199757418,-35.0774934686995));
#4459=CARTESIAN_POINT('Ctrl Pts',(-8.14668221463331,47.3003000270077,-34.4022063764648));
#4460=CARTESIAN_POINT('Ctrl Pts',(-6.33526464373353,47.4686800782737,-34.6219648778543));
#4461=CARTESIAN_POINT('Ctrl Pts',(-4.85076838191676,47.6370601295396,-35.683001286543));
#4462=CARTESIAN_POINT('Ctrl Pts',(-4.05640092240967,47.8054401808056,-37.3257148169464));
#4463=CARTESIAN_POINT('Ctrl Pts',(-4.14651791940335,47.9738202320715,-39.1481874157507));
#4464=CARTESIAN_POINT('Ctrl Pts',(-5.0990706711199,48.1422002833375,-40.704519829557));
#4465=CARTESIAN_POINT('Ctrl Pts',(-6.68100085419039,48.3105803346035,-41.6139286884717));
#4466=CARTESIAN_POINT('Ctrl Pts',(-8.50526195605347,48.4789603858694,-41.6539113384712));
#4467=CARTESIAN_POINT('Ctrl Pts',(-10.1255174399146,48.6473404371354,-40.8146856676613));
#4468=CARTESIAN_POINT('Ctrl Pts',(-11.0387834878342,48.798126732596,-39.4596836988588));
#4469=CARTESIAN_POINT('Ctrl Pts',(-11.2091763186058,48.8927863443014,-38.4650898776213));
#4470=CARTESIAN_POINT('Ctrl Pts',(-11.209528580188,48.9313192722514,-38.0603397965679));
#4471=CARTESIAN_POINT('Ctrl Pts',(-11.2096011021433,47.5425709407933,-38.0605146362938));
#4472=CARTESIAN_POINT('Ctrl Pts',(-11.2091793576987,47.5835176285954,-37.6304357006072));
#4473=CARTESIAN_POINT('Ctrl Pts',(-11.0230128378033,47.6805910001528,-36.6104813340523));
#4474=CARTESIAN_POINT('Ctrl Pts',(-10.0657514359858,47.8337910554656,-35.254050679442));
#4475=CARTESIAN_POINT('Ctrl Pts',(-8.42783234670815,48.0021711067315,-34.4498438117376));
#4476=CARTESIAN_POINT('Ctrl Pts',(-6.6048520377951,48.1705511579975,-34.5290273238226));
#4477=CARTESIAN_POINT('Ctrl Pts',(-5.0428336588843,48.3389312092634,-35.4722273014263));
#4478=CARTESIAN_POINT('Ctrl Pts',(-4.12395241157131,48.5073112605294,-37.0486743056795));
#4479=CARTESIAN_POINT('Ctrl Pts',(-4.07302717584374,48.6756913117953,-38.8726622156396));
#4480=CARTESIAN_POINT('Ctrl Pts',(-4.90252013175469,48.8440713630614,-40.4979237149194));
#4481=CARTESIAN_POINT('Ctrl Pts',(-6.40947657591544,49.0124514143272,-41.5268052552035));
#4482=CARTESIAN_POINT('Ctrl Pts',(-8.22520399123818,49.1808314655933,-41.7075843861765));
#4483=CARTESIAN_POINT('Ctrl Pts',(-9.905432499556,49.3492115168591,-40.9960076967413));
#4484=CARTESIAN_POINT('Ctrl Pts',(-10.9791097091104,49.5086802308147,-39.641891051934));
#4485=CARTESIAN_POINT('Ctrl Pts',(-11.2093104884325,49.612022261015,-38.556169507147));
#4486=CARTESIAN_POINT('Ctrl Pts',(-11.2097987231473,49.6592376074599,-38.06033306351));
#4487=CARTESIAN_POINT('Origin',(-7.67145251638462,16.122985938918,-38.0604233397902));
#4488=CARTESIAN_POINT('',(-11.2093787213189,44.697985938918,-38.060398675977));
#4489=CARTESIAN_POINT('',(-11.2095497742746,45.4259042741266,-38.0603366955873));
#4490=CARTESIAN_POINT('',(-11.2096725163846,16.122985938918,-38.0604233397898));
#4491=CARTESIAN_POINT('Ctrl Pts',(-11.2093787213189,44.697985938918,-38.060398675977));
#4492=CARTESIAN_POINT('Ctrl Pts',(-11.2094437666782,44.7235237119515,-37.7921172307494));
#4493=CARTESIAN_POINT('Ctrl Pts',(-11.1131325139607,44.8051881687403,-36.934255243568));
#4494=CARTESIAN_POINT('Ctrl Pts',(-10.4271308767331,44.9429793092843,-35.607948794882));
#4495=CARTESIAN_POINT('Ctrl Pts',(-8.91461644449936,45.1113593605503,-34.5872492775022));
#4496=CARTESIAN_POINT('Ctrl Pts',(-7.09794061095922,45.2797394118163,-34.4163214321249));
#4497=CARTESIAN_POINT('Ctrl Pts',(-5.42158431281973,45.4481194630822,-35.1369856911128));
#4498=CARTESIAN_POINT('Ctrl Pts',(-4.29569690303482,45.6164995143482,-36.5729191690228));
#4499=CARTESIAN_POINT('Ctrl Pts',(-3.99574606895221,45.7848795656141,-38.3727960841548));
#4500=CARTESIAN_POINT('Ctrl Pts',(-4.59511993257083,45.9532596168801,-40.0962456436467));
#4501=CARTESIAN_POINT('Ctrl Pts',(-5.94717138633791,46.121639668146,-41.3215963195126));
#4502=CARTESIAN_POINT('Ctrl Pts',(-7.72109782610677,46.290019719412,-41.7490450284935));
#4503=CARTESIAN_POINT('Ctrl Pts',(-9.48287768837919,46.4583997706779,-41.2740091042112));
#4504=CARTESIAN_POINT('Ctrl Pts',(-10.8014612784834,46.6267798219439,-40.0127142424161));
#4505=CARTESIAN_POINT('Ctrl Pts',(-11.1913075785765,46.7455307669128,-38.7863058363727));
#4506=CARTESIAN_POINT('Ctrl Pts',(-11.2099369096882,46.8081550281264,-38.1287194572435));
#4507=CARTESIAN_POINT('Ctrl Pts',(-11.2098791964256,46.8146526055847,-38.0604883437115));
#4508=CARTESIAN_POINT('Ctrl Pts',(-11.2095497742746,45.4259042741266,-38.0603366955873));
#4509=CARTESIAN_POINT('Ctrl Pts',(-11.2097107641973,45.4427596286651,-37.883290999861));
#4510=CARTESIAN_POINT('Ctrl Pts',(-11.1531965735883,45.515741666959,-37.1168022858504));
#4511=CARTESIAN_POINT('Ctrl Pts',(-10.608333215341,45.6448503890081,-35.8281315580357));
#4512=CARTESIAN_POINT('Ctrl Pts',(-9.1791790880001,45.8132304402741,-34.693651083752));
#4513=CARTESIAN_POINT('Ctrl Pts',(-7.38113376582243,45.98161049154,-34.3829092525433));
#4514=CARTESIAN_POINT('Ctrl Pts',(-5.65411991103295,46.149990542806,-34.9719343891722));
#4515=CARTESIAN_POINT('Ctrl Pts',(-4.42068111760454,46.318370594072,-36.3166113797901));
#4516=CARTESIAN_POINT('Ctrl Pts',(-3.98259936576089,46.4867506453379,-38.0879419093909));
#4517=CARTESIAN_POINT('Ctrl Pts',(-4.44705887814526,46.6551306966039,-39.8525395482588));
#4518=CARTESIAN_POINT('Ctrl Pts',(-5.70042166029824,46.8235107478698,-41.1786651847331));
#4519=CARTESIAN_POINT('Ctrl Pts',(-7.43603098522397,46.9918907991358,-41.7418594100266));
#4520=CARTESIAN_POINT('Ctrl Pts',(-9.22924023142924,47.1602708504018,-41.4043270883941));
#4521=CARTESIAN_POINT('Ctrl Pts',(-10.6413099618654,47.3286509016677,-40.2486512938794));
#4522=CARTESIAN_POINT('Ctrl Pts',(-11.1600669116358,47.4560842651316,-38.9688210137344));
#4523=CARTESIAN_POINT('Ctrl Pts',(-11.2097574537142,47.5273909448401,-38.2199560185816));
#4524=CARTESIAN_POINT('Ctrl Pts',(-11.2096011021433,47.5425709407933,-38.0605146362938));
#4525=CARTESIAN_POINT('Origin',(-7.67145251638462,16.122985938918,-38.0604233397902));
#4526=CARTESIAN_POINT('',(-11.2099744917306,42.5813192722514,-38.0604071619218));
#4527=CARTESIAN_POINT('',(-11.209858493926,43.3092376074599,-38.0604937916831));
#4528=CARTESIAN_POINT('',(-11.2096725163846,16.122985938918,-38.0604233397898));
#4529=CARTESIAN_POINT('Ctrl Pts',(-11.2099744917306,42.5813192722514,-38.0604071619218));
#4530=CARTESIAN_POINT('Ctrl Pts',(-11.209978358762,42.5827657120212,-38.0452192733102));
#4531=CARTESIAN_POINT('Ctrl Pts',(-11.2061679365695,42.6403388355464,-37.4406926359375));
#4532=CARTESIAN_POINT('Ctrl Pts',(-10.8860833818257,42.7540386428269,-36.2508534964106));
#4533=CARTESIAN_POINT('Ctrl Pts',(-9.6255498761359,42.9224186940929,-34.9315420496597));
#4534=CARTESIAN_POINT('Ctrl Pts',(-7.88691289769438,43.0907987453588,-34.3777651363723));
#4535=CARTESIAN_POINT('Ctrl Pts',(-6.09555983730813,43.2591787966248,-34.7250137872542));
#4536=CARTESIAN_POINT('Ctrl Pts',(-4.68977598041664,43.4275588478907,-35.8883276572814));
#4537=CARTESIAN_POINT('Ctrl Pts',(-4.0135104862387,43.5959388991567,-37.5830820329591));
#4538=CARTESIAN_POINT('Ctrl Pts',(-4.23222332003921,43.7643189504227,-39.394626155752));
#4539=CARTESIAN_POINT('Ctrl Pts',(-5.2924026315239,43.9326990016886,-40.8797346501032));
#4540=CARTESIAN_POINT('Ctrl Pts',(-6.93465734786265,44.1010790529546,-41.675050222161));
#4541=CARTESIAN_POINT('Ctrl Pts',(-8.75718165364597,44.2694591042205,-41.5859852609052));
#4542=CARTESIAN_POINT('Ctrl Pts',(-10.3140636830084,44.4378391554865,-40.6343310384364));
#4543=CARTESIAN_POINT('Ctrl Pts',(-11.0863193233549,44.580681433719,-39.2927737555997));
#4544=CARTESIAN_POINT('Ctrl Pts',(-11.209300810583,44.6673970281962,-38.3817437347513));
#4545=CARTESIAN_POINT('Ctrl Pts',(-11.2093787213189,44.697985938918,-38.060398675977));
#4546=CARTESIAN_POINT('Ctrl Pts',(-11.209858493926,43.3092376074599,-38.0604937916831));
#4547=CARTESIAN_POINT('Ctrl Pts',(-11.2093980526654,43.3581283124902,-37.5470833936817));
#4548=CARTESIAN_POINT('Ctrl Pts',(-10.9666258591802,43.4631457012758,-36.4438550734327));
#4549=CARTESIAN_POINT('Ctrl Pts',(-9.86139444308185,43.6242897738167,-35.0918295318592));
#4550=CARTESIAN_POINT('Ctrl Pts',(-8.17072705779946,43.7926698250827,-34.4054103752321));
#4551=CARTESIAN_POINT('Ctrl Pts',(-6.35790358294671,43.9610498763486,-34.6132529003926));
#4552=CARTESIAN_POINT('Ctrl Pts',(-4.8664624095295,44.1294299276146,-35.6645048647086));
#4553=CARTESIAN_POINT('Ctrl Pts',(-4.06131023007132,44.2978099788805,-37.3019594241257));
#4554=CARTESIAN_POINT('Ctrl Pts',(-4.1394413504964,44.4661900301464,-39.1249852040486));
#4555=CARTESIAN_POINT('Ctrl Pts',(-5.08173965060793,44.6345700814124,-40.6875476443527));
#4556=CARTESIAN_POINT('Ctrl Pts',(-6.6576556711361,44.8029501326784,-41.6073390133517));
#4557=CARTESIAN_POINT('Ctrl Pts',(-8.48161449769903,44.9713301839443,-41.6593165589375));
#4558=CARTESIAN_POINT('Ctrl Pts',(-10.1073532842908,45.1397102352103,-40.8307630820795));
#4559=CARTESIAN_POINT('Ctrl Pts',(-11.0340256346362,45.2912349319377,-39.4751900959703));
#4560=CARTESIAN_POINT('Ctrl Pts',(-11.2091746834842,45.3866329449098,-38.4728358683208));
#4561=CARTESIAN_POINT('Ctrl Pts',(-11.2095497742746,45.4259042741266,-38.0603366955873));
#4562=CARTESIAN_POINT('Origin',(-7.67145251638462,16.122985938918,-38.0604233397902));
#4563=CARTESIAN_POINT('',(-11.209413943808,40.4646526055847,-38.0604740459472));
#4564=CARTESIAN_POINT('',(-11.209385384004,41.1925709407932,-38.0603917142993));
#4565=CARTESIAN_POINT('',(-11.2096725163846,16.122985938918,-38.0604233397898));
#4566=CARTESIAN_POINT('Ctrl Pts',(-11.209413943808,40.4646526055847,-38.0604740459472));
#4567=CARTESIAN_POINT('Ctrl Pts',(-11.2092364606372,40.4981343958463,-37.7087484973025));
#4568=CARTESIAN_POINT('Ctrl Pts',(-11.0697765401488,40.5877428698632,-36.7672755783727));
#4569=CARTESIAN_POINT('Ctrl Pts',(-10.2468852208106,40.7334780276355,-35.4192983891749));
#4570=CARTESIAN_POINT('Ctrl Pts',(-8.66600602564282,40.9018580789014,-34.5080638512048));
#4571=CARTESIAN_POINT('Ctrl Pts',(-6.84179223723187,41.0702381301674,-34.4659750594114));
#4572=CARTESIAN_POINT('Ctrl Pts',(-5.2205690820572,41.2386181814334,-35.3033297594966));
#4573=CARTESIAN_POINT('Ctrl Pts',(-4.19899664311469,41.4069982326993,-36.8152547458755));
#4574=CARTESIAN_POINT('Ctrl Pts',(-4.02702015887407,41.5753782839653,-38.6318316094775));
#4575=CARTESIAN_POINT('Ctrl Pts',(-4.74671662924016,41.7437583352312,-40.3086036282801));
#4576=CARTESIAN_POINT('Ctrl Pts',(-6.18199995485463,41.9121383864971,-41.4353197361363));
#4577=CARTESIAN_POINT('Ctrl Pts',(-7.98170342495099,42.0805184377631,-41.736309490482));
#4578=CARTESIAN_POINT('Ctrl Pts',(-9.7054986829654,42.2488984890291,-41.1379305796408));
#4579=CARTESIAN_POINT('Ctrl Pts',(-10.9210967536451,42.4158321005251,-39.7981951654301));
#4580=CARTESIAN_POINT('Ctrl Pts',(-11.2098283050554,42.5266390282659,-38.6345599695302));
#4581=CARTESIAN_POINT('Ctrl Pts',(-11.2099744917306,42.5813192722514,-38.0604071619218));
#4582=CARTESIAN_POINT('Ctrl Pts',(-11.209385384004,41.1925709407932,-38.0603917142993));
#4583=CARTESIAN_POINT('Ctrl Pts',(-11.2094665612786,41.21737031256,-37.7998687760307));
#4584=CARTESIAN_POINT('Ctrl Pts',(-11.1168340479341,41.2982963680819,-36.9497793376518));
#4585=CARTESIAN_POINT('Ctrl Pts',(-10.4431979090455,41.4353491073593,-35.6261221429277));
#4586=CARTESIAN_POINT('Ctrl Pts',(-8.93742791628839,41.6037291586252,-34.5954989357614));
#4587=CARTESIAN_POINT('Ctrl Pts',(-7.12191530395428,41.7721092098912,-34.4126289800508));
#4588=CARTESIAN_POINT('Ctrl Pts',(-5.4408564067132,41.9404892611571,-35.1222545505082));
#4589=CARTESIAN_POINT('Ctrl Pts',(-4.30555114913456,42.1088693124231,-36.5507535663837));
#4590=CARTESIAN_POINT('Ctrl Pts',(-3.99377145674452,42.2772493636891,-38.3486192147722));
#4591=CARTESIAN_POINT('Ctrl Pts',(-4.58179958483618,42.445629414955,-40.0759727937522));
#4592=CARTESIAN_POINT('Ctrl Pts',(-5.92576435487646,42.6140094662209,-41.3101875899416));
#4593=CARTESIAN_POINT('Ctrl Pts',(-7.6968417087364,42.782389517487,-41.7492917608245));
#4594=CARTESIAN_POINT('Ctrl Pts',(-9.4617071607312,42.9507695687528,-41.2858509311628));
#4595=CARTESIAN_POINT('Ctrl Pts',(-10.7885560736315,43.1191496200189,-40.0332538576481));
#4596=CARTESIAN_POINT('Ctrl Pts',(-11.188932550313,43.2386389662545,-38.801825660691));
#4597=CARTESIAN_POINT('Ctrl Pts',(-11.2099266406865,43.3020016287348,-38.1364801517663));
#4598=CARTESIAN_POINT('Ctrl Pts',(-11.209858493926,43.3092376074599,-38.0604937916831));
#4599=CARTESIAN_POINT('Origin',(-7.67145251638462,16.122985938918,-38.0604233397902));
#4600=CARTESIAN_POINT('',(-11.2097923934178,38.347985938918,-38.0603401620626));
#4601=CARTESIAN_POINT('',(-11.2099797808836,39.0759042741266,-38.06041536678));
#4602=CARTESIAN_POINT('',(-11.2096725163846,16.122985938918,-38.0604233397898));
#4603=CARTESIAN_POINT('Ctrl Pts',(-11.2097923934178,38.347985938918,-38.0603401620626));
#4604=CARTESIAN_POINT('Ctrl Pts',(-11.2098911252903,38.357376395916,-37.9617238474619));
#4605=CARTESIAN_POINT('Ctrl Pts',(-11.1817063259045,38.4228935366694,-37.2737348496893));
#4606=CARTESIAN_POINT('Ctrl Pts',(-10.7501322563271,38.5445373611781,-36.028154288899));
#4607=CARTESIAN_POINT('Ctrl Pts',(-9.39949804190518,38.712917412444,-34.8012430519775));
#4608=CARTESIAN_POINT('Ctrl Pts',(-7.62606544698399,38.88129746371,-34.3717468660868));
#4609=CARTESIAN_POINT('Ctrl Pts',(-5.86373873661597,39.0496775149759,-34.8447484093827));
#4610=CARTESIAN_POINT('Ctrl Pts',(-4.54369967625838,39.2180575662419,-36.1045201911839));
#4611=CARTESIAN_POINT('Ctrl Pts',(-3.98891933152318,39.3864376175078,-37.8428371893657));
#4612=CARTESIAN_POINT('Ctrl Pts',(-4.33513382770931,39.5548176687738,-39.6343904113931));
#4613=CARTESIAN_POINT('Ctrl Pts',(-5.49763604494699,39.7231977200397,-41.0408455452693));
#4614=CARTESIAN_POINT('Ctrl Pts',(-7.19199975606601,39.8915777713057,-41.7180892185216));
#4615=CARTESIAN_POINT('Ctrl Pts',(-9.00366983345329,40.0599578225716,-41.5004221247784));
#4616=CARTESIAN_POINT('Ctrl Pts',(-10.4893900610723,40.2283378738376,-40.4411002623291));
#4617=CARTESIAN_POINT('Ctrl Pts',(-11.1273192602385,40.3632361348419,-39.1257702329607));
#4618=CARTESIAN_POINT('Ctrl Pts',(-11.2095339818187,40.442007712091,-38.2983582070343));
#4619=CARTESIAN_POINT('Ctrl Pts',(-11.209413943808,40.4646526055847,-38.0604740459472));
#4620=CARTESIAN_POINT('Ctrl Pts',(-11.2099790823708,39.0759042741266,-38.0604153849053));
#4621=CARTESIAN_POINT('Ctrl Pts',(-11.2099800465208,39.0766123126297,-38.0529808759091));
#4622=CARTESIAN_POINT('Ctrl Pts',(-11.2081387844404,39.1334470348881,-37.4562083663514));
#4623=CARTESIAN_POINT('Ctrl Pts',(-10.8979130011357,39.2464084409019,-36.2720308511484));
#4624=CARTESIAN_POINT('Ctrl Pts',(-9.6460820312072,39.4147884921678,-34.9444591111955));
#4625=CARTESIAN_POINT('Ctrl Pts',(-7.91112407551829,39.5831685434338,-34.3792615132636));
#4626=CARTESIAN_POINT('Ctrl Pts',(-6.11752634221808,39.7515485946997,-34.7147233703491));
#4627=CARTESIAN_POINT('Ctrl Pts',(-4.70412333726681,39.9199286459657,-35.8687681712567));
#4628=CARTESIAN_POINT('Ctrl Pts',(-4.01672836417093,40.0883086972317,-37.5590390431542));
#4629=CARTESIAN_POINT('Ctrl Pts',(-4.22352441174504,40.2566887484976,-39.3719821918631));
#4630=CARTESIAN_POINT('Ctrl Pts',(-5.2739152734156,40.4250687997635,-40.8640299470072));
#4631=CARTESIAN_POINT('Ctrl Pts',(-6.91090478997189,40.5934488510295,-41.6701272049915));
#4632=CARTESIAN_POINT('Ctrl Pts',(-8.73397536690677,40.7618289022955,-41.5930484304157));
#4633=CARTESIAN_POINT('Ctrl Pts',(-10.2970814840467,40.9302089535614,-40.6516522688905));
#4634=CARTESIAN_POINT('Ctrl Pts',(-11.0821796037626,41.0737896330607,-39.3082934790511));
#4635=CARTESIAN_POINT('Ctrl Pts',(-11.2092828384302,41.1612436288046,-38.3894921223305));
#4636=CARTESIAN_POINT('Ctrl Pts',(-11.209385384004,41.1925709407932,-38.0603917142993));
#4637=CARTESIAN_POINT('Origin',(-7.67145251638462,16.122985938918,-38.0604233397902));
#4638=CARTESIAN_POINT('',(-11.203354183709,36.2313192722513,-38.0605628708448));
#4639=CARTESIAN_POINT('',(-11.2094895245176,36.9592376074599,-38.0604384893899));
#4640=CARTESIAN_POINT('',(-11.2096725163846,16.122985938918,-38.0604233397898));
#4641=CARTESIAN_POINT('Ctrl Pts',(-11.2033534121842,36.2313192722513,-38.0605628878828));
#4642=CARTESIAN_POINT('Ctrl Pts',(-11.2055739548575,36.2727450797411,-37.6245022756751));
#4643=CARTESIAN_POINT('Ctrl Pts',(-11.0294283080923,36.3702975709862,-36.5982183534502));
#4644=CARTESIAN_POINT('Ctrl Pts',(-10.0477145488383,36.5239767459866,-35.2454504182477));
#4645=CARTESIAN_POINT('Ctrl Pts',(-8.41538678062674,36.6923567972525,-34.4458619402504));
#4646=CARTESIAN_POINT('Ctrl Pts',(-6.58834226800407,36.8607368485185,-34.5339964078953));
#4647=CARTESIAN_POINT('Ctrl Pts',(-5.03252447927714,37.0291168997844,-35.483277720023));
#4648=CARTESIAN_POINT('Ctrl Pts',(-4.11932076155424,37.1974969510504,-37.0639116859673));
#4649=CARTESIAN_POINT('Ctrl Pts',(-4.076695508257,37.3658770023164,-38.8879635009324));
#4650=CARTESIAN_POINT('Ctrl Pts',(-4.91286174040525,37.5342570535823,-40.5097368922749));
#4651=CARTESIAN_POINT('Ctrl Pts',(-6.42432018961399,37.7026371048483,-41.532149091388));
#4652=CARTESIAN_POINT('Ctrl Pts',(-8.24073715508929,37.8710171561142,-41.7051901997866));
#4653=CARTESIAN_POINT('Ctrl Pts',(-9.9179538211046,38.0393972073802,-40.9864539163792));
#4654=CARTESIAN_POINT('Ctrl Pts',(-10.9826021496727,38.1983868016481,-39.631833466894));
#4655=CARTESIAN_POINT('Ctrl Pts',(-11.2093010057058,38.3012497121607,-38.5511527436136));
#4656=CARTESIAN_POINT('Ctrl Pts',(-11.2097923934178,38.347985938918,-38.0603401620626));
#4657=CARTESIAN_POINT('Ctrl Pts',(-11.2094895245176,36.9592376074599,-38.0604384893899));
#4658=CARTESIAN_POINT('Ctrl Pts',(-11.2093035709438,36.9919809964548,-37.7164783169137));
#4659=CARTESIAN_POINT('Ctrl Pts',(-11.0739507562263,37.0808510692049,-36.7828367791199));
#4660=CARTESIAN_POINT('Ctrl Pts',(-10.2642774642295,37.2258478257104,-35.4362633581407));
#4661=CARTESIAN_POINT('Ctrl Pts',(-8.68930408479977,37.3942278769764,-34.514693748346));
#4662=CARTESIAN_POINT('Ctrl Pts',(-6.86546524798533,37.5626079282423,-34.4605906979564));
#4663=CARTESIAN_POINT('Ctrl Pts',(-5.23874228025894,37.7309879795083,-35.2872763941776));
#4664=CARTESIAN_POINT('Ctrl Pts',(-4.20726407022032,37.8993680307742,-36.7924464895286));
#4665=CARTESIAN_POINT('Ctrl Pts',(-4.0233392983946,38.0677480820402,-38.60785554642));
#4666=CARTESIAN_POINT('Ctrl Pts',(-4.73199771411469,38.2361281333061,-40.2893226641281));
#4667=CARTESIAN_POINT('Ctrl Pts',(-6.15983950769946,38.4045081845721,-41.4254528774329));
#4668=CARTESIAN_POINT('Ctrl Pts',(-7.95752568185529,38.5728882358381,-41.7382700580874));
#4669=CARTESIAN_POINT('Ctrl Pts',(-9.68521801930902,38.741268287104,-41.1512392658822));
#4670=CARTESIAN_POINT('Ctrl Pts',(-10.9150154593852,38.9089402998669,-39.8136354785193));
#4671=CARTESIAN_POINT('Ctrl Pts',(-11.2099036177104,39.0204856288744,-38.6423193560504));
#4672=CARTESIAN_POINT('Ctrl Pts',(-11.2099790823708,39.0759042741266,-38.0604153849053));
#4673=CARTESIAN_POINT('Origin',(-7.67145251638462,16.122985938918,-38.0604233397902));
#4674=CARTESIAN_POINT('',(-11.2081158634686,34.1146526055847,-38.0616806141688));
#4675=CARTESIAN_POINT('',(-11.2049651308249,34.8425709407932,-38.0619347541674));
#4676=CARTESIAN_POINT('',(-11.2096725163846,16.122985938918,-38.0604233397898));
#4677=CARTESIAN_POINT('Ctrl Pts',(-11.2081158634686,34.1146526055847,-38.0616806141688));
#4678=CARTESIAN_POINT('Ctrl Pts',(-11.2081065395822,34.1319870798109,-37.8797516779535));
#4679=CARTESIAN_POINT('Ctrl Pts',(-11.149554489156,34.2054482377923,-37.1081822346536));
#4680=CARTESIAN_POINT('Ctrl Pts',(-10.3716730300103,34.3911627632845,-35.2441040073172));
#4681=CARTESIAN_POINT('Ctrl Pts',(-7.33003468664994,34.6717961820611,-33.8890067909251));
#4682=CARTESIAN_POINT('Ctrl Pts',(-3.97198858238898,35.008556284593,-36.0987668294135));
#4683=CARTESIAN_POINT('Ctrl Pts',(-4.02449055061611,35.3453163871249,-40.1078186887824));
#4684=CARTESIAN_POINT('Ctrl Pts',(-7.4197915371572,35.6820764896569,-42.2402315190218));
#4685=CARTESIAN_POINT('Ctrl Pts',(-10.6077567750277,35.9774107846989,-40.7351519187168));
#4686=CARTESIAN_POINT('Ctrl Pts',(-11.1995568508375,36.1604917122305,-38.8061152634522));
#4687=CARTESIAN_POINT('Ctrl Pts',(-11.2033534121842,36.2313192722513,-38.0605628878828));
#4688=CARTESIAN_POINT('Ctrl Pts',(-11.2049651308249,34.8425709407932,-38.0619347541674));
#4689=CARTESIAN_POINT('Ctrl Pts',(-11.2020379942918,34.9073496802798,-37.3794081985109));
#4690=CARTESIAN_POINT('Ctrl Pts',(-10.6797365144176,35.084381787277,-35.5106042650254));
#4691=CARTESIAN_POINT('Ctrl Pts',(-7.64973610050206,35.3736672617849,-33.8731007581214));
#4692=CARTESIAN_POINT('Ctrl Pts',(-4.13437647499698,35.7104273643168,-35.8229254659971));
#4693=CARTESIAN_POINT('Ctrl Pts',(-3.92391310661119,35.9910607830934,-39.1461014438832));
#4694=CARTESIAN_POINT('Ctrl Pts',(-5.48399804443694,36.2155675181147,-41.0245115397074));
#4695=CARTESIAN_POINT('Ctrl Pts',(-7.16505775851411,36.3839475693806,-41.7158332910276));
#4696=CARTESIAN_POINT('Ctrl Pts',(-8.98243989190377,36.5523276206466,-41.5086299874642));
#4697=CARTESIAN_POINT('Ctrl Pts',(-10.4729814260951,36.7207076719125,-40.4598120893229));
#4698=CARTESIAN_POINT('Ctrl Pts',(-11.1239163763637,36.8563443341837,-39.1412485627733));
#4699=CARTESIAN_POINT('Ctrl Pts',(-11.2096223210106,36.9358543126994,-38.3060734815448));
#4700=CARTESIAN_POINT('Ctrl Pts',(-11.2094895245176,36.9592376074599,-38.0604384893899));
#4701=CARTESIAN_POINT('Origin',(-7.67145251638462,16.122985938918,-38.0604233397902));
#4702=CARTESIAN_POINT('',(-11.2098721075345,31.997985938918,-38.0604902689235));
#4703=CARTESIAN_POINT('',(-11.2095955631204,32.7259042741266,-38.0605112270674));
#4704=CARTESIAN_POINT('',(-11.2096725163846,16.122985938918,-38.0604233397898));
#4705=CARTESIAN_POINT('Ctrl Pts',(-11.2098721075345,31.997985938918,-38.0604902689235));
#4706=CARTESIAN_POINT('Ctrl Pts',(-11.2094236637181,32.0473557636359,-37.5420544538003));
#4707=CARTESIAN_POINT('Ctrl Pts',(-10.9630009347237,32.1528522721092,-36.4338168556331));
#4708=CARTESIAN_POINT('Ctrl Pts',(-9.84871014412822,32.3144754643377,-35.0825111139681));
#4709=CARTESIAN_POINT('Ctrl Pts',(-8.15512415444664,32.4828555156037,-34.4033168073947));
#4710=CARTESIAN_POINT('Ctrl Pts',(-6.34321477225337,32.6512355668696,-34.6188818912082));
#4711=CARTESIAN_POINT('Ctrl Pts',(-4.85625050740055,32.8196156181356,-35.6765088882619));
#4712=CARTESIAN_POINT('Ctrl Pts',(-4.05813728570069,32.9879956694016,-37.3173407209035));
#4713=CARTESIAN_POINT('Ctrl Pts',(-4.14395370133128,33.1563757206675,-39.1401048009172));
#4714=CARTESIAN_POINT('Ctrl Pts',(-5.09309918967172,33.3247557719335,-40.6984519196987));
#4715=CARTESIAN_POINT('Ctrl Pts',(-6.67253906226101,33.4931358231994,-41.6118804197856));
#4716=CARTESIAN_POINT('Ctrl Pts',(-8.49749325964027,33.6615158744654,-41.6553193634601));
#4717=CARTESIAN_POINT('Ctrl Pts',(-10.1180655367317,33.8298959257313,-40.8213832172256));
#4718=CARTESIAN_POINT('Ctrl Pts',(-11.0389966239793,33.9809415027711,-39.4633318248646));
#4719=CARTESIAN_POINT('Ctrl Pts',(-11.2081367290656,34.0758603960555,-38.4688129748619));
#4720=CARTESIAN_POINT('Ctrl Pts',(-11.2081158634686,34.1146526055847,-38.0616806141688));
#4721=CARTESIAN_POINT('Ctrl Pts',(-11.2095955631204,32.7259042741266,-38.0605112270674));
#4722=CARTESIAN_POINT('Ctrl Pts',(-11.2091907222976,32.7665916803496,-37.6331416273972));
#4723=CARTESIAN_POINT('Ctrl Pts',(-11.0247785198007,32.8634057703279,-36.6158791755169));
#4724=CARTESIAN_POINT('Ctrl Pts',(-10.072106927397,33.0163465440615,-35.2597152199194));
#4725=CARTESIAN_POINT('Ctrl Pts',(-8.43640859571043,33.1847265953275,-34.4513364969556));
#4726=CARTESIAN_POINT('Ctrl Pts',(-6.61251441826812,33.3531066465934,-34.5271131768289));
#4727=CARTESIAN_POINT('Ctrl Pts',(-5.04982865415585,33.5214866978594,-35.4650610705053));
#4728=CARTESIAN_POINT('Ctrl Pts',(-4.12423056153677,33.6898667491254,-37.0427426602792));
#4729=CARTESIAN_POINT('Ctrl Pts',(-4.0753629826322,33.8582468003913,-38.8597455457678));
#4730=CARTESIAN_POINT('Ctrl Pts',(-5.16083931715447,34.0827535354126,-41.0469882457253));
#4731=CARTESIAN_POINT('Ctrl Pts',(-8.28443260731782,34.3633869541891,-42.2006599351922));
#4732=CARTESIAN_POINT('Ctrl Pts',(-10.874251696965,34.6353683172345,-40.2427342171468));
#4733=CARTESIAN_POINT('Ctrl Pts',(-11.2071103519142,34.7950963127692,-38.5621404482446));
#4734=CARTESIAN_POINT('Ctrl Pts',(-11.2049651308249,34.8425709407932,-38.0619347541674));
#4735=CARTESIAN_POINT('Origin',(-7.67145251638462,16.122985938918,-38.0604233397902));
#4736=CARTESIAN_POINT('',(-11.2093808621517,29.8813192722513,-38.0603962124895));
#4737=CARTESIAN_POINT('',(-11.2095574552594,30.6092376074599,-38.060335785025));
#4738=CARTESIAN_POINT('',(-11.2096725163846,16.122985938918,-38.0604233397898));
#4739=CARTESIAN_POINT('Ctrl Pts',(-11.2093808621517,29.8813192722513,-38.0603962124895));
#4740=CARTESIAN_POINT('Ctrl Pts',(-11.2094517296428,29.9065977637057,-37.7948390523375));
#4741=CARTESIAN_POINT('Ctrl Pts',(-11.114438554444,29.9880029389153,-36.9397063267799));
#4742=CARTESIAN_POINT('Ctrl Pts',(-10.4327862423042,30.1255347978803,-35.6143181352639));
#4743=CARTESIAN_POINT('Ctrl Pts',(-8.92263261591257,30.2939148491462,-34.5901289746677));
#4744=CARTESIAN_POINT('Ctrl Pts',(-7.10635629285316,30.4622949004122,-34.415006920035));
#4745=CARTESIAN_POINT('Ctrl Pts',(-5.42834046693708,30.6306749516781,-35.1317985850219));
#4746=CARTESIAN_POINT('Ctrl Pts',(-4.29914051448532,30.7990550029441,-36.5651285890273));
#4747=CARTESIAN_POINT('Ctrl Pts',(-3.99503461088132,30.9674350542101,-38.3643081181211));
#4748=CARTESIAN_POINT('Ctrl Pts',(-4.59042745123624,31.135815105476,-40.0891370413316));
#4749=CARTESIAN_POINT('Ctrl Pts',(-5.93964602733275,31.304195156742,-41.317606275233));
#4750=CARTESIAN_POINT('Ctrl Pts',(-7.71258069654004,31.4725752080079,-41.7491498718664));
#4751=CARTESIAN_POINT('Ctrl Pts',(-9.47545285726575,31.6409552592739,-41.2781829855246));
#4752=CARTESIAN_POINT('Ctrl Pts',(-10.7969449347131,31.8093353105399,-40.0199363549785));
#4753=CARTESIAN_POINT('Ctrl Pts',(-11.190479754845,31.9283455370879,-38.7917551736381));
#4754=CARTESIAN_POINT('Ctrl Pts',(-11.2099334825073,31.9912290798806,-38.1314444953714));
#4755=CARTESIAN_POINT('Ctrl Pts',(-11.2098721075345,31.997985938918,-38.0604902689235));
#4756=CARTESIAN_POINT('Ctrl Pts',(-11.2095574552594,30.6092376074599,-38.0603357850249));
#4757=CARTESIAN_POINT('Ctrl Pts',(-11.2097181730361,30.6258336804193,-37.8860146239433));
#4758=CARTESIAN_POINT('Ctrl Pts',(-11.1542778526699,30.698556437134,-37.1222535932783));
#4759=CARTESIAN_POINT('Ctrl Pts',(-10.6134797113692,30.8274058776041,-35.8349186920616));
#4760=CARTESIAN_POINT('Ctrl Pts',(-9.18694885255359,30.9957859288701,-34.6971413908668));
#4761=CARTESIAN_POINT('Ctrl Pts',(-7.38962588608221,31.164165980136,-34.3822486672124));
#4762=CARTESIAN_POINT('Ctrl Pts',(-5.66125645257316,31.332546031402,-34.967284743673));
#4763=CARTESIAN_POINT('Ctrl Pts',(-4.4247163947772,31.5009260826679,-36.309109862442));
#4764=CARTESIAN_POINT('Ctrl Pts',(-3.98254527671493,31.6693061339339,-38.0794247699133));
#4765=CARTESIAN_POINT('Ctrl Pts',(-4.44293029844356,31.8376861851998,-39.8450888605203));
#4766=CARTESIAN_POINT('Ctrl Pts',(-5.69322535708885,32.0060662364658,-41.1741075528011));
#4767=CARTESIAN_POINT('Ctrl Pts',(-7.42753453736536,32.1744462877317,-41.741302433546));
#4768=CARTESIAN_POINT('Ctrl Pts',(-9.22150835756365,32.3428263389977,-41.4079224009009));
#4769=CARTESIAN_POINT('Ctrl Pts',(-10.6362632269665,32.5112063902636,-40.2554877981723));
#4770=CARTESIAN_POINT('Ctrl Pts',(-11.1590036090097,32.6388990353066,-38.9742918349601));
#4771=CARTESIAN_POINT('Ctrl Pts',(-11.209749184361,32.7104649965943,-38.2226812563393));
#4772=CARTESIAN_POINT('Ctrl Pts',(-11.2095955631204,32.7259042741266,-38.0605112270674));
#4773=CARTESIAN_POINT('Origin',(-7.67145251638462,16.122985938918,-38.0604233397902));
#4774=CARTESIAN_POINT('',(-11.209976431927,27.7646526055847,-38.0604100346488));
#4775=CARTESIAN_POINT('',(-11.2098509378506,28.4925709407932,-38.0604955767478));
#4776=CARTESIAN_POINT('',(-11.2096725163846,16.122985938918,-38.0604233397898));
#4777=CARTESIAN_POINT('Ctrl Pts',(-11.209976431927,27.7646526055847,-38.0604100346488));
#4778=CARTESIAN_POINT('Ctrl Pts',(-11.2099790738309,27.7658397637754,-38.0479446711159));
#4779=CARTESIAN_POINT('Ctrl Pts',(-11.2068658036985,27.8231536057215,-37.446140877671));
#4780=CARTESIAN_POINT('Ctrl Pts',(-10.8902530708543,27.9365941314229,-36.2582808344202));
#4781=CARTESIAN_POINT('Ctrl Pts',(-9.63276918741272,28.1049741826888,-34.9360623595156));
#4782=CARTESIAN_POINT('Ctrl Pts',(-7.89541550275329,28.2733542339548,-34.37827244665));
#4783=CARTESIAN_POINT('Ctrl Pts',(-6.1032654278235,28.4417342852207,-34.7213839757836));
#4784=CARTESIAN_POINT('Ctrl Pts',(-4.69479925135718,28.6101143364867,-35.8814488197656));
#4785=CARTESIAN_POINT('Ctrl Pts',(-4.01462240811345,28.7784943877527,-37.5746371951134));
#4786=CARTESIAN_POINT('Ctrl Pts',(-4.22915184207094,28.9468744390186,-39.3866814921591));
#4787=CARTESIAN_POINT('Ctrl Pts',(-5.28589924353325,29.1152544902846,-40.8742339591327));
#4788=CARTESIAN_POINT('Ctrl Pts',(-6.92631321540001,29.2836345415505,-41.6733393423021));
#4789=CARTESIAN_POINT('Ctrl Pts',(-8.74903831197609,29.4520145928165,-41.5884827883108));
#4790=CARTESIAN_POINT('Ctrl Pts',(-10.3081135405381,29.6203946440824,-40.640425910105));
#4791=CARTESIAN_POINT('Ctrl Pts',(-11.0848721358945,29.7634962038941,-39.2982234274581));
#4792=CARTESIAN_POINT('Ctrl Pts',(-11.2092943801716,29.8504710799504,-38.3844645358732));
#4793=CARTESIAN_POINT('Ctrl Pts',(-11.2093808621517,29.8813192722513,-38.0603962124895));
#4794=CARTESIAN_POINT('Ctrl Pts',(-11.2098509378506,28.4925709407932,-38.0604955767478));
#4795=CARTESIAN_POINT('Ctrl Pts',(-11.209384800651,28.5412023642444,-37.5498047888602));
#4796=CARTESIAN_POINT('Ctrl Pts',(-10.9685764020964,28.6459604714509,-36.4492883519892));
#4797=CARTESIAN_POINT('Ctrl Pts',(-9.86824302528612,28.8068452624126,-35.0968939745208));
#4798=CARTESIAN_POINT('Ctrl Pts',(-8.17916507402416,28.9752253136786,-34.4065729326756));
#4799=CARTESIAN_POINT('Ctrl Pts',(-6.36586652765108,29.1436053649446,-34.6102291329584));
#4800=CARTESIAN_POINT('Ctrl Pts',(-4.87200201152504,29.3119854162105,-35.6580345890589));
#4801=CARTESIAN_POINT('Ctrl Pts',(-4.06307113068197,29.4803654674765,-37.2936257042201));
#4802=CARTESIAN_POINT('Ctrl Pts',(-4.13699271500335,29.6487455187424,-39.1168270277213));
#4803=CARTESIAN_POINT('Ctrl Pts',(-5.07568058003312,29.8171255700083,-40.6815610491951));
#4804=CARTESIAN_POINT('Ctrl Pts',(-6.64946862051491,29.9855056212743,-41.6049887233414));
#4805=CARTESIAN_POINT('Ctrl Pts',(-8.47330257081586,30.1538856725403,-41.6611776114966));
#4806=CARTESIAN_POINT('Ctrl Pts',(-10.1009501341804,30.3222657238062,-40.8363801415799));
#4807=CARTESIAN_POINT('Ctrl Pts',(-11.0323410345063,30.4740497021128,-39.4806345099479));
#4808=CARTESIAN_POINT('Ctrl Pts',(-11.2091746374753,30.569706996664,-38.4755558186474));
#4809=CARTESIAN_POINT('Ctrl Pts',(-11.2095574552594,30.6092376074599,-38.0603357850249));
#4810=CARTESIAN_POINT('Origin',(-7.67145251638462,16.122985938918,-38.0604233397902));
#4811=CARTESIAN_POINT('',(-11.2094097971007,25.647985938918,-38.0604718685609));
#4812=CARTESIAN_POINT('',(-11.209388104049,26.3759042741266,-38.0603893125603));
#4813=CARTESIAN_POINT('',(-11.2096725163846,16.122985938918,-38.0604233397898));
#4814=CARTESIAN_POINT('Ctrl Pts',(-11.2094097971007,25.647985938918,-38.060471868561));
#4815=CARTESIAN_POINT('Ctrl Pts',(-11.2092414981785,25.6812084476005,-37.7114688972023));
#4816=CARTESIAN_POINT('Ctrl Pts',(-11.0712948439966,25.7705576400383,-36.7727240845928));
#4817=CARTESIAN_POINT('Ctrl Pts',(-10.2529766566876,25.9160335162314,-35.4252520489348));
#4818=CARTESIAN_POINT('Ctrl Pts',(-8.67420569696809,26.0844135674974,-34.5103697235831));
#4819=CARTESIAN_POINT('Ctrl Pts',(-6.85009395340415,26.2527936187633,-34.4640689731942));
#4820=CARTESIAN_POINT('Ctrl Pts',(-5.22694168577201,26.4211736700293,-35.2976780713782));
#4821=CARTESIAN_POINT('Ctrl Pts',(-4.20188096739812,26.5895537212952,-36.8072402384124));
#4822=CARTESIAN_POINT('Ctrl Pts',(-4.02571050428879,26.7579337725612,-38.6234151695307));
#4823=CARTESIAN_POINT('Ctrl Pts',(-4.74153342525615,26.9263138238271,-40.3018444824039));
#4824=CARTESIAN_POINT('Ctrl Pts',(-6.17421136133311,27.0946938750931,-41.4318716254287));
#4825=CARTESIAN_POINT('Ctrl Pts',(-7.97321505503149,27.263073926359,-41.7370160544356));
#4826=CARTESIAN_POINT('Ctrl Pts',(-9.69838736210348,27.431453977625,-41.1426189452516));
#4827=CARTESIAN_POINT('Ctrl Pts',(-10.9189684816617,27.5986468707002,-39.8036173780949));
#4828=CARTESIAN_POINT('Ctrl Pts',(-11.2098541694133,27.7097130800201,-38.6372844258004));
#4829=CARTESIAN_POINT('Ctrl Pts',(-11.209976431927,27.7646526055847,-38.0604100346488));
#4830=CARTESIAN_POINT('Ctrl Pts',(-11.209388104049,26.3759042741266,-38.0603893125603));
#4831=CARTESIAN_POINT('Ctrl Pts',(-11.2094746137407,26.4004443643141,-37.8025907521454));
#4832=CARTESIAN_POINT('Ctrl Pts',(-11.1181206919322,26.481111138257,-36.9552305300346));
#4833=CARTESIAN_POINT('Ctrl Pts',(-10.4488112700715,26.6179045959552,-35.6325285331498));
#4834=CARTESIAN_POINT('Ctrl Pts',(-8.9454249782854,26.7862846472212,-34.5984312824464));
#4835=CARTESIAN_POINT('Ctrl Pts',(-7.13033944839061,26.9546646984871,-34.4113698342303));
#4836=CARTESIAN_POINT('Ctrl Pts',(-5.44764652200056,27.1230447497531,-35.1171119838283));
#4837=CARTESIAN_POINT('Ctrl Pts',(-4.30904591697595,27.291424801019,-36.5429857960851));
#4838=CARTESIAN_POINT('Ctrl Pts',(-3.99311582217876,27.459804852285,-38.3401267592385));
#4839=CARTESIAN_POINT('Ctrl Pts',(-4.57715396011779,27.6281849035509,-40.0688334780531));
#4840=CARTESIAN_POINT('Ctrl Pts',(-5.91826537186251,27.7965649548169,-41.3061481702517));
#4841=CARTESIAN_POINT('Ctrl Pts',(-7.68832412238576,27.9649450060828,-41.7493405505315));
#4842=CARTESIAN_POINT('Ctrl Pts',(-9.45425494479973,28.1333250573488,-41.289975993027));
#4843=CARTESIAN_POINT('Ctrl Pts',(-10.7839925407079,28.3017051086147,-40.0404459244537));
#4844=CARTESIAN_POINT('Ctrl Pts',(-11.1880862415301,28.4214537364296,-38.8072753909788));
#4845=CARTESIAN_POINT('Ctrl Pts',(-11.2099227806922,28.4850756804891,-38.1392051870885));
#4846=CARTESIAN_POINT('Ctrl Pts',(-11.2098509378506,28.4925709407932,-38.0604955767478));
#4847=CARTESIAN_POINT('Origin',(-7.67145251638462,16.122985938918,-38.0604233397902));
#4848=CARTESIAN_POINT('',(-11.2098005706051,23.5313192722514,-38.0603414615333));
#4849=CARTESIAN_POINT('',(-11.2099802566015,24.2592376074599,-38.0604182871603));
#4850=CARTESIAN_POINT('',(-11.2096725163846,16.122985938918,-38.0604233397898));
#4851=CARTESIAN_POINT('Ctrl Pts',(-11.2098005706051,23.5313192722513,-38.0603414615333));
#4852=CARTESIAN_POINT('Ctrl Pts',(-11.2098955581427,23.5404504476702,-37.9644487551505));
#4853=CARTESIAN_POINT('Ctrl Pts',(-11.1825983034849,23.6057083068445,-37.2791853555547));
#4854=CARTESIAN_POINT('Ctrl Pts',(-10.7548176466272,23.727092849774,-36.0352680141664));
#4855=CARTESIAN_POINT('Ctrl Pts',(-9.40701826049031,23.89547290104,-34.8052419060224));
#4856=CARTESIAN_POINT('Ctrl Pts',(-7.6345829136878,24.0638529523059,-34.3716518299663));
#4857=CARTESIAN_POINT('Ctrl Pts',(-5.87116834830738,24.2322330035719,-34.8405830435649));
#4858=CARTESIAN_POINT('Ctrl Pts',(-4.54822421720068,24.4006130548378,-36.0973034732698));
#4859=CARTESIAN_POINT('Ctrl Pts',(-3.98943151826388,24.5689931061038,-37.8343348869568));
#4860=CARTESIAN_POINT('Ctrl Pts',(-4.33150848027482,24.7373731573697,-39.6266827227688));
#4861=CARTESIAN_POINT('Ctrl Pts',(-5.49076010070084,24.9057532086357,-41.035818306395));
#4862=CARTESIAN_POINT('Ctrl Pts',(-7.18355556516158,25.0741332599016,-41.7169724211099));
#4863=CARTESIAN_POINT('Ctrl Pts',(-8.99572339638882,25.2425133111676,-41.5034890166963));
#4864=CARTESIAN_POINT('Ctrl Pts',(-10.4838856178469,25.4108933624335,-40.4476004737527));
#4865=CARTESIAN_POINT('Ctrl Pts',(-11.1260821522153,25.546050905017,-39.1312216199745));
#4866=CARTESIAN_POINT('Ctrl Pts',(-11.2095258253036,25.6250817638452,-38.3010805845774));
#4867=CARTESIAN_POINT('Ctrl Pts',(-11.2094097971007,25.647985938918,-38.060471868561));
#4868=CARTESIAN_POINT('Ctrl Pts',(-11.2099799754402,24.2592376074599,-38.0604182917765));
#4869=CARTESIAN_POINT('Ctrl Pts',(-11.2099803681574,24.2596863643839,-38.0557062811249));
#4870=CARTESIAN_POINT('Ctrl Pts',(-11.2088187048739,24.3162618050632,-37.4616564123336));
#4871=CARTESIAN_POINT('Ctrl Pts',(-10.9020337456321,24.4289639294978,-36.2794854520398));
#4872=CARTESIAN_POINT('Ctrl Pts',(-9.65327146982801,24.5973439807638,-34.9490267924873));
#4873=CARTESIAN_POINT('Ctrl Pts',(-7.91962315737071,24.7657240320297,-34.3798247238388));
#4874=CARTESIAN_POINT('Ctrl Pts',(-6.12525563627241,24.9341040832957,-34.7111443059196));
#4875=CARTESIAN_POINT('Ctrl Pts',(-4.70919173154773,25.1024841345616,-35.8619225139068));
#4876=CARTESIAN_POINT('Ctrl Pts',(-4.01789579263556,25.2708641858276,-37.550601699272));
#4877=CARTESIAN_POINT('Ctrl Pts',(-4.22050524119206,25.4392442370935,-39.3640175031069));
#4878=CARTESIAN_POINT('Ctrl Pts',(-5.2674481966331,25.6076242883595,-40.8584866109491));
#4879=CARTESIAN_POINT('Ctrl Pts',(-6.90257208791537,25.7760043396254,-41.6683614941256));
#4880=CARTESIAN_POINT('Ctrl Pts',(-8.72581577842238,25.9443843908914,-41.5954923561543));
#4881=CARTESIAN_POINT('Ctrl Pts',(-10.2910913924635,26.1127644421573,-40.6577078828713));
#4882=CARTESIAN_POINT('Ctrl Pts',(-11.080712553525,26.2566044032358,-39.3137428580077));
#4883=CARTESIAN_POINT('Ctrl Pts',(-11.2092767537462,26.3443176805588,-38.3922128017136));
#4884=CARTESIAN_POINT('Ctrl Pts',(-11.209388104049,26.3759042741266,-38.0603893125603));
#4885=CARTESIAN_POINT('Origin',(-7.67145251638462,16.122985938918,-38.0604233397902));
#4886=CARTESIAN_POINT('',(-11.2096078211991,21.4146526055847,-38.0605143251673));
#4887=CARTESIAN_POINT('',(-11.2093990626123,22.1425709407932,-38.0604654827733));
#4888=CARTESIAN_POINT('',(-11.2096725163846,16.122985938918,-38.0604233397898));
#4889=CARTESIAN_POINT('Ctrl Pts',(-11.2096078211991,21.4146526055847,-38.0605143251673));
#4890=CARTESIAN_POINT('Ctrl Pts',(-11.2091806361407,21.4558191314953,-37.628128909866));
#4891=CARTESIAN_POINT('Ctrl Pts',(-11.0215456003043,21.5531123411613,-36.6058673995309));
#4892=CARTESIAN_POINT('Ctrl Pts',(-10.0602525240816,21.7065322345825,-35.2493681584471));
#4893=CARTESIAN_POINT('Ctrl Pts',(-8.42076249047111,21.8749122858485,-34.4483702624263));
#4894=CARTESIAN_POINT('Ctrl Pts',(-6.59794050285719,22.0432923371144,-34.5311220525036));
#4895=CARTESIAN_POINT('Ctrl Pts',(-5.03777185929487,22.2116723883804,-35.4773785521766));
#4896=CARTESIAN_POINT('Ctrl Pts',(-4.12197831510154,22.3800524396464,-37.0556210444717));
#4897=CARTESIAN_POINT('Ctrl Pts',(-4.0746246290632,22.5484324909123,-38.8797058026999));
#4898=CARTESIAN_POINT('Ctrl Pts',(-4.90729662359965,22.7168125421783,-40.5033389745037));
#4899=CARTESIAN_POINT('Ctrl Pts',(-6.41626683169066,22.8851925934442,-41.529270920411));
#4900=CARTESIAN_POINT('Ctrl Pts',(-8.23233976477121,23.0535726447102,-41.7064897270494));
#4901=CARTESIAN_POINT('Ctrl Pts',(-9.91118200425564,23.2219526959761,-40.9916357931343));
#4902=CARTESIAN_POINT('Ctrl Pts',(-10.9807102567739,23.3812015718232,-39.6372684985795));
#4903=CARTESIAN_POINT('Ctrl Pts',(-11.2093116973322,23.4843237639149,-38.5538733756053));
#4904=CARTESIAN_POINT('Ctrl Pts',(-11.2098005706051,23.5313192722513,-38.0603414615333));
#4905=CARTESIAN_POINT('Ctrl Pts',(-11.2093990626123,22.1425709407932,-38.0604654827733));
#4906=CARTESIAN_POINT('Ctrl Pts',(-11.2092567209621,22.1750550482089,-37.7192164510091));
#4907=CARTESIAN_POINT('Ctrl Pts',(-11.075580281404,22.26366583938,-36.7882414229418));
#4908=CARTESIAN_POINT('Ctrl Pts',(-10.270248803642,22.4084033143064,-35.4422841771298));
#4909=CARTESIAN_POINT('Ctrl Pts',(-8.69752789514093,22.5767833655723,-34.5170401856241));
#4910=CARTESIAN_POINT('Ctrl Pts',(-6.87376003291519,22.7451634168383,-34.4587457407606));
#4911=CARTESIAN_POINT('Ctrl Pts',(-5.24516133078982,22.9135434681042,-35.2816635574814));
#4912=CARTESIAN_POINT('Ctrl Pts',(-4.21019643044002,23.0819235193702,-36.784452672383));
#4913=CARTESIAN_POINT('Ctrl Pts',(-4.02208726379504,23.2503035706361,-38.5994299189614));
#4914=CARTESIAN_POINT('Ctrl Pts',(-4.72685796959057,23.4186836219021,-40.2825299515361));
#4915=CARTESIAN_POINT('Ctrl Pts',(-6.15207429253854,23.587063673168,-41.4219534454774));
#4916=CARTESIAN_POINT('Ctrl Pts',(-7.94903258718933,23.755443724434,-41.738920878631));
#4917=CARTESIAN_POINT('Ctrl Pts',(-9.67807615116473,23.9238237756999,-41.1558807255485));
#4918=CARTESIAN_POINT('Ctrl Pts',(-10.9128651039695,24.0917550700419,-39.8190561208069));
#4919=CARTESIAN_POINT('Ctrl Pts',(-11.2099312504434,24.2035596806286,-38.645044333776));
#4920=CARTESIAN_POINT('Ctrl Pts',(-11.2099799754402,24.2592376074599,-38.0604182917765));
#4921=CARTESIAN_POINT('Origin',(-7.67145251638462,50.1911117731889,-38.0604233397902));
#4922=CARTESIAN_POINT('',(-11.3989970791715,50.1911117731889,-35.1474511300124));
#4923=CARTESIAN_POINT('Ctrl Pts',(-11.399193905695,50.1911117731889,-35.1474476575412));
#4924=CARTESIAN_POINT('Ctrl Pts',(-11.2972066594689,50.1911117731889,-35.0718606501296));
#4925=CARTESIAN_POINT('Ctrl Pts',(-11.192306997483,50.1911117731889,-35.0006864682887));
#4926=CARTESIAN_POINT('Ctrl Pts',(-11.0847504651386,50.1911117731889,-34.9341191438149));
#4927=CARTESIAN_POINT('Ctrl Pts',(-10.9746865055985,50.1911117731889,-34.8659999589745));
#4928=CARTESIAN_POINT('Ctrl Pts',(-10.8618393609599,50.1911117731889,-34.8027046849935));
#4929=CARTESIAN_POINT('Ctrl Pts',(-10.7464910494588,50.1911117731889,-34.7444979044875));
#4930=CARTESIAN_POINT('Ctrl Pts',(-10.6374844311164,50.1911117731889,-34.6894912535449));
#4931=CARTESIAN_POINT('Ctrl Pts',(-10.5262434870842,50.1911117731889,-34.6390294648453));
#4932=CARTESIAN_POINT('Ctrl Pts',(-10.4130248696252,50.1911117731889,-34.5933827233506));
#4933=CARTESIAN_POINT('Ctrl Pts',(-10.3015399484053,50.1911117731889,-34.5484349621635));
#4934=CARTESIAN_POINT('Ctrl Pts',(-10.1881368460532,50.1911117731889,-34.5081561488228));
#4935=CARTESIAN_POINT('Ctrl Pts',(-10.0730882433565,50.1911117731889,-34.4728461400322));
#4936=CARTESIAN_POINT('Ctrl Pts',(-10.0273292905146,50.1911117731889,-34.4588020839618));
#4937=CARTESIAN_POINT('Ctrl Pts',(-9.9813103894945,50.1911117731889,-34.4455445123734));
#4938=CARTESIAN_POINT('Ctrl Pts',(-9.93505026312994,50.1911117731889,-34.4330940335578));
#4939=CARTESIAN_POINT('Ctrl Pts',(-9.91577857209396,50.1911117731889,-34.4279072387986));
#4940=CARTESIAN_POINT('Ctrl Pts',(-9.89646502800847,50.1911117731889,-34.4228605269326));
#4941=CARTESIAN_POINT('Ctrl Pts',(-9.87711103655585,50.1911117731889,-34.4179554364867));
#4942=CARTESIAN_POINT('Ctrl Pts',(-9.85681160427832,50.1911117731889,-34.4128107327927));
#4943=CARTESIAN_POINT('Ctrl Pts',(-9.83647630279596,50.1911117731889,-34.4078240296246));
#4944=CARTESIAN_POINT('Ctrl Pts',(-9.81611019283986,50.1911117731889,-34.4029974593037));
#4945=CARTESIAN_POINT('Ctrl Pts',(-9.76089907082477,50.1911117731889,-34.389912959442));
#4946=CARTESIAN_POINT('Ctrl Pts',(-9.70545261583754,50.1911117731889,-34.3780028697469));
#4947=CARTESIAN_POINT('Ctrl Pts',(-9.64979867841333,50.1911117731889,-34.3672927421866));
#4948=CARTESIAN_POINT('Ctrl Pts',(-9.53758072353512,50.1911117731889,-34.3456973498942));
#4949=CARTESIAN_POINT('Ctrl Pts',(-9.42451687458283,50.1911117731889,-34.3289783888772));
#4950=CARTESIAN_POINT('Ctrl Pts',(-9.31093480544392,50.1911117731889,-34.3172259290275));
#4951=CARTESIAN_POINT('Ctrl Pts',(-9.19946123597055,50.1911117731889,-34.3056916379245));
#4952=CARTESIAN_POINT('Ctrl Pts',(-9.0874879222496,50.1911117731889,-34.2989417042858));
#4953=CARTESIAN_POINT('Ctrl Pts',(-8.97536322502143,50.1911117731889,-34.2970927076543));
#4954=CARTESIAN_POINT('Ctrl Pts',(-8.91868117264337,50.1911117731889,-34.2961579900898));
#4955=CARTESIAN_POINT('Ctrl Pts',(-8.86196110519322,50.1911117731889,-34.2964761978485));
#4956=CARTESIAN_POINT('Ctrl Pts',(-8.80525258178328,50.1911117731889,-34.2980648481477));
#4957=CARTESIAN_POINT('Ctrl Pts',(-8.77840852389302,50.1911117731889,-34.2988168659757));
#4958=CARTESIAN_POINT('Ctrl Pts',(-8.75156710041081,50.1911117731889,-34.2998535836184));
#4959=CARTESIAN_POINT('Ctrl Pts',(-8.72473383481018,50.1911117731889,-34.3011769652884));
#4960=CARTESIAN_POINT('Ctrl Pts',(-8.70399004527769,50.1911117731889,-34.302200021939));
#4961=CARTESIAN_POINT('Ctrl Pts',(-8.68325082682633,50.1911117731889,-34.3033944950304));
#4962=CARTESIAN_POINT('Ctrl Pts',(-8.6625335995549,50.1911117731889,-34.3047601101996));
#4963=CARTESIAN_POINT('Ctrl Pts',(-8.55738384143385,50.1911117731889,-34.3116912551279));
#4964=CARTESIAN_POINT('Ctrl Pts',(-8.45270098415976,50.1911117731889,-34.3230328816835));
#4965=CARTESIAN_POINT('Ctrl Pts',(-8.34877834303561,50.1911117731889,-34.3388577364587));
#4966=CARTESIAN_POINT('Ctrl Pts',(-8.2463999466159,50.1911117731889,-34.3544474408576));
#4967=CARTESIAN_POINT('Ctrl Pts',(-8.14475887652046,50.191111773189,-34.3743887215002));
#4968=CARTESIAN_POINT('Ctrl Pts',(-8.04417972250684,50.191111773189,-34.398774781873));
#4969=CARTESIAN_POINT('Ctrl Pts',(-7.94586124467589,50.191111773189,-34.4226127268195));
#4970=CARTESIAN_POINT('Ctrl Pts',(-7.84855721161259,50.1911117731889,-34.450698516615));
#4971=CARTESIAN_POINT('Ctrl Pts',(-7.75261859896186,50.1911117731889,-34.4831329987996));
#4972=CARTESIAN_POINT('Ctrl Pts',(-7.71587636692856,50.1911117731889,-34.4955546425714));
#4973=CARTESIAN_POINT('Ctrl Pts',(-7.67933492977022,50.1911117731889,-34.508614210337));
#4974=CARTESIAN_POINT('Ctrl Pts',(-7.64301603416701,50.1911117731889,-34.522317612868));
#4975=CARTESIAN_POINT('Ctrl Pts',(-4.74713301237419,50.191111773189,-40.0524545798583));
#4976=CARTESIAN_POINT('Ctrl Pts',(-4.7717980709498,50.191111773189,-40.1506382557469));
#4977=CARTESIAN_POINT('Ctrl Pts',(-4.80087984804416,50.191111773189,-40.2475959617796));
#4978=CARTESIAN_POINT('Ctrl Pts',(-4.83409026586154,50.191111773189,-40.3430593271516));
#4979=CARTESIAN_POINT('Ctrl Pts',(-4.86794278841288,50.191111773189,-40.4403684229556));
#4980=CARTESIAN_POINT('Ctrl Pts',(-4.90608474200647,50.191111773189,-40.5361254173965));
#4981=CARTESIAN_POINT('Ctrl Pts',(-4.94824811152408,50.191111773189,-40.6300855476214));
#4982=CARTESIAN_POINT('Ctrl Pts',(-4.9915771686423,50.191111773189,-40.7266433867109));
#4983=CARTESIAN_POINT('Ctrl Pts',(-5.03915268609081,50.1911117731889,-40.8213043022462));
#4984=CARTESIAN_POINT('Ctrl Pts',(-5.09072880778634,50.1911117731889,-40.9138343854847));
#4985=CARTESIAN_POINT('Ctrl Pts',(-5.14293406220802,50.1911117731889,-41.0074931635844));
#4986=CARTESIAN_POINT('Ctrl Pts',(-5.19923793005038,50.1911117731889,-41.0989696591976));
#4987=CARTESIAN_POINT('Ctrl Pts',(-5.25943517786118,50.1911117731889,-41.1880415997108));
#4988=CARTESIAN_POINT('Ctrl Pts',(-5.27508227452281,50.1911117731889,-41.2111941077363));
#4989=CARTESIAN_POINT('Ctrl Pts',(-5.29099268852938,50.191111773189,-41.2341842218968));
#4990=CARTESIAN_POINT('Ctrl Pts',(-5.30716337598947,50.191111773189,-41.257008147372));
#4991=CARTESIAN_POINT('Ctrl Pts',(-5.31811385861956,50.191111773189,-41.2724640765082));
#4992=CARTESIAN_POINT('Ctrl Pts',(-5.32918500138991,50.1911117731889,-41.287845571459));
#4993=CARTESIAN_POINT('Ctrl Pts',(-5.3403717420455,50.1911117731889,-41.303145756552));
#4994=CARTESIAN_POINT('Ctrl Pts',(-5.39565372046686,50.1911117731889,-41.3787553132758));
#4995=CARTESIAN_POINT('Ctrl Pts',(-5.45366133626101,50.191111773189,-41.4522487247325));
#4996=CARTESIAN_POINT('Ctrl Pts',(-5.51421898554411,50.191111773189,-41.523483241523));
#4997=CARTESIAN_POINT('Ctrl Pts',(-5.58872842073281,50.191111773189,-41.6111293716955));
#4998=CARTESIAN_POINT('Ctrl Pts',(-5.66709654857394,50.1911117731889,-41.6953563734808));
#4999=CARTESIAN_POINT('Ctrl Pts',(-5.74895079577734,50.1911117731889,-41.7760696025137));
#5000=CARTESIAN_POINT('Ctrl Pts',(-5.83204875907245,50.1911117731889,-41.8580092106922));
#5001=CARTESIAN_POINT('Ctrl Pts',(-5.91873963112632,50.191111773189,-41.936328181741));
#5002=CARTESIAN_POINT('Ctrl Pts',(-6.00868754584783,50.191111773189,-42.0109333808039));
#5003=CARTESIAN_POINT('Ctrl Pts',(-6.05995480837816,50.191111773189,-42.0534558154632));
#5004=CARTESIAN_POINT('Ctrl Pts',(-6.11228114030241,50.191111773189,-42.094771835522));
#5005=CARTESIAN_POINT('Ctrl Pts',(-6.16561182527122,50.191111773189,-42.1348636563941));
#5006=CARTESIAN_POINT('Ctrl Pts',(-6.18309296576009,50.191111773189,-42.1480052605856));
#5007=CARTESIAN_POINT('Ctrl Pts',(-6.20068375634973,50.191111773189,-42.1610165554645));
#5008=CARTESIAN_POINT('Ctrl Pts',(-6.21837697580809,50.191111773189,-42.1738929570665));
#5009=CARTESIAN_POINT('Ctrl Pts',(-6.31826109425187,50.191111773189,-42.2465845339599));
#5010=CARTESIAN_POINT('Ctrl Pts',(-6.42122402517444,50.191111773189,-42.3148460890321));
#5011=CARTESIAN_POINT('Ctrl Pts',(-6.52685104323133,50.191111773189,-42.3785931510047));
#5012=CARTESIAN_POINT('Ctrl Pts',(-6.63408484734964,50.191111773189,-42.443309925959));
#5013=CARTESIAN_POINT('Ctrl Pts',(-6.74406459191097,50.191111773189,-42.5033745374065));
#5014=CARTESIAN_POINT('Ctrl Pts',(-6.85641082263116,50.191111773189,-42.5586976633439));
#5015=CARTESIAN_POINT('Ctrl Pts',(-6.97080389056406,50.191111773189,-42.6150287219209));
#5016=CARTESIAN_POINT('Ctrl Pts',(-7.08765073915915,50.1911117731889,-42.6664447357675));
#5017=CARTESIAN_POINT('Ctrl Pts',(-7.20660335668852,50.1911117731889,-42.7128389170339));
#5018=CARTESIAN_POINT('Ctrl Pts',(-7.27067228062198,50.1911117731889,-42.7378272302989));
#5019=CARTESIAN_POINT('Ctrl Pts',(-7.33535295916718,50.1911117731889,-42.761358428163));
#5020=CARTESIAN_POINT('Ctrl Pts',(-7.40059665297057,50.1911117731889,-42.7834131411505));
#5021=CARTESIAN_POINT('Origin',(-7.67145251638462,50.1911117731889,-38.0604233397902));
#5022=CARTESIAN_POINT('Origin',(-7.68093115906441,20.1911117731889,-38.0538026117954));
#5023=CARTESIAN_POINT('',(-15.1809311590644,20.1911117731889,-38.0538026117954));
#5024=CARTESIAN_POINT('Origin',(-7.68093115906441,20.1911117731889,-38.0538026117954));
#5025=CARTESIAN_POINT('',(-10.7926613678095,20.1911117731889,-36.3939731982657));
#5026=CARTESIAN_POINT('Ctrl Pts',(-10.7927233718317,20.191111773189,-36.3938396574683));
#5027=CARTESIAN_POINT('Ctrl Pts',(-10.8682624449235,20.191111773189,-36.4612358975766));
#5028=CARTESIAN_POINT('Ctrl Pts',(-10.9406665960733,20.1911117731889,-36.5319761968075));
#5029=CARTESIAN_POINT('Ctrl Pts',(-11.009831712491,20.1911117731889,-36.6056808564764));
#5030=CARTESIAN_POINT('Ctrl Pts',(-11.0803340881262,20.1911117731889,-36.6808105442609));
#5031=CARTESIAN_POINT('Ctrl Pts',(-11.1474716721294,20.1911117731889,-36.7590202414771));
#5032=CARTESIAN_POINT('Ctrl Pts',(-11.2111519593382,20.1911117731889,-36.8399589744192));
#5033=CARTESIAN_POINT('Ctrl Pts',(-11.2765927927006,20.1911117731889,-36.9231353915993));
#5034=CARTESIAN_POINT('Ctrl Pts',(-11.3383832950984,20.1911117731889,-37.0091937938199));
#5035=CARTESIAN_POINT('Ctrl Pts',(-11.3964302980438,20.1911117731889,-37.0978078734095));
#5036=CARTESIAN_POINT('Ctrl Pts',(-11.4551853585187,20.1911117731889,-37.1875028678283));
#5037=CARTESIAN_POINT('Ctrl Pts',(-11.5101058764766,20.1911117731889,-37.2798164983413));
#5038=CARTESIAN_POINT('Ctrl Pts',(-11.561090147865,20.1911117731889,-37.3744638427102));
#5039=CARTESIAN_POINT('Ctrl Pts',(-11.5743425517749,20.1911117731889,-37.3990656424892));
#5040=CARTESIAN_POINT('Ctrl Pts',(-11.5873289423641,20.1911117731889,-37.4238253843603));
#5041=CARTESIAN_POINT('Ctrl Pts',(-11.6000473698455,20.1911117731889,-37.4487386113907));
#5042=CARTESIAN_POINT('Ctrl Pts',(-11.6086600049438,20.1911117731889,-37.4656092924438));
#5043=CARTESIAN_POINT('Ctrl Pts',(-11.6171507278293,20.1911117731889,-37.4825523374481));
#5044=CARTESIAN_POINT('Ctrl Pts',(-11.6255157954443,20.1911117731889,-37.4995600718436));
#5045=CARTESIAN_POINT('Ctrl Pts',(-11.6668537916808,20.1911117731889,-37.5836078874487));
#5046=CARTESIAN_POINT('Ctrl Pts',(-11.7050527480594,20.1911117731889,-37.6690886977307));
#5047=CARTESIAN_POINT('Ctrl Pts',(-11.7400676645192,20.1911117731889,-37.7557807192017));
#5048=CARTESIAN_POINT('Ctrl Pts',(-11.7831496939171,20.1911117731889,-37.8624457807007));
#5049=CARTESIAN_POINT('Ctrl Pts',(-11.8214127663873,20.1911117731889,-37.9709431882068));
#5050=CARTESIAN_POINT('Ctrl Pts',(-11.8549458622259,20.1911117731889,-38.0808989743247));
#5051=CARTESIAN_POINT('Ctrl Pts',(-11.8889884746985,20.1911117731889,-38.1925254771072));
#5052=CARTESIAN_POINT('Ctrl Pts',(-11.9181569008315,20.1911117731889,-38.3056553912938));
#5053=CARTESIAN_POINT('Ctrl Pts',(-11.9425244304795,20.1911117731889,-38.4199479683668));
#5054=CARTESIAN_POINT('Ctrl Pts',(-11.956413096247,20.1911117731889,-38.4850908624397));
#5055=CARTESIAN_POINT('Ctrl Pts',(-11.9687417218472,20.1911117731889,-38.550612352309));
#5056=CARTESIAN_POINT('Ctrl Pts',(-11.979519933096,20.1911117731889,-38.6164557145931));
#5057=CARTESIAN_POINT('Ctrl Pts',(-11.9830528977403,20.1911117731889,-38.6380383562432));
#5058=CARTESIAN_POINT('Ctrl Pts',(-11.9864195571953,20.1911117731889,-38.6596576887633));
#5059=CARTESIAN_POINT('Ctrl Pts',(-11.9896192003025,20.1911117731889,-38.6813051884768));
#5060=CARTESIAN_POINT('Ctrl Pts',(-12.0076822514057,20.1911117731889,-38.8035125348832));
#5061=CARTESIAN_POINT('Ctrl Pts',(-12.0203925568601,20.1911117731889,-38.926392394597));
#5062=CARTESIAN_POINT('Ctrl Pts',(-12.0278676623706,20.1911117731889,-39.0495381765236));
#5063=CARTESIAN_POINT('Ctrl Pts',(-12.0354564792088,20.1911117731889,-39.1745572524579));
#5064=CARTESIAN_POINT('Ctrl Pts',(-12.0376501627173,20.1911117731889,-39.2998509016761));
#5065=CARTESIAN_POINT('Ctrl Pts',(-12.0345455998138,20.1911117731889,-39.4250415293444));
#5066=CARTESIAN_POINT('Ctrl Pts',(-12.03138447492,20.1911117731889,-39.5525130033972));
#5067=CARTESIAN_POINT('Ctrl Pts',(-12.0227308536366,20.1911117731889,-39.6798782790407));
#5068=CARTESIAN_POINT('Ctrl Pts',(-12.0086515641899,20.1911117731889,-39.8067795142375));
#5069=CARTESIAN_POINT('Ctrl Pts',(-12.0010683381601,20.1911117731889,-39.8751296077276));
#5070=CARTESIAN_POINT('Ctrl Pts',(-11.9919104733017,20.1911117731889,-39.9433457241345));
#5071=CARTESIAN_POINT('Ctrl Pts',(-11.9811834187667,20.1911117731889,-40.0113756999345));
#5072=CARTESIAN_POINT('',(-4.55024366495967,20.1911117731889,-36.3939731982658));
#5073=CARTESIAN_POINT('Ctrl Pts',(-3.36162718978975,20.1911117731889,-40.0115484058539));
#5074=CARTESIAN_POINT('Ctrl Pts',(-3.34197469118576,20.1911117731889,-39.8861347970768));
#5075=CARTESIAN_POINT('Ctrl Pts',(-3.32758251124144,20.1911117731889,-39.7601881069759));
#5076=CARTESIAN_POINT('Ctrl Pts',(-3.3185040030986,20.1911117731889,-39.6340247320467));
#5077=CARTESIAN_POINT('Ctrl Pts',(-3.30921384845661,20.1911117731889,-39.5049201209358));
#5078=CARTESIAN_POINT('Ctrl Pts',(-3.30548825056121,20.1911117731889,-39.375587609779));
#5079=CARTESIAN_POINT('Ctrl Pts',(-3.30743078349593,20.1911117731889,-39.2463997748912));
#5080=CARTESIAN_POINT('Ctrl Pts',(-3.30926651712964,20.1911117731889,-39.1243146100376));
#5081=CARTESIAN_POINT('Ctrl Pts',(-3.31616498894459,20.1911117731889,-39.0023583351584));
#5082=CARTESIAN_POINT('Ctrl Pts',(-3.32824650215787,20.1911117731889,-38.880883652579));
#5083=CARTESIAN_POINT('Ctrl Pts',(-3.34014301329156,20.1911117731889,-38.7612690903749));
#5084=CARTESIAN_POINT('Ctrl Pts',(-3.35706553943662,20.1911117731889,-38.6421210518458));
#5085=CARTESIAN_POINT('Ctrl Pts',(-3.37915323457088,20.1911117731889,-38.5238202029904));
#5086=CARTESIAN_POINT('Ctrl Pts',(-3.38793832718342,20.1911117731889,-38.476767583556));
#5087=CARTESIAN_POINT('Ctrl Pts',(-3.39754075420734,20.1911117731889,-38.4298495126866));
#5088=CARTESIAN_POINT('Ctrl Pts',(-3.40797008759297,20.1911117731889,-38.3830921369662));
#5089=CARTESIAN_POINT('Ctrl Pts',(-3.4123148602582,20.1911117731889,-38.3636134070785));
#5090=CARTESIAN_POINT('Ctrl Pts',(-3.41680314606314,20.1911117731889,-38.3441625813369));
#5091=CARTESIAN_POINT('Ctrl Pts',(-3.42143565592437,20.1911117731889,-38.3247416187118));
#5092=CARTESIAN_POINT('Ctrl Pts',(-3.42629451486297,20.1911117731889,-38.3043717283774));
#5093=CARTESIAN_POINT('Ctrl Pts',(-3.43130998768205,20.1911117731889,-38.2840433553666));
#5094=CARTESIAN_POINT('Ctrl Pts',(-3.43648161572406,20.1911117731889,-38.2637619726975));
#5095=CARTESIAN_POINT('Ctrl Pts',(-3.45050145660573,20.1911117731889,-38.2087808805596));
#5096=CARTESIAN_POINT('Ctrl Pts',(-3.46567087521802,20.1911117731889,-38.1541360953513));
#5097=CARTESIAN_POINT('Ctrl Pts',(-3.48199958903483,20.1911117731889,-38.0998641431384));
#5098=CARTESIAN_POINT('Ctrl Pts',(-3.51492402183021,20.1911117731889,-37.9904327902862));
#5099=CARTESIAN_POINT('Ctrl Pts',(-3.552560882934,20.1911117731889,-37.8825141511301));
#5100=CARTESIAN_POINT('Ctrl Pts',(-3.59483795961655,20.1911117731889,-37.7764402909887));
#5101=CARTESIAN_POINT('Ctrl Pts',(-3.63633022252174,20.1911117731889,-37.6723355411405));
#5102=CARTESIAN_POINT('Ctrl Pts',(-3.68229277009246,20.1911117731889,-37.5700074452898));
#5103=CARTESIAN_POINT('Ctrl Pts',(-3.73266727831636,20.1911117731889,-37.46981869272));
#5104=CARTESIAN_POINT('Ctrl Pts',(-3.75813293126934,20.1911117731889,-37.4191706150972));
#5105=CARTESIAN_POINT('Ctrl Pts',(-3.78472618288071,20.1911117731889,-37.3690700680549));
#5106=CARTESIAN_POINT('Ctrl Pts',(-3.81243956161406,20.1911117731889,-37.319569081473));
#5107=CARTESIAN_POINT('Ctrl Pts',(-3.82555828982266,20.1911117731889,-37.2961367170805));
#5108=CARTESIAN_POINT('Ctrl Pts',(-3.83892801371227,20.1911117731889,-37.2728387547228));
#5109=CARTESIAN_POINT('Ctrl Pts',(-3.85254791107532,20.1911117731889,-37.2496809988554));
#5110=CARTESIAN_POINT('Ctrl Pts',(-3.8630768084624,20.1911117731889,-37.2317788349299));
#5111=CARTESIAN_POINT('Ctrl Pts',(-3.87375544060337,20.1911117731889,-37.2139602362363));
#5112=CARTESIAN_POINT('Ctrl Pts',(-3.88457548377357,20.1911117731889,-37.196240507522));
#5113=CARTESIAN_POINT('Ctrl Pts',(-3.93949275642462,20.1911117731889,-37.1063037893596));
#5114=CARTESIAN_POINT('Ctrl Pts',(-3.99810068114413,20.1911117731889,-37.0188266359247));
#5115=CARTESIAN_POINT('Ctrl Pts',(-4.06032763733946,20.1911117731889,-36.9341026386929));
#5116=CARTESIAN_POINT('Ctrl Pts',(-4.12162992609269,20.1911117731889,-36.8506376058488));
#5117=CARTESIAN_POINT('Ctrl Pts',(-4.18644523404681,20.1911117731889,-36.7698443801748));
#5118=CARTESIAN_POINT('Ctrl Pts',(-4.25470555574265,20.1911117731889,-36.6920537487076));
#5119=CARTESIAN_POINT('Ctrl Pts',(-4.32143160810551,20.1911117731889,-36.6160115968444));
#5120=CARTESIAN_POINT('Ctrl Pts',(-4.39145023025041,20.1911117731889,-36.5428386293963));
#5121=CARTESIAN_POINT('Ctrl Pts',(-4.46468794875384,20.1911117731889,-36.4728925544405));
#5122=CARTESIAN_POINT('Ctrl Pts',(-4.49273615271432,20.1911117731889,-36.4461049671605));
#5123=CARTESIAN_POINT('Ctrl Pts',(-4.52125634199951,20.1911117731889,-36.4197911794866));
#5124=CARTESIAN_POINT('Ctrl Pts',(-4.55024366495966,20.1911117731889,-36.3939731982658));
#5125=CARTESIAN_POINT('Origin',(-7.67145251638462,20.1911117731889,-38.0604233397902));
#5126=CARTESIAN_POINT('Origin',(-7.68093115906441,20.1911117731889,-38.0538026117954));
#5127=CARTESIAN_POINT('',(-15.1809311590644,15.1911117731889,-38.0538026117954));
#5128=CARTESIAN_POINT('Origin',(-7.68093115906441,15.1911117731889,-38.0538026117954));
#5129=CARTESIAN_POINT('',(-15.1809311590644,20.1911117731889,-38.0538026117954));
#5130=CARTESIAN_POINT('Origin',(-7.68093115906441,15.1911117731889,-38.0538026117954));
#5131=CARTESIAN_POINT('Ctrl Pts',(-10.8947841389448,19.882702545317,-39.519578581498));
#5132=CARTESIAN_POINT('Ctrl Pts',(-11.1378915957271,19.9388292290723,-38.9825445972254));
#5133=CARTESIAN_POINT('Ctrl Pts',(-11.3501784662195,20.051082596583,-37.7851289859681));
#5134=CARTESIAN_POINT('Ctrl Pts',(-10.7680333427693,20.2194626478489,-36.0555083065409));
#5135=CARTESIAN_POINT('Ctrl Pts',(-9.42840210231329,20.3878426991149,-34.8167628400643));
#5136=CARTESIAN_POINT('Ctrl Pts',(-7.65883170342522,20.5562227503808,-34.3714704868281));
#5137=CARTESIAN_POINT('Ctrl Pts',(-5.89238368762549,20.7246028016468,-34.8288237073288));
#5138=CARTESIAN_POINT('Ctrl Pts',(-4.56119856553905,20.8929828529127,-36.0768042343593));
#5139=CARTESIAN_POINT('Ctrl Pts',(-3.99099870555919,21.0613629041787,-37.8101303031152));
#5140=CARTESIAN_POINT('Ctrl Pts',(-4.32128104831861,21.2297429554447,-39.6046855467888));
#5141=CARTESIAN_POINT('Ctrl Pts',(-5.47124232959464,21.3981230067106,-41.0214150751439));
#5142=CARTESIAN_POINT('Ctrl Pts',(-7.15952185368495,21.5665030579766,-41.7136849097112));
#5143=CARTESIAN_POINT('Ctrl Pts',(-8.97305447324076,21.7348831092425,-41.512122657071));
#5144=CARTESIAN_POINT('Ctrl Pts',(-10.4681275954558,21.9032631605085,-40.4660423671138));
#5145=CARTESIAN_POINT('Ctrl Pts',(-11.2789462498383,22.0716432117744,-38.8313863344953));
#5146=CARTESIAN_POINT('Ctrl Pts',(-11.207129563657,22.2400232630404,-37.0081008404848));
#5147=CARTESIAN_POINT('Ctrl Pts',(-10.270248803642,22.4084033143064,-35.4422841771298));
#5148=CARTESIAN_POINT('Ctrl Pts',(-8.69752789514093,22.5767833655723,-34.5170401856241));
#5149=CARTESIAN_POINT('Ctrl Pts',(-6.87376003291519,22.7451634168383,-34.4587457407606));
#5150=CARTESIAN_POINT('Ctrl Pts',(-5.24516133078982,22.9135434681042,-35.2816635574814));
#5151=CARTESIAN_POINT('Ctrl Pts',(-4.21019643044002,23.0819235193702,-36.784452672383));
#5152=CARTESIAN_POINT('Ctrl Pts',(-4.02208726379504,23.2503035706361,-38.5994299189614));
#5153=CARTESIAN_POINT('Ctrl Pts',(-4.72685796959057,23.4186836219021,-40.2825299515361));
#5154=CARTESIAN_POINT('Ctrl Pts',(-6.15207429253854,23.587063673168,-41.4219534454774));
#5155=CARTESIAN_POINT('Ctrl Pts',(-7.94903258718933,23.755443724434,-41.738920878631));
#5156=CARTESIAN_POINT('Ctrl Pts',(-9.67807615116473,23.9238237756999,-41.1558807255485));
#5157=CARTESIAN_POINT('Ctrl Pts',(-10.9161647872977,24.0922038269659,-39.815483771175));
#5158=CARTESIAN_POINT('Ctrl Pts',(-11.3603788515819,24.2605838782318,-38.0456811462023));
#5159=CARTESIAN_POINT('Ctrl Pts',(-10.9020337456321,24.4289639294978,-36.2794854520398));
#5160=CARTESIAN_POINT('Ctrl Pts',(-9.65327146982801,24.5973439807638,-34.9490267924873));
#5161=CARTESIAN_POINT('Ctrl Pts',(-7.91962315737071,24.7657240320297,-34.3798247238388));
#5162=CARTESIAN_POINT('Ctrl Pts',(-6.12525563627241,24.9341040832957,-34.7111443059196));
#5163=CARTESIAN_POINT('Ctrl Pts',(-4.70919173154773,25.1024841345616,-35.8619225139068));
#5164=CARTESIAN_POINT('Ctrl Pts',(-4.01789579263556,25.2708641858276,-37.550601699272));
#5165=CARTESIAN_POINT('Ctrl Pts',(-4.22050524119206,25.4392442370935,-39.3640175031069));
#5166=CARTESIAN_POINT('Ctrl Pts',(-5.2674481966331,25.6076242883595,-40.8584866109491));
#5167=CARTESIAN_POINT('Ctrl Pts',(-6.90257208791537,25.7760043396254,-41.6683614941256));
#5168=CARTESIAN_POINT('Ctrl Pts',(-8.72581577842238,25.9443843908914,-41.5954923561543));
#5169=CARTESIAN_POINT('Ctrl Pts',(-10.2910913924635,26.1127644421573,-40.6577078828713));
#5170=CARTESIAN_POINT('Ctrl Pts',(-11.2154273738099,26.2811444934233,-39.0844531483066));
#5171=CARTESIAN_POINT('Ctrl Pts',(-11.2726690529074,26.4495245446893,-37.2606519375337));
#5172=CARTESIAN_POINT('Ctrl Pts',(-10.4488112700715,26.6179045959552,-35.6325285331498));
#5173=CARTESIAN_POINT('Ctrl Pts',(-8.9454249782854,26.7862846472212,-34.5984312824464));
#5174=CARTESIAN_POINT('Ctrl Pts',(-7.13033944839061,26.9546646984871,-34.4113698342303));
#5175=CARTESIAN_POINT('Ctrl Pts',(-5.44764652200056,27.1230447497531,-35.1171119838283));
#5176=CARTESIAN_POINT('Ctrl Pts',(-4.30904591697595,27.291424801019,-36.5429857960851));
#5177=CARTESIAN_POINT('Ctrl Pts',(-3.99311582217876,27.459804852285,-38.3401267592385));
#5178=CARTESIAN_POINT('Ctrl Pts',(-4.57715396011779,27.6281849035509,-40.0688334780531));
#5179=CARTESIAN_POINT('Ctrl Pts',(-5.91826537186251,27.7965649548169,-41.3061481702517));
#5180=CARTESIAN_POINT('Ctrl Pts',(-7.68832412238576,27.9649450060828,-41.7493405505315));
#5181=CARTESIAN_POINT('Ctrl Pts',(-9.45425494479973,28.1333250573488,-41.289975993027));
#5182=CARTESIAN_POINT('Ctrl Pts',(-10.7839925407079,28.3017051086147,-40.0404459244537));
#5183=CARTESIAN_POINT('Ctrl Pts',(-11.3521937744282,28.4700851598808,-38.3064693316923));
#5184=CARTESIAN_POINT('Ctrl Pts',(-11.0198384575788,28.6384652111467,-36.5122933621733));
#5185=CARTESIAN_POINT('Ctrl Pts',(-9.86824302528612,28.8068452624126,-35.0968939745208));
#5186=CARTESIAN_POINT('Ctrl Pts',(-8.17916507402416,28.9752253136786,-34.4065729326756));
#5187=CARTESIAN_POINT('Ctrl Pts',(-6.36586652765108,29.1436053649446,-34.6102291329584));
#5188=CARTESIAN_POINT('Ctrl Pts',(-4.87200201152504,29.3119854162105,-35.6580345890589));
#5189=CARTESIAN_POINT('Ctrl Pts',(-4.06307113068197,29.4803654674765,-37.2936257042201));
#5190=CARTESIAN_POINT('Ctrl Pts',(-4.13699271500335,29.6487455187424,-39.1168270277213));
#5191=CARTESIAN_POINT('Ctrl Pts',(-5.07568058003312,29.8171255700083,-40.6815610491951));
#5192=CARTESIAN_POINT('Ctrl Pts',(-6.64946862051491,29.9855056212743,-41.6049887233414));
#5193=CARTESIAN_POINT('Ctrl Pts',(-8.47330257081586,30.1538856725403,-41.6611776114966));
#5194=CARTESIAN_POINT('Ctrl Pts',(-10.1009501341804,30.3222657238062,-40.8363801415799));
#5195=CARTESIAN_POINT('Ctrl Pts',(-11.1341793939169,30.4906457750722,-39.3323971685103));
#5196=CARTESIAN_POINT('Ctrl Pts',(-11.3201930538917,30.6590258263381,-37.5172039691459));
#5197=CARTESIAN_POINT('Ctrl Pts',(-10.6134797113692,30.8274058776041,-35.8349186920616));
#5198=CARTESIAN_POINT('Ctrl Pts',(-9.18694885255359,30.9957859288701,-34.6971413908668));
#5199=CARTESIAN_POINT('Ctrl Pts',(-7.38962588608221,31.164165980136,-34.3822486672124));
#5200=CARTESIAN_POINT('Ctrl Pts',(-5.66125645257316,31.332546031402,-34.967284743673));
#5201=CARTESIAN_POINT('Ctrl Pts',(-4.4247163947772,31.5009260826679,-36.309109862442));
#5202=CARTESIAN_POINT('Ctrl Pts',(-3.98254527671493,31.6693061339339,-38.0794247699133));
#5203=CARTESIAN_POINT('Ctrl Pts',(-4.44293029844356,31.8376861851998,-39.8450888605203));
#5204=CARTESIAN_POINT('Ctrl Pts',(-5.69322535708885,32.0060662364658,-41.1741075528011));
#5205=CARTESIAN_POINT('Ctrl Pts',(-7.42753453736536,32.1744462877317,-41.741302433546));
#5206=CARTESIAN_POINT('Ctrl Pts',(-9.22150835756365,32.3428263389977,-41.4079224009009));
#5207=CARTESIAN_POINT('Ctrl Pts',(-10.6362632269665,32.5112063902636,-40.2554877981723));
#5208=CARTESIAN_POINT('Ctrl Pts',(-11.3255672373706,32.6795864415296,-38.5660573545095));
#5209=CARTESIAN_POINT('Ctrl Pts',(-11.1209501341662,32.8479664927955,-36.7527830970719));
#5210=CARTESIAN_POINT('Ctrl Pts',(-10.072106927397,33.0163465440615,-35.2597152199194));
#5211=CARTESIAN_POINT('Ctrl Pts',(-8.43640859571043,33.1847265953275,-34.4513364969556));
#5212=CARTESIAN_POINT('Ctrl Pts',(-6.61251441826812,33.3531066465934,-34.5271131768289));
#5213=CARTESIAN_POINT('Ctrl Pts',(-5.04982865415585,33.5214866978594,-35.4650610705053));
#5214=CARTESIAN_POINT('Ctrl Pts',(-4.12423056153677,33.6898667491254,-37.0427426602792));
#5215=CARTESIAN_POINT('Ctrl Pts',(-4.0753629826322,33.8582468003913,-38.8597455457678));
#5216=CARTESIAN_POINT('Ctrl Pts',(-5.16083931715447,34.0827535354126,-41.0469882457253));
#5217=CARTESIAN_POINT('Ctrl Pts',(-8.28443260731782,34.3633869541891,-42.2006599351922));
#5218=CARTESIAN_POINT('Ctrl Pts',(-11.4910778436068,34.7001470567211,-39.7764082946526));
#5219=CARTESIAN_POINT('Ctrl Pts',(-11.1769897650625,35.036907159253,-35.7793349021602));
#5220=CARTESIAN_POINT('Ctrl Pts',(-7.64973610050206,35.3736672617849,-33.8731007581214));
#5221=CARTESIAN_POINT('Ctrl Pts',(-4.13437647499698,35.7104273643168,-35.8229254659971));
#5222=CARTESIAN_POINT('Ctrl Pts',(-3.92391310661119,35.9910607830934,-39.1461014438832));
#5223=CARTESIAN_POINT('Ctrl Pts',(-5.48399804443694,36.2155675181147,-41.0245115397074));
#5224=CARTESIAN_POINT('Ctrl Pts',(-7.16505775851411,36.3839475693806,-41.7158332910276));
#5225=CARTESIAN_POINT('Ctrl Pts',(-8.98243989190377,36.5523276206466,-41.5086299874642));
#5226=CARTESIAN_POINT('Ctrl Pts',(-10.4729814260951,36.7207076719125,-40.4598120893229));
#5227=CARTESIAN_POINT('Ctrl Pts',(-11.2810554266036,36.8890877231785,-38.8229405349782));
#5228=CARTESIAN_POINT('Ctrl Pts',(-11.2045249132126,37.0574677744445,-36.9999955899668));
#5229=CARTESIAN_POINT('Ctrl Pts',(-10.2642774642295,37.2258478257104,-35.4362633581407));
#5230=CARTESIAN_POINT('Ctrl Pts',(-8.68930408479977,37.3942278769764,-34.514693748346));
#5231=CARTESIAN_POINT('Ctrl Pts',(-6.86546524798533,37.5626079282423,-34.4605906979564));
#5232=CARTESIAN_POINT('Ctrl Pts',(-5.23874228025894,37.7309879795083,-35.2872763941776));
#5233=CARTESIAN_POINT('Ctrl Pts',(-4.20726407022032,37.8993680307742,-36.7924464895286));
#5234=CARTESIAN_POINT('Ctrl Pts',(-4.0233392983946,38.0677480820402,-38.60785554642));
#5235=CARTESIAN_POINT('Ctrl Pts',(-4.73199771411469,38.2361281333061,-40.2893226641281));
#5236=CARTESIAN_POINT('Ctrl Pts',(-6.15983950769946,38.4045081845721,-41.4254528774329));
#5237=CARTESIAN_POINT('Ctrl Pts',(-7.95752568185529,38.5728882358381,-41.7382700580874));
#5238=CARTESIAN_POINT('Ctrl Pts',(-9.68521801930902,38.741268287104,-41.1512392658822));
#5239=CARTESIAN_POINT('Ctrl Pts',(-10.9202085976094,38.90964833837,-39.8079871000704));
#5240=CARTESIAN_POINT('Ctrl Pts',(-11.360334948066,39.0780283896359,-38.0371635434026));
#5241=CARTESIAN_POINT('Ctrl Pts',(-10.8979130011357,39.2464084409019,-36.2720308511484));
#5242=CARTESIAN_POINT('Ctrl Pts',(-9.6460820312072,39.4147884921678,-34.9444591111955));
#5243=CARTESIAN_POINT('Ctrl Pts',(-7.91112407551829,39.5831685434338,-34.3792615132636));
#5244=CARTESIAN_POINT('Ctrl Pts',(-6.11752634221808,39.7515485946997,-34.7147233703491));
#5245=CARTESIAN_POINT('Ctrl Pts',(-4.70412333726681,39.9199286459657,-35.8687681712567));
#5246=CARTESIAN_POINT('Ctrl Pts',(-4.01672836417093,40.0883086972317,-37.5590390431542));
#5247=CARTESIAN_POINT('Ctrl Pts',(-4.22352441174504,40.2566887484976,-39.3719821918631));
#5248=CARTESIAN_POINT('Ctrl Pts',(-5.2739152734156,40.4250687997635,-40.8640299470072));
#5249=CARTESIAN_POINT('Ctrl Pts',(-6.91090478997189,40.5934488510295,-41.6701272049915));
#5250=CARTESIAN_POINT('Ctrl Pts',(-8.73397536690677,40.7618289022955,-41.5930484304157));
#5251=CARTESIAN_POINT('Ctrl Pts',(-10.2970814840467,40.9302089535614,-40.6516522688905));
#5252=CARTESIAN_POINT('Ctrl Pts',(-11.217782389681,41.0985890048274,-39.0762674560411));
#5253=CARTESIAN_POINT('Ctrl Pts',(-11.27081279802,41.2669690560933,-37.2523389371443));
#5254=CARTESIAN_POINT('Ctrl Pts',(-10.4431979090455,41.4353491073593,-35.6261221429277));
#5255=CARTESIAN_POINT('Ctrl Pts',(-8.93742791628839,41.6037291586252,-34.5954989357614));
#5256=CARTESIAN_POINT('Ctrl Pts',(-7.12191530395428,41.7721092098912,-34.4126289800508));
#5257=CARTESIAN_POINT('Ctrl Pts',(-5.4408564067132,41.9404892611571,-35.1222545505082));
#5258=CARTESIAN_POINT('Ctrl Pts',(-4.30555114913456,42.1088693124231,-36.5507535663837));
#5259=CARTESIAN_POINT('Ctrl Pts',(-3.99377145674452,42.2772493636891,-38.3486192147722));
#5260=CARTESIAN_POINT('Ctrl Pts',(-4.58179958483618,42.445629414955,-40.0759727937522));
#5261=CARTESIAN_POINT('Ctrl Pts',(-5.92576435487646,42.6140094662209,-41.3101875899416));
#5262=CARTESIAN_POINT('Ctrl Pts',(-7.6968417087364,42.782389517487,-41.7492917608245));
#5263=CARTESIAN_POINT('Ctrl Pts',(-9.4617071607312,42.9507695687528,-41.2858509311628));
#5264=CARTESIAN_POINT('Ctrl Pts',(-10.7885560736315,43.1191496200189,-40.0332538576481));
#5265=CARTESIAN_POINT('Ctrl Pts',(-11.352752077653,43.2875296712847,-38.2979699225849));
#5266=CARTESIAN_POINT('Ctrl Pts',(-11.0162549326363,43.4559097225507,-36.5045661371428));
#5267=CARTESIAN_POINT('Ctrl Pts',(-9.86139444308185,43.6242897738167,-35.0918295318592));
#5268=CARTESIAN_POINT('Ctrl Pts',(-8.17072705779946,43.7926698250827,-34.4054103752321));
#5269=CARTESIAN_POINT('Ctrl Pts',(-6.35790358294671,43.9610498763486,-34.6132529003926));
#5270=CARTESIAN_POINT('Ctrl Pts',(-4.8664624095295,44.1294299276146,-35.6645048647086));
#5271=CARTESIAN_POINT('Ctrl Pts',(-4.06131023007132,44.2978099788805,-37.3019594241257));
#5272=CARTESIAN_POINT('Ctrl Pts',(-4.1394413504964,44.4661900301464,-39.1249852040486));
#5273=CARTESIAN_POINT('Ctrl Pts',(-5.08173965060793,44.6345700814124,-40.6875476443527));
#5274=CARTESIAN_POINT('Ctrl Pts',(-6.6576556711361,44.8029501326784,-41.6073390133517));
#5275=CARTESIAN_POINT('Ctrl Pts',(-8.48161449769903,44.9713301839443,-41.6593165589375));
#5276=CARTESIAN_POINT('Ctrl Pts',(-10.1073532842908,45.1397102352103,-40.8307630820795));
#5277=CARTESIAN_POINT('Ctrl Pts',(-11.1371071213079,45.3080902864762,-39.3243984179323));
#5278=CARTESIAN_POINT('Ctrl Pts',(-11.3189290506841,45.4764703377422,-37.5087805472785));
#5279=CARTESIAN_POINT('Ctrl Pts',(-10.608333215341,45.6448503890081,-35.8281315580357));
#5280=CARTESIAN_POINT('Ctrl Pts',(-9.1791790880001,45.8132304402741,-34.693651083752));
#5281=CARTESIAN_POINT('Ctrl Pts',(-7.38113376582243,45.98161049154,-34.3829092525433));
#5282=CARTESIAN_POINT('Ctrl Pts',(-5.65411991103295,46.149990542806,-34.9719343891722));
#5283=CARTESIAN_POINT('Ctrl Pts',(-4.42068111760454,46.318370594072,-36.3166113797901));
#5284=CARTESIAN_POINT('Ctrl Pts',(-3.98259936576089,46.4867506453379,-38.0879419093909));
#5285=CARTESIAN_POINT('Ctrl Pts',(-4.44705887814526,46.6551306966039,-39.8525395482588));
#5286=CARTESIAN_POINT('Ctrl Pts',(-5.70042166029824,46.8235107478698,-41.1786651847331));
#5287=CARTESIAN_POINT('Ctrl Pts',(-7.43603098522397,46.9918907991358,-41.7418594100266));
#5288=CARTESIAN_POINT('Ctrl Pts',(-9.22924023142924,47.1602708504018,-41.4043270883941));
#5289=CARTESIAN_POINT('Ctrl Pts',(-10.6413099618654,47.3286509016677,-40.2486512938794));
#5290=CARTESIAN_POINT('Ctrl Pts',(-11.3267530783511,47.4970309529337,-38.5575879622293));
#5291=CARTESIAN_POINT('Ctrl Pts',(-11.117864136493,47.6654110041996,-36.7448847571173));
#5292=CARTESIAN_POINT('Ctrl Pts',(-10.0657514359858,47.8337910554656,-35.254050679442));
#5293=CARTESIAN_POINT('Ctrl Pts',(-8.42783234670815,48.0021711067315,-34.4498438117376));
#5294=CARTESIAN_POINT('Ctrl Pts',(-6.6048520377951,48.1705511579975,-34.5290273238226));
#5295=CARTESIAN_POINT('Ctrl Pts',(-5.0428336588843,48.3389312092634,-35.4722273014263));
#5296=CARTESIAN_POINT('Ctrl Pts',(-4.12395241157131,48.5073112605294,-37.0486743056795));
#5297=CARTESIAN_POINT('Ctrl Pts',(-4.07302717584374,48.6756913117953,-38.8726622156396));
#5298=CARTESIAN_POINT('Ctrl Pts',(-4.90252013175469,48.8440713630614,-40.4979237149194));
#5299=CARTESIAN_POINT('Ctrl Pts',(-6.40947657591544,49.0124514143272,-41.5268052552035));
#5300=CARTESIAN_POINT('Ctrl Pts',(-8.22520399123818,49.1808314655933,-41.7075843861765));
#5301=CARTESIAN_POINT('Ctrl Pts',(-9.905432499556,49.3492115168591,-40.9960076967413));
#5302=CARTESIAN_POINT('Ctrl Pts',(-11.0391083103375,49.5175915681251,-39.5662210983728));
#5303=CARTESIAN_POINT('Ctrl Pts',(-11.3487702078909,49.6859716193911,-37.7679513228176));
#5304=CARTESIAN_POINT('Ctrl Pts',(-10.7588343762253,49.854351670657,-36.041371493896));
#5305=CARTESIAN_POINT('Ctrl Pts',(-9.4132671919733,50.022731721923,-34.8085172477975));
#5306=CARTESIAN_POINT('Ctrl Pts',(-8.23249401465412,50.1349850894336,-34.5175798572995));
#5307=CARTESIAN_POINT('Ctrl Pts',(-7.64301603416701,50.1911117731889,-34.522317612868));
#5308=CARTESIAN_POINT('Ctrl Pts',(-11.2569172322188,19.9855056212743,-39.6835109543102));
#5309=CARTESIAN_POINT('Ctrl Pts',(-11.5273371922218,20.0416323050296,-39.0861425705123));
#5310=CARTESIAN_POINT('Ctrl Pts',(-11.7634739516101,20.1538856725403,-37.7542003668919));
#5311=CARTESIAN_POINT('Ctrl Pts',(-11.1159263071119,20.3222657238062,-35.8302612119942));
#5312=CARTESIAN_POINT('Ctrl Pts',(-9.6257909107827,20.4906457750722,-34.452345849248));
#5313=CARTESIAN_POINT('Ctrl Pts',(-7.65741378725287,20.6590258263381,-33.9570260349339));
#5314=CARTESIAN_POINT('Ctrl Pts',(-5.69250983859408,20.8274058776041,-34.4657617242131));
#5315=CARTESIAN_POINT('Ctrl Pts',(-4.21176946050868,20.9957859288701,-35.8539496830312));
#5316=CARTESIAN_POINT('Ctrl Pts',(-3.57750909938965,21.164165980136,-37.7820105183057));
#5317=CARTESIAN_POINT('Ctrl Pts',(-3.94489782164785,21.332546031402,-39.7781794702599));
#5318=CARTESIAN_POINT('Ctrl Pts',(-5.22405432224886,21.5009260826679,-41.3540749506521));
#5319=CARTESIAN_POINT('Ctrl Pts',(-7.10200774836365,21.6693061339339,-42.1241195369134));
#5320=CARTESIAN_POINT('Ctrl Pts',(-9.11928613601745,21.8376861851998,-41.8999122788617));
#5321=CARTESIAN_POINT('Ctrl Pts',(-10.7823269133844,22.0060662364658,-40.736307534218));
#5322=CARTESIAN_POINT('Ctrl Pts',(-11.6842389772508,22.1744462877317,-38.9180020621847));
#5323=CARTESIAN_POINT('Ctrl Pts',(-11.6043538693986,22.3428263389977,-36.8898750894861));
#5324=CARTESIAN_POINT('Ctrl Pts',(-10.5622169435959,22.5112063902636,-35.1481429144188));
#5325=CARTESIAN_POINT('Ctrl Pts',(-8.8128048490357,22.6795864415296,-34.1189501184116));
#5326=CARTESIAN_POINT('Ctrl Pts',(-6.78414131528208,22.8479664927956,-34.0541064412285));
#5327=CARTESIAN_POINT('Ctrl Pts',(-4.97257369938598,23.0163465440615,-34.9694769774877));
#5328=CARTESIAN_POINT('Ctrl Pts',(-3.82133313004497,23.1847265953275,-36.6411006196556));
#5329=CARTESIAN_POINT('Ctrl Pts',(-3.61209037791544,23.3531066465934,-38.6599859344964));
#5330=CARTESIAN_POINT('Ctrl Pts',(-4.39604027642956,23.5214866978594,-40.5321779664236));
#5331=CARTESIAN_POINT('Ctrl Pts',(-5.9813760211588,23.6898667491253,-41.7996127861379));
#5332=CARTESIAN_POINT('Ctrl Pts',(-7.98021800074345,23.8582468003913,-42.1521907026285));
#5333=CARTESIAN_POINT('Ctrl Pts',(-9.90351520273904,24.0266268516572,-41.5036474741997));
#5334=CARTESIAN_POINT('Ctrl Pts',(-11.2806999419265,24.1950069029232,-40.0126603379459));
#5335=CARTESIAN_POINT('Ctrl Pts',(-11.7748203242728,24.3633869541892,-38.0440248983226));
#5336=CARTESIAN_POINT('Ctrl Pts',(-11.2649813137422,24.5317670054551,-36.0794016189939));
#5337=CARTESIAN_POINT('Ctrl Pts',(-9.87592377866787,24.7001470567211,-34.5994693196568));
#5338=CARTESIAN_POINT('Ctrl Pts',(-7.94750449643344,24.868527107987,-33.9663188491824));
#5339=CARTESIAN_POINT('Ctrl Pts',(-5.95154435720743,25.036907159253,-34.3348613419564));
#5340=CARTESIAN_POINT('Ctrl Pts',(-4.37638928156429,25.2052872105189,-35.6149265489027));
#5341=CARTESIAN_POINT('Ctrl Pts',(-3.60742800565299,25.3736672617849,-37.4933245372181));
#5342=CARTESIAN_POINT('Ctrl Pts',(-3.83280010941341,25.5420473130508,-39.5104729852024));
#5343=CARTESIAN_POINT('Ctrl Pts',(-4.99736443780959,25.7104273643168,-41.172841888721));
#5344=CARTESIAN_POINT('Ctrl Pts',(-6.81619033123519,25.8788074155827,-42.0737041510915));
#5345=CARTESIAN_POINT('Ctrl Pts',(-8.8442708039133,26.0471874668487,-41.9926483511729));
#5346=CARTESIAN_POINT('Ctrl Pts',(-10.585401144155,26.2155675181146,-40.9495061822197));
#5347=CARTESIAN_POINT('Ctrl Pts',(-11.6135839173756,26.3839475693806,-39.1995002875979));
#5348=CARTESIAN_POINT('Ctrl Pts',(-11.6772565532418,26.5523276206466,-37.1707996586729));
#5349=CARTESIAN_POINT('Ctrl Pts',(-10.76084044807,26.7207076719125,-35.3597607390082));
#5350=CARTESIAN_POINT('Ctrl Pts',(-9.08855253771651,26.8890877231785,-34.2094852975403));
#5351=CARTESIAN_POINT('Ctrl Pts',(-7.06954677420467,27.0574677744445,-34.001407972335));
#5352=CARTESIAN_POINT('Ctrl Pts',(-5.19780758580454,27.2258478257104,-34.7864384538871));
#5353=CARTESIAN_POINT('Ctrl Pts',(-3.93128810447959,27.3942278769764,-36.3725055551736));
#5354=CARTESIAN_POINT('Ctrl Pts',(-3.57986406866604,27.5626079282423,-38.3715507256014));
#5355=CARTESIAN_POINT('Ctrl Pts',(-4.22951740300667,27.7309879795083,-40.294473238741));
#5356=CARTESIAN_POINT('Ctrl Pts',(-5.72129926409671,27.8993680307742,-41.6707970833652));
#5357=CARTESIAN_POINT('Ctrl Pts',(-7.69021960432339,28.0677480820402,-42.163780998113));
#5358=CARTESIAN_POINT('Ctrl Pts',(-9.65454825423758,28.2361281333061,-41.6528080032435));
#5359=CARTESIAN_POINT('Ctrl Pts',(-11.1336784802675,28.4045081845721,-40.2628964158391));
#5360=CARTESIAN_POINT('Ctrl Pts',(-11.7657156745602,28.572888235838,-38.3341119718451));
#5361=CARTESIAN_POINT('Ctrl Pts',(-11.3960210848558,28.741268287104,-36.3383649045301));
#5362=CARTESIAN_POINT('Ctrl Pts',(-10.115046840536,28.9096483383699,-34.7639490027587));
#5363=CARTESIAN_POINT('Ctrl Pts',(-8.2362052859916,29.0780283896359,-33.9960721511153));
#5364=CARTESIAN_POINT('Ctrl Pts',(-6.21918726904609,29.2464084409019,-34.2226086064909));
#5365=CARTESIAN_POINT('Ctrl Pts',(-4.55749088158212,29.4147884921678,-35.3881323352976));
#5366=CARTESIAN_POINT('Ctrl Pts',(-3.65767867780153,29.5831685434338,-37.2074779440143));
#5367=CARTESIAN_POINT('Ctrl Pts',(-3.73990516373545,29.7515485946997,-39.2355112898614));
#5368=CARTESIAN_POINT('Ctrl Pts',(-4.78405221819603,29.9199286459657,-40.9760391909911));
#5369=CARTESIAN_POINT('Ctrl Pts',(-6.53465133429549,30.0883086972316,-42.0032116110124));
#5370=CARTESIAN_POINT('Ctrl Pts',(-8.56338838095113,30.2566887484976,-42.065713177557));
#5371=CARTESIAN_POINT('Ctrl Pts',(-10.3738980000705,30.4250687997636,-41.1482518138556));
#5372=CARTESIAN_POINT('Ctrl Pts',(-11.5232079339986,30.5934488510295,-39.475300186597));
#5373=CARTESIAN_POINT('Ctrl Pts',(-11.7301197546238,30.7618289022955,-37.456174657225));
#5374=CARTESIAN_POINT('Ctrl Pts',(-10.9440089690973,30.9302089535614,-35.5848889164913));
#5375=CARTESIAN_POINT('Ctrl Pts',(-9.35721100374561,31.0985890048274,-34.3192852350832));
#5376=CARTESIAN_POINT('Ctrl Pts',(-7.3579633823907,31.2669690560933,-33.9690151164167));
#5377=CARTESIAN_POINT('Ctrl Pts',(-5.43541604770133,31.4353491073593,-34.6197785051286));
#5378=CARTESIAN_POINT('Ctrl Pts',(-4.05995386568063,31.6037291586252,-36.1123542564082));
#5379=CARTESIAN_POINT('Ctrl Pts',(-3.56810594935793,31.7721092098912,-38.0815595321632));
#5380=CARTESIAN_POINT('Ctrl Pts',(-4.08021405500652,31.9404892611571,-40.0455914836317));
#5381=CARTESIAN_POINT('Ctrl Pts',(-5.47097657716793,32.1088693124231,-41.5239220390439));
#5382=CARTESIAN_POINT('Ctrl Pts',(-7.40013097403689,32.2772493636891,-42.1548398191689));
#5383=CARTESIAN_POINT('Ctrl Pts',(-9.39565318107008,32.445629414955,-41.7840053894608));
#5384=CARTESIAN_POINT('Ctrl Pts',(-10.969352154609,32.614009466221,-40.5020976960451));
#5385=CARTESIAN_POINT('Ctrl Pts',(-11.7360977139208,32.7823895174869,-38.622864047477));
#5386=CARTESIAN_POINT('Ctrl Pts',(-11.5084924006292,32.9507695687529,-36.6058730482669));
#5387=CARTESIAN_POINT('Ctrl Pts',(-10.3418143325108,33.1191496200188,-34.945062800135));
#5388=CARTESIAN_POINT('Ctrl Pts',(-8.52234946176538,33.2875296712848,-34.0458647877642));
#5389=CARTESIAN_POINT('Ctrl Pts',(-6.49354542160252,33.4559097225507,-34.1301547845077));
#5390=CARTESIAN_POINT('Ctrl Pts',(-4.75529589432903,33.6242897738167,-35.1734787337192));
#5391=CARTESIAN_POINT('Ctrl Pts',(-3.72570921485072,33.7926698250827,-36.9284088294511));
#5392=CARTESIAN_POINT('Ctrl Pts',(-3.6713514879931,33.9610498763486,-38.9495473585714));
#5393=CARTESIAN_POINT('Ctrl Pts',(-4.87877832240963,34.1855566113698,-41.3825212017761));
#5394=CARTESIAN_POINT('Ctrl Pts',(-8.35329935838097,34.4661900301465,-42.6658049654725));
#5395=CARTESIAN_POINT('Ctrl Pts',(-11.920203014971,34.8029501326784,-39.9691948312184));
#5396=CARTESIAN_POINT('Ctrl Pts',(-11.5708279412421,35.1397102352103,-35.5230604294473));
#5397=CARTESIAN_POINT('Ctrl Pts',(-7.64729631652105,35.4764703377422,-33.4026657372806));
#5398=CARTESIAN_POINT('Ctrl Pts',(-3.73699499583176,35.8132304402741,-35.5715482820426));
#5399=CARTESIAN_POINT('Ctrl Pts',(-3.50288660436456,36.0938638590507,-39.2680746120744));
#5400=CARTESIAN_POINT('Ctrl Pts',(-5.23824310914629,36.318370594072,-41.357519295118));
#5401=CARTESIAN_POINT('Ctrl Pts',(-7.10816559799238,36.4867506453379,-42.1265092833956));
#5402=CARTESIAN_POINT('Ctrl Pts',(-9.12972598254892,36.6551306966039,-41.8960272167256));
#5403=CARTESIAN_POINT('Ctrl Pts',(-10.7877260595263,36.8235107478699,-40.7293773005949));
#5404=CARTESIAN_POINT('Ctrl Pts',(-11.6865851146505,36.9918907991358,-38.9086073986157));
#5405=CARTESIAN_POINT('Ctrl Pts',(-11.6014565931146,37.1602708504018,-36.8808592347282));
#5406=CARTESIAN_POINT('Ctrl Pts',(-10.5555747394181,37.3286509016677,-35.1414456717601));
#5407=CARTESIAN_POINT('Ctrl Pts',(-8.80365711456074,37.4970309529337,-34.1163400648852));
#5408=CARTESIAN_POINT('Ctrl Pts',(-6.77491463240426,37.6654110041996,-34.0561586746635));
#5409=CARTESIAN_POINT('Ctrl Pts',(-4.96543348488664,37.8337910554656,-34.9757204020826));
#5410=CARTESIAN_POINT('Ctrl Pts',(-3.81807132662757,38.0021711067315,-36.6499925217856));
#5411=CARTESIAN_POINT('Ctrl Pts',(-3.61348307541151,38.1705511579975,-38.6693581597276));
#5412=CARTESIAN_POINT('Ctrl Pts',(-4.40175745815254,38.3389312092634,-40.5397338229643));
#5413=CARTESIAN_POINT('Ctrl Pts',(-5.99001363845375,38.5073112605294,-41.8035053703554));
#5414=CARTESIAN_POINT('Ctrl Pts',(-7.98966527295084,38.6756913117954,-42.1514667640554));
#5415=CARTESIAN_POINT('Ctrl Pts',(-9.91145944156862,38.8440713630613,-41.4984845583685));
#5416=CARTESIAN_POINT('Ctrl Pts',(-11.2851980640212,39.0124514143273,-40.0043214349476));
#5417=CARTESIAN_POINT('Ctrl Pts',(-11.7747714883088,39.1808314655932,-38.0345503645551));
#5418=CARTESIAN_POINT('Ctrl Pts',(-11.2603976141031,39.3492115168591,-36.0711095126901));
#5419=CARTESIAN_POINT('Ctrl Pts',(-9.86792662494001,39.5175915681252,-34.5943884710124));
#5420=CARTESIAN_POINT('Ctrl Pts',(-7.93805056439443,39.685971619391,-33.9656923633344));
#5421=CARTESIAN_POINT('Ctrl Pts',(-5.94294669666388,39.8543516706571,-34.3388425051535));
#5422=CARTESIAN_POINT('Ctrl Pts',(-4.37075146610249,40.022731721923,-35.62254129841));
#5423=CARTESIAN_POINT('Ctrl Pts',(-3.6061294195755,40.1911117731889,-37.5027097951832));
#5424=CARTESIAN_POINT('Ctrl Pts',(-3.8361584760838,40.3594918244549,-39.5193324864427));
#5425=CARTESIAN_POINT('Ctrl Pts',(-5.00455807418753,40.5278718757208,-41.1790080044584));
#5426=CARTESIAN_POINT('Ctrl Pts',(-6.82545919113223,40.6962519269868,-42.0756682350733));
#5427=CARTESIAN_POINT('Ctrl Pts',(-8.85334710136956,40.8646319782528,-41.9899298566059));
#5428=CARTESIAN_POINT('Ctrl Pts',(-10.5920642072621,41.0330120295187,-40.9427702354405));
#5429=CARTESIAN_POINT('Ctrl Pts',(-11.6162035132782,41.2013920807847,-39.1903949536674));
#5430=CARTESIAN_POINT('Ctrl Pts',(-11.6751917528484,41.3697721320506,-37.1615527138751));
#5431=CARTESIAN_POINT('Ctrl Pts',(-10.7545964402382,41.5381521833166,-35.3526346071712));
#5432=CARTESIAN_POINT('Ctrl Pts',(-9.07965702618428,41.7065322345825,-34.2062235091781));
#5433=CARTESIAN_POINT('Ctrl Pts',(-7.06017619860951,41.8749122858485,-34.0028085799796));
#5434=CARTESIAN_POINT('Ctrl Pts',(-5.19025461836895,42.0432923371144,-34.7921587748279));
#5435=CARTESIAN_POINT('Ctrl Pts',(-3.92740070837749,42.2116723883804,-36.3811460146693));
#5436=CARTESIAN_POINT('Ctrl Pts',(-3.58059336210441,42.3800524396463,-38.3809972868716));
#5437=CARTESIAN_POINT('Ctrl Pts',(-4.23468495182301,42.5484324909123,-40.3024146383646));
#5438=CARTESIAN_POINT('Ctrl Pts',(-5.72964073874143,42.7168125421783,-41.6752903215631));
#5439=CARTESIAN_POINT('Ctrl Pts',(-7.69969411979384,42.8851925934442,-42.1637267270067));
#5440=CARTESIAN_POINT('Ctrl Pts',(-9.66283770763729,43.0535726447102,-41.6482195011914));
#5441=CARTESIAN_POINT('Ctrl Pts',(-11.1387547144851,43.2219526959761,-40.2548963386565));
#5442=CARTESIAN_POINT('Ctrl Pts',(-11.7663367017295,43.3903327472422,-38.3246576757848));
#5443=CARTESIAN_POINT('Ctrl Pts',(-11.3920349600185,43.558712798508,-36.3297695454599));
#5444=CARTESIAN_POINT('Ctrl Pts',(-10.1074288375744,43.7270928497741,-34.7583155828706));
#5445=CARTESIAN_POINT('Ctrl Pts',(-8.22681928014797,43.8954729010399,-33.9947789833058));
#5446=CARTESIAN_POINT('Ctrl Pts',(-6.21032970779741,44.063852952306,-34.2259720864904));
#5447=CARTESIAN_POINT('Ctrl Pts',(-4.55132891941983,44.2322330035718,-35.3953295299273));
#5448=CARTESIAN_POINT('Ctrl Pts',(-3.65571994449486,44.4006130548379,-37.2167479361131));
#5449=CARTESIAN_POINT('Ctrl Pts',(-3.74262889718591,44.5689931061037,-39.2445860165083));
#5450=CARTESIAN_POINT('Ctrl Pts',(-4.79079200990865,44.7373731573698,-40.9826983648581));
#5451=CARTESIAN_POINT('Ctrl Pts',(-6.54375817918962,44.9057532086356,-42.0058259501158));
#5452=CARTESIAN_POINT('Ctrl Pts',(-8.57263413163703,45.0741332599017,-42.0636430404856));
#5453=CARTESIAN_POINT('Ctrl Pts',(-10.3810205277777,45.2425133111676,-41.1420036920352));
#5454=CARTESIAN_POINT('Ctrl Pts',(-11.5264645841007,45.4108933624336,-39.466402796776));
#5455=CARTESIAN_POINT('Ctrl Pts',(-11.7287137438771,45.5792734136995,-37.4468048853775));
#5456=CARTESIAN_POINT('Ctrl Pts',(-10.9382842773559,45.7476534649655,-35.5773392652542));
#5457=CARTESIAN_POINT('Ctrl Pts',(-9.34856832594545,45.9160335162314,-34.315402800859));
#5458=CARTESIAN_POINT('Ctrl Pts',(-7.34851719406154,46.0844135674974,-33.9697499168261));
#5459=CARTESIAN_POINT('Ctrl Pts',(-5.42747773390625,46.2527936187633,-34.6249505264502));
#5460=CARTESIAN_POINT('Ctrl Pts',(-4.05546523540135,46.4211736700293,-36.1206985501131));
#5461=CARTESIAN_POINT('Ctrl Pts',(-3.56816611517035,46.5895537212952,-38.0910335505556));
#5462=CARTESIAN_POINT('Ctrl Pts',(-4.08480647011619,46.7579337725613,-40.0538792371499));
#5463=CARTESIAN_POINT('Ctrl Pts',(-5.47898136670343,46.9263138238271,-41.5289917093086));
#5464=CARTESIAN_POINT('Ctrl Pts',(-7.40958197615959,47.0946938750932,-42.1554593705377));
#5465=CARTESIAN_POINT('Ctrl Pts',(-9.40425371126013,47.263073926359,-41.7800061527563));
#5466=CARTESIAN_POINT('Ctrl Pts',(-10.9749658773124,47.431453977625,-40.4944931279175));
#5467=CARTESIAN_POINT('Ctrl Pts',(-11.7374167811133,47.5998340288909,-38.6134431405579));
#5468=CARTESIAN_POINT('Ctrl Pts',(-11.5050596989818,47.7682140801569,-36.597087349947));
#5469=CARTESIAN_POINT('Ctrl Pts',(-10.3347448178362,47.9365941314229,-34.9387618629707));
#5470=CARTESIAN_POINT('Ctrl Pts',(-8.51280969304389,48.1049741826888,-34.044204403166));
#5471=CARTESIAN_POINT('Ctrl Pts',(-6.4850221922106,48.2733542339548,-34.132283981038));
#5472=CARTESIAN_POINT('Ctrl Pts',(-4.74751502916517,48.4417342852208,-35.1814500724213));
#5473=CARTESIAN_POINT('Ctrl Pts',(-3.72539981544549,48.6101143364867,-36.9350068800956));
#5474=CARTESIAN_POINT('Ctrl Pts',(-3.66875325926467,48.7784943877526,-38.9639151833857));
#5475=CARTESIAN_POINT('Ctrl Pts',(-4.59143763484541,48.9468744390186,-40.7717706702014));
#5476=CARTESIAN_POINT('Ctrl Pts',(-6.26769679509455,49.1152544902845,-41.9162444294763));
#5477=CARTESIAN_POINT('Ctrl Pts',(-8.28741655822637,49.2836345415505,-42.1173336351065));
#5478=CARTESIAN_POINT('Ctrl Pts',(-10.1564144574643,49.4520145928165,-41.3258131180355));
#5479=CARTESIAN_POINT('Ctrl Pts',(-11.4174558564636,49.6203946440825,-39.7353936390894));
#5480=CARTESIAN_POINT('Ctrl Pts',(-11.7619074790472,49.7887746953484,-37.735092837063));
#5481=CARTESIAN_POINT('Ctrl Pts',(-11.1056938601199,49.9571547466144,-35.8145361644758));
#5482=CARTESIAN_POINT('Ctrl Pts',(-9.60895563183667,50.1255347978803,-34.4431738857036));
#5483=CARTESIAN_POINT('Ctrl Pts',(-8.29552559719484,50.2377881653909,-34.1195504208244));
#5484=CARTESIAN_POINT('Ctrl Pts',(-7.63982126785904,50.2939148491463,-34.1248204511571));
#5485=CARTESIAN_POINT('Ctrl Pts',(-11.6190503254927,20.0883086972316,-39.8474433271224));
#5486=CARTESIAN_POINT('Ctrl Pts',(-11.9167827887165,20.144435380987,-39.1897405437992));
#5487=CARTESIAN_POINT('Ctrl Pts',(-12.1767694370008,20.2566887484976,-37.7232717478157));
#5488=CARTESIAN_POINT('Ctrl Pts',(-11.4638192714545,20.4250687997636,-35.6050141174476));
#5489=CARTESIAN_POINT('Ctrl Pts',(-9.8231797192521,20.5934488510295,-34.0879288584318));
#5490=CARTESIAN_POINT('Ctrl Pts',(-7.65599587108052,20.7618289022954,-33.5425815830398));
#5491=CARTESIAN_POINT('Ctrl Pts',(-5.49263598956267,20.9302089535614,-34.1026997410974));
#5492=CARTESIAN_POINT('Ctrl Pts',(-3.86234035547832,21.0985890048274,-35.6310951317032));
#5493=CARTESIAN_POINT('Ctrl Pts',(-3.1640194932201,21.2669690560933,-37.7538907334962));
#5494=CARTESIAN_POINT('Ctrl Pts',(-3.56851459497711,21.4353491073593,-39.951673393731));
#5495=CARTESIAN_POINT('Ctrl Pts',(-4.97686631490307,21.6037291586252,-41.6867348261602));
#5496=CARTESIAN_POINT('Ctrl Pts',(-7.04449364304237,21.7721092098912,-42.5345541641156));
#5497=CARTESIAN_POINT('Ctrl Pts',(-9.26551779879414,21.9404892611571,-42.2877019006524));
#5498=CARTESIAN_POINT('Ctrl Pts',(-11.0965262313131,22.1088693124231,-41.0065727013222));
#5499=CARTESIAN_POINT('Ctrl Pts',(-12.0895317046632,22.277249363689,-39.0046177898742));
#5500=CARTESIAN_POINT('Ctrl Pts',(-12.0015781751403,22.445629414955,-36.7716493384873));
#5501=CARTESIAN_POINT('Ctrl Pts',(-10.8541850835498,22.6140094662209,-34.8540016517079));
#5502=CARTESIAN_POINT('Ctrl Pts',(-8.92808180293046,22.7823895174869,-33.7208600511992));
#5503=CARTESIAN_POINT('Ctrl Pts',(-6.69452259764899,22.9507695687529,-33.6494671416965));
#5504=CARTESIAN_POINT('Ctrl Pts',(-4.69998606798215,23.1191496200188,-34.6572903974939));
#5505=CARTESIAN_POINT('Ctrl Pts',(-3.43246982964992,23.2875296712848,-36.4977485669282));
#5506=CARTESIAN_POINT('Ctrl Pts',(-3.20209349203585,23.4559097225507,-38.7205419500313));
#5507=CARTESIAN_POINT('Ctrl Pts',(-4.06522258326854,23.6242897738167,-40.781825981311));
#5508=CARTESIAN_POINT('Ctrl Pts',(-5.81067774977907,23.7926698250826,-42.1772721267983));
#5509=CARTESIAN_POINT('Ctrl Pts',(-8.01140341429756,23.9610498763486,-42.5654605266261));
#5510=CARTESIAN_POINT('Ctrl Pts',(-10.1289542543134,24.1294299276146,-41.851414222851));
#5511=CARTESIAN_POINT('Ctrl Pts',(-11.6452350965553,24.2978099788805,-40.2098369047167));
#5512=CARTESIAN_POINT('Ctrl Pts',(-12.1892617969637,24.4661900301465,-38.0423686504429));
#5513=CARTESIAN_POINT('Ctrl Pts',(-11.6279288818522,24.6345700814124,-35.879317785948));
#5514=CARTESIAN_POINT('Ctrl Pts',(-10.0985760875077,24.8029501326784,-34.2499118468264));
#5515=CARTESIAN_POINT('Ctrl Pts',(-7.97538583549617,24.9713301839443,-33.552812974526));
#5516=CARTESIAN_POINT('Ctrl Pts',(-5.77783307814246,25.1397102352103,-33.9585783779932));
#5517=CARTESIAN_POINT('Ctrl Pts',(-4.04358683158085,25.3080902864762,-35.3679305838986));
#5518=CARTESIAN_POINT('Ctrl Pts',(-3.19696021867042,25.4764703377422,-37.4360473751641));
#5519=CARTESIAN_POINT('Ctrl Pts',(-3.44509497763476,25.6448503890082,-39.6569284672978));
#5520=CARTESIAN_POINT('Ctrl Pts',(-4.72728067898607,25.8132304402741,-41.487197166493));
#5521=CARTESIAN_POINT('Ctrl Pts',(-6.72980857455501,25.9816104915401,-42.4790468080573));
#5522=CARTESIAN_POINT('Ctrl Pts',(-8.96272582940422,26.149990542806,-42.3898043461916));
#5523=CARTESIAN_POINT('Ctrl Pts',(-10.8797108958466,26.318370594072,-41.2413044815681));
#5524=CARTESIAN_POINT('Ctrl Pts',(-12.0117404609413,26.4867506453379,-39.3145474268893));
#5525=CARTESIAN_POINT('Ctrl Pts',(-12.0818440535762,26.6551306966039,-37.0809473798121));
#5526=CARTESIAN_POINT('Ctrl Pts',(-11.0728696260686,26.8235107478699,-35.0869929448666));
#5527=CARTESIAN_POINT('Ctrl Pts',(-9.23168009714762,26.9918907991358,-33.8205393126342));
#5528=CARTESIAN_POINT('Ctrl Pts',(-7.00875410001874,27.1602708504018,-33.5914461104398));
#5529=CARTESIAN_POINT('Ctrl Pts',(-4.94796864960852,27.3286509016677,-34.4557649239459));
#5530=CARTESIAN_POINT('Ctrl Pts',(-3.55353029198323,27.4970309529337,-36.2020253142619));
#5531=CARTESIAN_POINT('Ctrl Pts',(-3.16661231515331,27.6654110041996,-38.4029746919644));
#5532=CARTESIAN_POINT('Ctrl Pts',(-3.88188084589555,27.8337910554656,-40.5201129994288));
#5533=CARTESIAN_POINT('Ctrl Pts',(-5.52433315633091,28.0021711067315,-42.0354459964788));
#5534=CARTESIAN_POINT('Ctrl Pts',(-7.69211508626103,28.1705511579975,-42.5782214456945));
#5535=CARTESIAN_POINT('Ctrl Pts',(-9.85484156367541,28.3389312092634,-42.01564001346));
#5536=CARTESIAN_POINT('Ctrl Pts',(-11.4833644198271,28.5073112605294,-40.4853469072245));
#5537=CARTESIAN_POINT('Ctrl Pts',(-12.1792375746922,28.6756913117954,-38.3617546119978));
#5538=CARTESIAN_POINT('Ctrl Pts',(-11.7722037121329,28.8440713630613,-36.1644364468869));
#5539=CARTESIAN_POINT('Ctrl Pts',(-10.3618506557859,29.0124514143273,-34.4310040309965));
#5540=CARTESIAN_POINT('Ctrl Pts',(-8.29324549795904,29.1808314655932,-33.5855713695551));
#5541=CARTESIAN_POINT('Ctrl Pts',(-6.0725080104411,29.3492115168592,-33.8349880800234));
#5542=CARTESIAN_POINT('Ctrl Pts',(-4.2429797516392,29.5175915681251,-35.1182300815364));
#5543=CARTESIAN_POINT('Ctrl Pts',(-3.2522862249211,29.6859716193911,-37.1213301838084));
#5544=CARTESIAN_POINT('Ctrl Pts',(-3.34281761246755,29.854351670657,-39.3541955520016));
#5545=CARTESIAN_POINT('Ctrl Pts',(-4.49242385635895,30.022731721923,-41.270517332787));
#5546=CARTESIAN_POINT('Ctrl Pts',(-6.41983404807607,30.1911117731889,-42.4014344986836));
#5547=CARTESIAN_POINT('Ctrl Pts',(-8.65347419108639,30.3594918244549,-42.4702487436172));
#5548=CARTESIAN_POINT('Ctrl Pts',(-10.6468458659607,30.5278718757208,-41.4601234861314));
#5549=CARTESIAN_POINT('Ctrl Pts',(-11.9122364740803,30.6962519269868,-39.6182032046837));
#5550=CARTESIAN_POINT('Ctrl Pts',(-12.140046455356,30.8646319782528,-37.3951453453042));
#5551=CARTESIAN_POINT('Ctrl Pts',(-11.2745382268253,31.0330120295187,-35.3348591409209));
#5552=CARTESIAN_POINT('Ctrl Pts',(-9.52747315493764,31.2013920807847,-33.9414290792996));
#5553=CARTESIAN_POINT('Ctrl Pts',(-7.3263008786992,31.3697721320506,-33.555781565621));
#5554=CARTESIAN_POINT('Ctrl Pts',(-5.20957564282952,31.5381521833166,-34.2722722665842));
#5555=CARTESIAN_POINT('Ctrl Pts',(-3.69519133658405,31.7065322345825,-35.9155986503744));
#5556=CARTESIAN_POINT('Ctrl Pts',(-3.15366662200092,31.8749122858485,-38.0836942944132));
#5557=CARTESIAN_POINT('Ctrl Pts',(-3.71749781156948,32.0432923371145,-40.2460941067432));
#5558=CARTESIAN_POINT('Ctrl Pts',(-5.24872779724701,32.2116723883804,-41.8737365252867));
#5559=CARTESIAN_POINT('Ctrl Pts',(-7.37272741070841,32.3800524396463,-42.5683772047919));
#5560=CARTESIAN_POINT('Ctrl Pts',(-9.56979800457652,32.5484324909123,-42.1600883780206));
#5561=CARTESIAN_POINT('Ctrl Pts',(-11.3024410822515,32.7168125421783,-40.748707593918));
#5562=CARTESIAN_POINT('Ctrl Pts',(-12.1466281904709,32.8851925934443,-38.6796707404443));
#5563=CARTESIAN_POINT('Ctrl Pts',(-11.8960346670921,33.0535726447102,-36.458962999462));
#5564=CARTESIAN_POINT('Ctrl Pts',(-10.6115217376245,33.2219526959762,-34.6304103803505));
#5565=CARTESIAN_POINT('Ctrl Pts',(-8.60829032782033,33.3903327472421,-33.6403930785729));
#5566=CARTESIAN_POINT('Ctrl Pts',(-6.37457642493693,33.5587127985081,-33.7331963921865));
#5567=CARTESIAN_POINT('Ctrl Pts',(-4.4607631345022,33.727092849774,-34.881896396933));
#5568=CARTESIAN_POINT('Ctrl Pts',(-3.32718786816467,33.89547290104,-36.814074998623));
#5569=CARTESIAN_POINT('Ctrl Pts',(-3.267339993354,34.0638529523059,-39.039349171375));
#5570=CARTESIAN_POINT('Ctrl Pts',(-4.59671732766479,34.2883596873272,-41.7180541578269));
#5571=CARTESIAN_POINT('Ctrl Pts',(-8.42216610944414,34.5689931061037,-43.1309499957528));
#5572=CARTESIAN_POINT('Ctrl Pts',(-12.3493281863351,34.9057532086357,-40.1619813677841));
#5573=CARTESIAN_POINT('Ctrl Pts',(-11.9646661174216,35.2425133111675,-35.2667859567345));
#5574=CARTESIAN_POINT('Ctrl Pts',(-7.64485653254002,35.5792734136996,-32.9322307164399));
#5575=CARTESIAN_POINT('Ctrl Pts',(-3.33961351666657,35.9160335162314,-35.320171098088));
#5576=CARTESIAN_POINT('Ctrl Pts',(-3.08186010211793,36.1966669350081,-39.3900477802658));
#5577=CARTESIAN_POINT('Ctrl Pts',(-4.99248817385566,36.4211736700293,-41.6905270505286));
#5578=CARTESIAN_POINT('Ctrl Pts',(-7.05127343747063,36.5895537212953,-42.5371852757636));
#5579=CARTESIAN_POINT('Ctrl Pts',(-9.27701207319407,36.7579337725612,-42.2834244459869));
#5580=CARTESIAN_POINT('Ctrl Pts',(-11.1024706929575,36.9263138238272,-40.9989425118669));
#5581=CARTESIAN_POINT('Ctrl Pts',(-12.0921148026973,37.0946938750931,-38.9942742622532));
#5582=CARTESIAN_POINT('Ctrl Pts',(-11.9983882730167,37.2630739263591,-36.7617228794896));
#5583=CARTESIAN_POINT('Ctrl Pts',(-10.8468720146068,37.431453977625,-34.8466279853796));
#5584=CARTESIAN_POINT('Ctrl Pts',(-8.9180101443217,37.599834028891,-33.7179863814243));
#5585=CARTESIAN_POINT('Ctrl Pts',(-6.6843640168232,37.7682140801569,-33.6517266513706));
#5586=CARTESIAN_POINT('Ctrl Pts',(-4.69212468951433,37.9365941314229,-34.6641644099875));
#5587=CARTESIAN_POINT('Ctrl Pts',(-3.42887858303483,38.1049741826888,-36.5075385540426));
#5588=CARTESIAN_POINT('Ctrl Pts',(-3.20362685242842,38.2733542339548,-38.7308607730352));
#5589=CARTESIAN_POINT('Ctrl Pts',(-4.07151720219039,38.4417342852207,-40.7901449818005));
#5590=CARTESIAN_POINT('Ctrl Pts',(-5.82018776920804,38.6101143364867,-42.1815578632779));
#5591=CARTESIAN_POINT('Ctrl Pts',(-8.02180486404638,38.7784943877527,-42.5646634700235));
#5592=CARTESIAN_POINT('Ctrl Pts',(-10.1377008638282,38.9468744390186,-41.8457298508549));
#5593=CARTESIAN_POINT('Ctrl Pts',(-11.650187530433,39.1152544902846,-40.2006557698248));
#5594=CARTESIAN_POINT('Ctrl Pts',(-12.1892080285515,39.2836345415505,-38.0319371857076));
#5595=CARTESIAN_POINT('Ctrl Pts',(-11.6228822270705,39.4520145928165,-35.8701881742318));
#5596=CARTESIAN_POINT('Ctrl Pts',(-10.0897712186728,39.6203946440824,-34.2443178308293));
#5597=CARTESIAN_POINT('Ctrl Pts',(-7.96497705327058,39.7887746953484,-33.5521232134052));
#5598=CARTESIAN_POINT('Ctrl Pts',(-5.76836705110967,39.9571547466144,-33.9629616399578));
#5599=CARTESIAN_POINT('Ctrl Pts',(-4.03737959493816,40.1255347978803,-35.3763144255632));
#5600=CARTESIAN_POINT('Ctrl Pts',(-3.19553047498007,40.2939148491463,-37.4463805472122));
#5601=CARTESIAN_POINT('Ctrl Pts',(-3.44879254042255,40.4622949004122,-39.6666827810223));
#5602=CARTESIAN_POINT('Ctrl Pts',(-4.73520087495946,40.6306749516782,-41.4939860619095));
#5603=CARTESIAN_POINT('Ctrl Pts',(-6.74001359229258,40.7990550029441,-42.4812092651552));
#5604=CARTESIAN_POINT('Ctrl Pts',(-8.97271883583234,40.9674350542101,-42.386811282796));
#5605=CARTESIAN_POINT('Ctrl Pts',(-10.8870469304776,41.135815105476,-41.2338882019906));
#5606=CARTESIAN_POINT('Ctrl Pts',(-12.0146246368754,41.304195156742,-39.3045224512936));
#5607=CARTESIAN_POINT('Ctrl Pts',(-12.0795707076768,41.4725752080079,-37.0707664906059));
#5608=CARTESIAN_POINT('Ctrl Pts',(-11.0659949714309,41.6409552592739,-35.0791470714146));
#5609=CARTESIAN_POINT('Ctrl Pts',(-9.22188613608019,41.8093353105398,-33.8169480825948));
#5610=CARTESIAN_POINT('Ctrl Pts',(-6.99843709326472,41.9777153618058,-33.5929881799083));
#5611=CARTESIAN_POINT('Ctrl Pts',(-4.93965283002471,42.1460954130717,-34.4620629991476));
#5612=CARTESIAN_POINT('Ctrl Pts',(-3.54925026762041,42.3144754643377,-36.2115384629549));
#5613=CARTESIAN_POINT('Ctrl Pts',(-3.1674152674643,42.4828555156037,-38.4133753589712));
#5614=CARTESIAN_POINT('Ctrl Pts',(-3.88757031880982,42.6512355668697,-40.5288564829769));
#5615=CARTESIAN_POINT('Ctrl Pts',(-5.53351712260642,42.8196156181355,-42.0403930531845));
#5616=CARTESIAN_POINT('Ctrl Pts',(-7.70254653085127,42.9879956694016,-42.578161693189));
#5617=CARTESIAN_POINT('Ctrl Pts',(-9.86396825454338,43.1563757206675,-42.01058807122));
#5618=CARTESIAN_POINT('Ctrl Pts',(-11.4889533553387,43.3247557719335,-40.476538819665));
#5619=CARTESIAN_POINT('Ctrl Pts',(-12.1799213258059,43.4931358231994,-38.3513454289846));
#5620=CARTESIAN_POINT('Ctrl Pts',(-11.7678149874007,43.6615158744654,-36.154972953777));
#5621=CARTESIAN_POINT('Ctrl Pts',(-10.353463232067,43.8298959257313,-34.424801633882));
#5622=CARTESIAN_POINT('Ctrl Pts',(-8.28291150249648,43.9982759769973,-33.5841475913795));
#5623=CARTESIAN_POINT('Ctrl Pts',(-6.06275583264811,44.1666560282632,-33.8386912725882));
#5624=CARTESIAN_POINT('Ctrl Pts',(-4.23619542931014,44.3350360795292,-35.126154195146));
#5625=CARTESIAN_POINT('Ctrl Pts',(-3.25012965891839,44.5034161307951,-37.1315364481005));
#5626=CARTESIAN_POINT('Ctrl Pts',(-3.34581644387541,44.6717961820611,-39.364186828968));
#5627=CARTESIAN_POINT('Ctrl Pts',(-4.49984436920938,44.8401762333271,-41.2778490853634));
#5628=CARTESIAN_POINT('Ctrl Pts',(-6.42986068724314,45.0085562845929,-42.4043128868799));
#5629=CARTESIAN_POINT('Ctrl Pts',(-8.66365376557504,45.176936335859,-42.4679695220338));
#5630=CARTESIAN_POINT('Ctrl Pts',(-10.6546877712647,45.3453163871249,-41.4532443019909));
#5631=CARTESIAN_POINT('Ctrl Pts',(-11.9158220468936,45.5136964383909,-39.6084071756197));
#5632=CARTESIAN_POINT('Ctrl Pts',(-12.1384984370701,45.6820764896568,-37.3848292234765));
#5633=CARTESIAN_POINT('Ctrl Pts',(-11.2682353393708,45.8504565409228,-35.3265469724728));
#5634=CARTESIAN_POINT('Ctrl Pts',(-9.51795756389081,46.0188365921888,-33.9371545179659));
#5635=CARTESIAN_POINT('Ctrl Pts',(-7.31590062230064,46.1872166434546,-33.5565905811088));
#5636=CARTESIAN_POINT('Ctrl Pts',(-5.20083555677955,46.3555966947207,-34.2779666637282));
#5637=CARTESIAN_POINT('Ctrl Pts',(-3.69024935319815,46.5239767459866,-35.9247857204361));
#5638=CARTESIAN_POINT('Ctrl Pts',(-3.15373286457982,46.6923567972526,-38.0941251917203));
#5639=CARTESIAN_POINT('Ctrl Pts',(-3.72255406208713,46.8607368485185,-40.255218926041));
#5640=CARTESIAN_POINT('Ctrl Pts',(-5.25754107310862,47.0291168997845,-41.879318233884));
#5641=CARTESIAN_POINT('Ctrl Pts',(-7.38313296709519,47.1974969510504,-42.5690593310488));
#5642=CARTESIAN_POINT('Ctrl Pts',(-9.57926719109103,47.3658770023164,-42.1556852171185));
#5643=CARTESIAN_POINT('Ctrl Pts',(-11.3086217927594,47.5342570535823,-40.7403349619555));
#5644=CARTESIAN_POINT('Ctrl Pts',(-12.1480804838756,47.7026371048483,-38.6692983188866));
#5645=CARTESIAN_POINT('Ctrl Pts',(-11.8922552614707,47.8710171561142,-36.4492899427767));
#5646=CARTESIAN_POINT('Ctrl Pts',(-10.6037381996866,48.0393972073802,-34.6234730464995));
#5647=CARTESIAN_POINT('Ctrl Pts',(-8.59778703937962,48.2077772586462,-33.6385649945945));
#5648=CARTESIAN_POINT('Ctrl Pts',(-6.36519234662611,48.3761573099121,-33.7355406382534));
#5649=CARTESIAN_POINT('Ctrl Pts',(-4.45219639944603,48.5445373611781,-34.8906728434163));
#5650=CARTESIAN_POINT('Ctrl Pts',(-3.32684721931967,48.712917412444,-36.8213394545117));
#5651=CARTESIAN_POINT('Ctrl Pts',(-3.26447934268558,48.88129746371,-39.0551681511319));
#5652=CARTESIAN_POINT('Ctrl Pts',(-4.28035513793614,49.0496775149759,-41.0456176254832));
#5653=CARTESIAN_POINT('Ctrl Pts',(-6.12591701427367,49.2180575662419,-42.3056836037493));
#5654=CARTESIAN_POINT('Ctrl Pts',(-8.34962912521454,49.3864376175078,-42.5270828840365));
#5655=CARTESIAN_POINT('Ctrl Pts',(-10.4073964153726,49.5548176687738,-41.6556185393298));
#5656=CARTESIAN_POINT('Ctrl Pts',(-11.7958034025896,49.7231977200397,-39.904566179806));
#5657=CARTESIAN_POINT('Ctrl Pts',(-12.1750447502035,49.8915777713057,-37.7022343513085));
#5658=CARTESIAN_POINT('Ctrl Pts',(-11.4525533440144,50.0599578225717,-35.5877008350555));
#5659=CARTESIAN_POINT('Ctrl Pts',(-9.80464407170004,50.2283378738376,-34.0778305236097));
#5660=CARTESIAN_POINT('Ctrl Pts',(-8.35855717973557,50.3405912413482,-33.7215209843494));
#5661=CARTESIAN_POINT('Ctrl Pts',(-7.63662650155107,50.3967179251036,-33.7273232894462));
#5662=CARTESIAN_POINT('Ctrl Pts',(-11.9811834187667,20.1911117731889,-40.0113756999345));
#5663=CARTESIAN_POINT('Ctrl Pts',(-12.3062283852112,20.2472384569443,-39.2933385170861));
#5664=CARTESIAN_POINT('Ctrl Pts',(-12.5900649223914,20.3594918244549,-37.6923431287395));
#5665=CARTESIAN_POINT('Ctrl Pts',(-11.8117122357971,20.5278718757209,-35.379767022901));
#5666=CARTESIAN_POINT('Ctrl Pts',(-10.0205685277215,20.6962519269868,-33.7235118676155));
#5667=CARTESIAN_POINT('Ctrl Pts',(-7.65457795490816,20.8646319782528,-33.1281371311456));
#5668=CARTESIAN_POINT('Ctrl Pts',(-5.29276214053125,21.0330120295187,-33.7396377579817));
#5669=CARTESIAN_POINT('Ctrl Pts',(-3.51291125044795,21.2013920807847,-35.4082405803751));
#5670=CARTESIAN_POINT('Ctrl Pts',(-2.75052988705056,21.3697721320506,-37.7257709486867));
#5671=CARTESIAN_POINT('Ctrl Pts',(-3.19213136830636,21.5381521833166,-40.1251673172021));
#5672=CARTESIAN_POINT('Ctrl Pts',(-4.72967830755729,21.7065322345825,-42.0193947016683));
#5673=CARTESIAN_POINT('Ctrl Pts',(-6.98697953772108,21.8749122858485,-42.9449887913178));
#5674=CARTESIAN_POINT('Ctrl Pts',(-9.41174946157083,22.0432923371144,-42.6754915224431));
#5675=CARTESIAN_POINT('Ctrl Pts',(-11.4107255492417,22.2116723883804,-41.2768378684264));
#5676=CARTESIAN_POINT('Ctrl Pts',(-12.4948244320756,22.3800524396464,-39.0912335175636));
#5677=CARTESIAN_POINT('Ctrl Pts',(-12.398802480882,22.5484324909123,-36.6534235874886));
#5678=CARTESIAN_POINT('Ctrl Pts',(-11.1461532235037,22.7168125421783,-34.559860388997));
#5679=CARTESIAN_POINT('Ctrl Pts',(-9.04335875682523,22.8851925934442,-33.3227699839867));
#5680=CARTESIAN_POINT('Ctrl Pts',(-6.60490388001589,23.0535726447102,-33.2448278421644));
#5681=CARTESIAN_POINT('Ctrl Pts',(-4.42739843657831,23.2219526959761,-34.3451038175001));
#5682=CARTESIAN_POINT('Ctrl Pts',(-3.04360652925486,23.3903327472421,-36.3543965142008));
#5683=CARTESIAN_POINT('Ctrl Pts',(-2.79209660615625,23.5587127985081,-38.7810979655663));
#5684=CARTESIAN_POINT('Ctrl Pts',(-3.73440489010752,23.727092849774,-41.0314739961985));
#5685=CARTESIAN_POINT('Ctrl Pts',(-5.63997947839935,23.89547290104,-42.5549314674588));
#5686=CARTESIAN_POINT('Ctrl Pts',(-8.04258882785167,24.0638529523059,-42.9787303506236));
#5687=CARTESIAN_POINT('Ctrl Pts',(-10.3543933058877,24.2322330035719,-42.1991809715023));
#5688=CARTESIAN_POINT('Ctrl Pts',(-12.009770251184,24.4006130548378,-40.4070134714875));
#5689=CARTESIAN_POINT('Ctrl Pts',(-12.6037032696545,24.5689931061038,-38.0407124025632));
#5690=CARTESIAN_POINT('Ctrl Pts',(-11.9908764499622,24.7373731573697,-35.6792339529022));
#5691=CARTESIAN_POINT('Ctrl Pts',(-10.3212283963476,24.9057532086357,-33.9003543739959));
#5692=CARTESIAN_POINT('Ctrl Pts',(-8.0032671745589,25.0741332599017,-33.1393070998696));
#5693=CARTESIAN_POINT('Ctrl Pts',(-5.60412179907749,25.2425133111676,-33.58229541403));
#5694=CARTESIAN_POINT('Ctrl Pts',(-3.7107843815974,25.4108933624335,-35.1209346188944));
#5695=CARTESIAN_POINT('Ctrl Pts',(-2.78649243168785,25.5792734136995,-37.3787702131102));
#5696=CARTESIAN_POINT('Ctrl Pts',(-3.05738984585612,25.7476534649654,-39.8033839493933));
#5697=CARTESIAN_POINT('Ctrl Pts',(-4.45719692016256,25.9160335162314,-41.801552444265));
#5698=CARTESIAN_POINT('Ctrl Pts',(-6.64342681787483,26.0844135674974,-42.8843894650232));
#5699=CARTESIAN_POINT('Ctrl Pts',(-9.08118085489514,26.2527936187634,-42.7869603412103));
#5700=CARTESIAN_POINT('Ctrl Pts',(-11.1740206475381,26.4211736700293,-41.5331027809164));
#5701=CARTESIAN_POINT('Ctrl Pts',(-12.409897004507,26.5895537212952,-39.4295945661806));
#5702=CARTESIAN_POINT('Ctrl Pts',(-12.4864315539106,26.7579337725612,-36.9910951009514));
#5703=CARTESIAN_POINT('Ctrl Pts',(-11.3848988040672,26.9263138238271,-34.8142251507251));
#5704=CARTESIAN_POINT('Ctrl Pts',(-9.37480765657873,27.0946938750931,-33.431593327728));
#5705=CARTESIAN_POINT('Ctrl Pts',(-6.9479614258328,27.2630739263591,-33.1814842485445));
#5706=CARTESIAN_POINT('Ctrl Pts',(-4.6981297134125,27.431453977625,-34.1250913940047));
#5707=CARTESIAN_POINT('Ctrl Pts',(-3.17577247948687,27.599834028891,-36.0315450733504));
#5708=CARTESIAN_POINT('Ctrl Pts',(-2.75336056164059,27.7682140801569,-38.4343986583273));
#5709=CARTESIAN_POINT('Ctrl Pts',(-3.53424428878444,27.9365941314229,-40.7457527601166));
#5710=CARTESIAN_POINT('Ctrl Pts',(-5.3273670485651,28.1049741826888,-42.4000949095923));
#5711=CARTESIAN_POINT('Ctrl Pts',(-7.69401056819866,28.2733542339548,-42.992661893276));
#5712=CARTESIAN_POINT('Ctrl Pts',(-10.0551348731133,28.4417342852207,-42.3784720236765));
#5713=CARTESIAN_POINT('Ctrl Pts',(-11.8330503593868,28.6101143364867,-40.7077973986099));
#5714=CARTESIAN_POINT('Ctrl Pts',(-12.5927594748241,28.7784943877527,-38.3893972521505));
#5715=CARTESIAN_POINT('Ctrl Pts',(-12.1483863394099,28.9468744390186,-35.9905079892437));
#5716=CARTESIAN_POINT('Ctrl Pts',(-10.6086544710359,29.1152544902846,-34.0980590592344));
#5717=CARTESIAN_POINT('Ctrl Pts',(-8.35028570992649,29.2836345415505,-33.1750705879948));
#5718=CARTESIAN_POINT('Ctrl Pts',(-5.92582875183612,29.4520145928165,-33.447367553556));
#5719=CARTESIAN_POINT('Ctrl Pts',(-3.92846862169628,29.6203946440824,-34.8483278277751));
#5720=CARTESIAN_POINT('Ctrl Pts',(-2.84689377204066,29.7887746953484,-37.0351824236026));
#5721=CARTESIAN_POINT('Ctrl Pts',(-2.94573006119965,29.9571547466143,-39.4728798141416));
#5722=CARTESIAN_POINT('Ctrl Pts',(-4.20079549452188,30.1255347978803,-41.5649954745831));
#5723=CARTESIAN_POINT('Ctrl Pts',(-6.30501676185663,30.2939148491463,-42.7996573863545));
#5724=CARTESIAN_POINT('Ctrl Pts',(-8.74356000122167,30.4622949004122,-42.8747843096776));
#5725=CARTESIAN_POINT('Ctrl Pts',(-10.9197937318508,30.6306749516782,-41.7719951584071));
#5726=CARTESIAN_POINT('Ctrl Pts',(-12.301265014162,30.7990550029441,-39.7611062227704));
#5727=CARTESIAN_POINT('Ctrl Pts',(-12.5499731560881,30.9674350542101,-37.3341160333833));
#5728=CARTESIAN_POINT('Ctrl Pts',(-11.6050674845533,31.135815105476,-35.0848293653506));
#5729=CARTESIAN_POINT('Ctrl Pts',(-9.69773530612967,31.304195156742,-33.5635729235161));
#5730=CARTESIAN_POINT('Ctrl Pts',(-7.29463837500769,31.472575208008,-33.1425480148253));
#5731=CARTESIAN_POINT('Ctrl Pts',(-4.98373523795769,31.6409552592739,-33.9247660280398));
#5732=CARTESIAN_POINT('Ctrl Pts',(-3.33042880748747,31.8093353105399,-35.7188430443406));
#5733=CARTESIAN_POINT('Ctrl Pts',(-2.73922729464392,31.9777153618058,-38.0858290566632));
#5734=CARTESIAN_POINT('Ctrl Pts',(-3.35478156813244,32.1460954130718,-40.4465967298546));
#5735=CARTESIAN_POINT('Ctrl Pts',(-5.0264790173261,32.3144754643377,-42.2235510115294));
#5736=CARTESIAN_POINT('Ctrl Pts',(-7.34532384737994,32.4828555156037,-42.9819145904148));
#5737=CARTESIAN_POINT('Ctrl Pts',(-9.74394282808295,32.6512355668696,-42.5361713665805));
#5738=CARTESIAN_POINT('Ctrl Pts',(-11.635530009894,32.8196156181356,-40.9953174917908));
#5739=CARTESIAN_POINT('Ctrl Pts',(-12.557158667021,32.9879956694016,-38.7364774334118));
#5740=CARTESIAN_POINT('Ctrl Pts',(-12.283576933555,33.1563757206675,-36.3120529506569));
#5741=CARTESIAN_POINT('Ctrl Pts',(-10.8812291427383,33.3247557719334,-34.3157579605661));
#5742=CARTESIAN_POINT('Ctrl Pts',(-8.69423119387529,33.4931358231994,-33.2349213693815));
#5743=CARTESIAN_POINT('Ctrl Pts',(-6.25560742827132,33.6615158744653,-33.3362379998652));
#5744=CARTESIAN_POINT('Ctrl Pts',(-4.16623037467539,33.8298959257313,-34.5903140601469));
#5745=CARTESIAN_POINT('Ctrl Pts',(-2.92866652147862,33.9982759769973,-36.699741167795));
#5746=CARTESIAN_POINT('Ctrl Pts',(-2.8633284987149,34.1666560282632,-39.1291509841786));
#5747=CARTESIAN_POINT('Ctrl Pts',(-4.31465633291995,34.3911627632845,-42.0535871138778));
#5748=CARTESIAN_POINT('Ctrl Pts',(-8.4910328605073,34.6717961820611,-43.596095026033));
#5749=CARTESIAN_POINT('Ctrl Pts',(-12.7784533576993,35.008556284593,-40.3547679043498));
#5750=CARTESIAN_POINT('Ctrl Pts',(-12.3585042936012,35.3453163871249,-35.0105114840216));
#5751=CARTESIAN_POINT('Ctrl Pts',(-7.64241674855902,35.6820764896568,-32.4617956955992));
#5752=CARTESIAN_POINT('Ctrl Pts',(-2.94223203750135,36.0188365921887,-35.0687939141335));
#5753=CARTESIAN_POINT('Ctrl Pts',(-2.6608335998713,36.2994700109654,-39.5120209484571));
#5754=CARTESIAN_POINT('Ctrl Pts',(-4.74673323856502,36.5239767459866,-42.0235348059393));
#5755=CARTESIAN_POINT('Ctrl Pts',(-6.99438127694889,36.6923567972526,-42.9478612681317));
#5756=CARTESIAN_POINT('Ctrl Pts',(-9.42429816383922,36.8607368485185,-42.6708216752482));
#5757=CARTESIAN_POINT('Ctrl Pts',(-11.4172153263887,37.0291168997845,-41.2685077231389));
#5758=CARTESIAN_POINT('Ctrl Pts',(-12.4976444907442,37.1974969510504,-39.0799411258906));
#5759=CARTESIAN_POINT('Ctrl Pts',(-12.3953199529188,37.3658770023164,-36.6425865242511));
#5760=CARTESIAN_POINT('Ctrl Pts',(-11.1381692897954,37.5342570535823,-34.551810298999));
#5761=CARTESIAN_POINT('Ctrl Pts',(-9.03236317408266,37.7026371048483,-33.3196326979634));
#5762=CARTESIAN_POINT('Ctrl Pts',(-6.59381340124213,37.8710171561142,-33.2472946280777));
#5763=CARTESIAN_POINT('Ctrl Pts',(-4.41881589414202,38.0393972073802,-34.3526084178925));
#5764=CARTESIAN_POINT('Ctrl Pts',(-3.03968583944209,38.2077772586461,-36.3650845862995));
#5765=CARTESIAN_POINT('Ctrl Pts',(-2.79377062944533,38.3761573099121,-38.7923633863429));
#5766=CARTESIAN_POINT('Ctrl Pts',(-3.74127694622824,38.5445373611781,-41.0405561406367));
#5767=CARTESIAN_POINT('Ctrl Pts',(-5.65036189996232,38.712917412444,-42.5596103562005));
#5768=CARTESIAN_POINT('Ctrl Pts',(-8.05394445514194,38.88129746371,-42.9778601759915));
#5769=CARTESIAN_POINT('Ctrl Pts',(-10.3639422860878,39.0496775149759,-42.1929751433412));
#5770=CARTESIAN_POINT('Ctrl Pts',(-12.0151769968448,39.2180575662419,-40.396990104702));
#5771=CARTESIAN_POINT('Ctrl Pts',(-12.6036445687942,39.3864376175079,-38.0293240068601));
#5772=CARTESIAN_POINT('Ctrl Pts',(-11.9853668400379,39.5548176687738,-35.6692668357735));
#5773=CARTESIAN_POINT('Ctrl Pts',(-10.3116158124056,39.7231977200398,-33.8942471906462));
#5774=CARTESIAN_POINT('Ctrl Pts',(-7.99190354214673,39.8915777713057,-33.138554063476));
#5775=CARTESIAN_POINT('Ctrl Pts',(-5.59378740555546,40.0599578225717,-33.5870807747621));
#5776=CARTESIAN_POINT('Ctrl Pts',(-3.70400772377384,40.2283378738376,-35.1300875527165));
#5777=CARTESIAN_POINT('Ctrl Pts',(-2.78493153038464,40.3967179251035,-37.3900512992412));
#5778=CARTESIAN_POINT('Ctrl Pts',(-3.06142660476131,40.5650979763696,-39.8140330756019));
#5779=CARTESIAN_POINT('Ctrl Pts',(-4.4658436757314,40.7334780276354,-41.8089641193606));
#5780=CARTESIAN_POINT('Ctrl Pts',(-6.65456799345291,40.9018580789015,-42.886750295237));
#5781=CARTESIAN_POINT('Ctrl Pts',(-9.09209057029513,41.0702381301673,-42.7836927089862));
#5782=CARTESIAN_POINT('Ctrl Pts',(-11.182029653693,41.2386181814334,-41.5250061685407));
#5783=CARTESIAN_POINT('Ctrl Pts',(-12.4130457604726,41.4069982326992,-39.4186499489198));
#5784=CARTESIAN_POINT('Ctrl Pts',(-12.4839496625052,41.5753782839653,-36.9799802673367));
#5785=CARTESIAN_POINT('Ctrl Pts',(-11.3773935026237,41.7437583352311,-34.8056595356579));
#5786=CARTESIAN_POINT('Ctrl Pts',(-9.36411524597609,41.9121383864972,-33.4276726560116));
#5787=CARTESIAN_POINT('Ctrl Pts',(-6.93669798791993,42.0805184377631,-33.1831677798371));
#5788=CARTESIAN_POINT('Ctrl Pts',(-4.68905104168046,42.2488984890291,-34.1319672234673));
#5789=CARTESIAN_POINT('Ctrl Pts',(-3.17109982686333,42.417278540295,-36.0419309112405));
#5790=CARTESIAN_POINT('Ctrl Pts',(-2.75423717282418,42.585658591561,-38.4457534310707));
#5791=CARTESIAN_POINT('Ctrl Pts',(-3.54045568579664,42.7540386428269,-40.7552983275893));
#5792=CARTESIAN_POINT('Ctrl Pts',(-5.3373935064714,42.9224186940929,-42.405495784806));
#5793=CARTESIAN_POINT('Ctrl Pts',(-7.70539894190869,43.0907987453588,-42.9925966593712));
#5794=CARTESIAN_POINT('Ctrl Pts',(-10.0650988014495,43.2591787966248,-42.3729566412486));
#5795=CARTESIAN_POINT('Ctrl Pts',(-11.8391519961923,43.4275588478907,-40.6981813006735));
#5796=CARTESIAN_POINT('Ctrl Pts',(-12.5935059498824,43.5959388991568,-38.3780331821845));
#5797=CARTESIAN_POINT('Ctrl Pts',(-12.1435950147829,43.7643189504226,-35.9801763620942));
#5798=CARTESIAN_POINT('Ctrl Pts',(-10.5994976265596,43.9326990016887,-34.0912876848933));
#5799=CARTESIAN_POINT('Ctrl Pts',(-8.339003724845,44.1010790529546,-33.1735161994532));
#5800=CARTESIAN_POINT('Ctrl Pts',(-5.9151819574988,44.2694591042206,-33.451410458686));
#5801=CARTESIAN_POINT('Ctrl Pts',(-3.92106193920046,44.4378391554865,-34.8569788603647));
#5802=CARTESIAN_POINT('Ctrl Pts',(-2.84453937334192,44.6062192067524,-37.0463249600879));
#5803=CARTESIAN_POINT('Ctrl Pts',(-2.94900399056491,44.7745992580184,-39.4837876414277));
#5804=CARTESIAN_POINT('Ctrl Pts',(-4.2088967285101,44.9429793092844,-41.5729998058689));
#5805=CARTESIAN_POINT('Ctrl Pts',(-6.31596319529666,45.1113593605503,-42.8027998236439));
#5806=CARTESIAN_POINT('Ctrl Pts',(-8.75467339951305,45.2797394118163,-42.872296003582));
#5807=CARTESIAN_POINT('Ctrl Pts',(-10.9283550147516,45.4481194630822,-41.7644849119466));
#5808=CARTESIAN_POINT('Ctrl Pts',(-12.3051795096865,45.6164995143482,-39.7504115544634));
#5809=CARTESIAN_POINT('Ctrl Pts',(-12.5482831302631,45.7848795656141,-37.3228535615756));
#5810=CARTESIAN_POINT('Ctrl Pts',(-11.5981864013857,45.9532596168801,-35.0757546796914));
#5811=CARTESIAN_POINT('Ctrl Pts',(-9.68734680183616,46.121639668146,-33.5589062350729));
#5812=CARTESIAN_POINT('Ctrl Pts',(-7.28328405053975,46.290019719412,-33.1434312453916));
#5813=CARTESIAN_POINT('Ctrl Pts',(-4.97419337965285,46.4583997706779,-33.9309828010062));
#5814=CARTESIAN_POINT('Ctrl Pts',(-3.32503347099496,46.6267798219439,-35.7288728907591));
#5815=CARTESIAN_POINT('Ctrl Pts',(-2.73929961398928,46.7951598732098,-38.097216832885));
#5816=CARTESIAN_POINT('Ctrl Pts',(-3.36030165405806,46.9635399244758,-40.4565586149321));
#5817=CARTESIAN_POINT('Ctrl Pts',(-5.03610077951381,47.1319199757418,-42.2296447584594));
#5818=CARTESIAN_POINT('Ctrl Pts',(-7.3566839580308,47.3003000270077,-42.98265929156));
#5819=CARTESIAN_POINT('Ctrl Pts',(-9.75428067092191,47.4686800782737,-42.5313642814807));
#5820=CARTESIAN_POINT('Ctrl Pts',(-11.6422777082064,47.6370601295395,-40.9861767959936));
#5821=CARTESIAN_POINT('Ctrl Pts',(-12.5587441866378,47.8054401808057,-38.7251534972152));
#5822=CARTESIAN_POINT('Ctrl Pts',(-12.2794508239595,47.9738202320715,-36.3014925356064));
#5823=CARTESIAN_POINT('Ctrl Pts',(-10.872731581537,48.1422002833375,-34.3081842300283));
#5824=CARTESIAN_POINT('Ctrl Pts',(-8.68276438571538,48.3105803346034,-33.2329255860228));
#5825=CARTESIAN_POINT('Ctrl Pts',(-6.2453625010416,48.4789603858694,-33.3387972954688));
#5826=CARTESIAN_POINT('Ctrl Pts',(-4.1568777697269,48.6473404371353,-34.5998956144113));
#5827=CARTESIAN_POINT('Ctrl Pts',(-2.92829462319385,48.8157204884014,-36.7076720289278));
#5828=CARTESIAN_POINT('Ctrl Pts',(-2.8602054261065,48.9841005396672,-39.146421118878));
#5829=CARTESIAN_POINT('Ctrl Pts',(-3.96927264102687,49.1524805909333,-41.3194645807652));
#5830=CARTESIAN_POINT('Ctrl Pts',(-5.98413723345279,49.3208606421992,-42.6951227780222));
#5831=CARTESIAN_POINT('Ctrl Pts',(-8.41184169220272,49.4892406934651,-42.9368321329665));
#5832=CARTESIAN_POINT('Ctrl Pts',(-10.6583783732809,49.6576207447311,-41.985423960624));
#5833=CARTESIAN_POINT('Ctrl Pts',(-12.1741509487157,49.826000795997,-40.0737387205226));
#5834=CARTESIAN_POINT('Ctrl Pts',(-12.5881820213598,49.9943808472631,-37.6693758655539));
#5835=CARTESIAN_POINT('Ctrl Pts',(-11.799412827909,50.1627608985289,-35.3608655056353));
#5836=CARTESIAN_POINT('Ctrl Pts',(-10.0003325115634,50.3311409497949,-33.7124871615158));
#5837=CARTESIAN_POINT('Ctrl Pts',(-8.4215887622763,50.4433943173056,-33.3234915478743));
#5838=CARTESIAN_POINT('Ctrl Pts',(-7.6334317352431,50.4995210010609,-33.3298261277353));
#5839=CARTESIAN_POINT('Ctrl Pts',(-12.4023712601718,49.9676468353319,-38.0603026365804));
#5840=CARTESIAN_POINT('Ctrl Pts',(-12.4024944666441,49.9765581726422,-37.9351778611377));
#5841=CARTESIAN_POINT('Ctrl Pts',(-12.3976316210128,49.9854695099526,-37.8100632131334));
#5842=CARTESIAN_POINT('Ctrl Pts',(-12.387715310344,49.994380847263,-37.6853512813956));
#5843=CARTESIAN_POINT('Ctrl Pts',(-12.3252589568762,50.0505075310183,-36.8998724122477));
#5844=CARTESIAN_POINT('Ctrl Pts',(-12.0623358923926,50.1066342147736,-36.1303689589415));
#5845=CARTESIAN_POINT('Ctrl Pts',(-11.6310276407598,50.162760898529,-35.4708875082685));
#5846=CARTESIAN_POINT('Ctrl Pts',(-11.5584064122359,50.1722111900823,-35.3598477751882));
#5847=CARTESIAN_POINT('Ctrl Pts',(-11.4810114792002,50.1816614816356,-35.2519271557263));
#5848=CARTESIAN_POINT('Ctrl Pts',(-11.399193905695,50.1911117731889,-35.1474476575412));
#5849=CARTESIAN_POINT('Ctrl Pts',(-10.7927233718317,20.191111773189,-36.3938396574683));
#5850=CARTESIAN_POINT('Ctrl Pts',(-10.7460658016665,20.2005620647423,-36.3062390853739));
#5851=CARTESIAN_POINT('Ctrl Pts',(-10.3966760904378,20.2661390400509,-35.7121174547328));
#5852=CARTESIAN_POINT('Ctrl Pts',(-9.42840210231329,20.3878426991149,-34.8167628400643));
#5853=CARTESIAN_POINT('Ctrl Pts',(-7.65883170342522,20.5562227503808,-34.3714704868281));
#5854=CARTESIAN_POINT('Ctrl Pts',(-5.89238368762549,20.7246028016468,-34.8288237073288));
#5855=CARTESIAN_POINT('Ctrl Pts',(-4.56119856553905,20.8929828529127,-36.0768042343593));
#5856=CARTESIAN_POINT('Ctrl Pts',(-3.99099870555919,21.0613629041787,-37.8101303031152));
#5857=CARTESIAN_POINT('Ctrl Pts',(-4.32128104831861,21.2297429554447,-39.6046855467888));
#5858=CARTESIAN_POINT('Ctrl Pts',(-5.47124232959464,21.3981230067106,-41.0214150751439));
#5859=CARTESIAN_POINT('Ctrl Pts',(-7.15952185368495,21.5665030579766,-41.7136849097112));
#5860=CARTESIAN_POINT('Ctrl Pts',(-8.97305447324076,21.7348831092425,-41.512122657071));
#5861=CARTESIAN_POINT('Ctrl Pts',(-10.4681275954558,21.9032631605085,-40.4660423671138));
#5862=CARTESIAN_POINT('Ctrl Pts',(-11.1225220174806,22.0391591043587,-39.1467463890392));
#5863=CARTESIAN_POINT('Ctrl Pts',(-11.2095026616828,22.1189283644536,-38.3088332824806));
#5864=CARTESIAN_POINT('Ctrl Pts',(-11.2093990626123,22.1425709407932,-38.0604654827733));
#5865=CARTESIAN_POINT('Origin',(-7.67145251638462,16.122985938918,-38.0604233397902));
#5866=CARTESIAN_POINT('Ctrl Pts',(-4.55024366495966,20.1911117731889,-36.3939731982658));
#5867=CARTESIAN_POINT('Ctrl Pts',(-4.27259914559625,20.2472384569443,-36.9139926754726));
#5868=CARTESIAN_POINT('Ctrl Pts',(-3.98260142757133,20.3594918244549,-38.0949966929411));
#5869=CARTESIAN_POINT('Ctrl Pts',(-4.45060298881716,20.5278718757209,-39.8589293954438));
#5870=CARTESIAN_POINT('Ctrl Pts',(-5.70651602764215,20.6962519269868,-41.182478680692));
#5871=CARTESIAN_POINT('Ctrl Pts',(-7.44324555400907,20.8646319782528,-41.7423323893699));
#5872=CARTESIAN_POINT('Ctrl Pts',(-9.23578030920847,21.0330120295187,-41.4012615642265));
#5873=CARTESIAN_POINT('Ctrl Pts',(-10.6455898367615,21.2013920807847,-40.2428375048693));
#5874=CARTESIAN_POINT('Ctrl Pts',(-11.1609477878502,21.32860560614,-38.9641985611151));
#5875=CARTESIAN_POINT('Ctrl Pts',(-11.209763062764,21.39969244774,-38.2176457303456));
#5876=CARTESIAN_POINT('Ctrl Pts',(-11.2096078211991,21.4146526055847,-38.0605143251673));
#5877=CARTESIAN_POINT('Ctrl Pts',(-3.49826408438253,19.882702545317,-35.8323089186924));
#5878=CARTESIAN_POINT('Ctrl Pts',(-3.12704160246267,19.9388292290723,-36.5275969849505));
#5879=CARTESIAN_POINT('Ctrl Pts',(-2.73930237071717,20.051082596583,-38.1066493772943));
#5880=CARTESIAN_POINT('Ctrl Pts',(-3.36504028013589,20.2194626478489,-40.4651021112581));
#5881=CARTESIAN_POINT('Ctrl Pts',(-5.04424920677731,20.3878426991149,-42.2347435640756));
#5882=CARTESIAN_POINT('Ctrl Pts',(-7.36633014206686,20.5562227503808,-42.9832916849749));
#5883=CARTESIAN_POINT('Ctrl Pts',(-9.76302503191532,20.7246028016468,-42.5272655458295));
#5884=CARTESIAN_POINT('Ctrl Pts',(-11.6480000822151,20.8929828529127,-40.9784035138461));
#5885=CARTESIAN_POINT('Ctrl Pts',(-12.5600350617317,21.0613629041787,-38.7155812552349));
#5886=CARTESIAN_POINT('Ctrl Pts',(-12.2759989881405,21.2297429554447,-36.2924762046887));
#5887=CARTESIAN_POINT('Ctrl Pts',(-10.8653793034167,21.3981230067106,-34.3019235011317));
#5888=CARTESIAN_POINT('Ctrl Pts',(-8.67331168848532,21.5665030579766,-33.230955388182));
#5889=CARTESIAN_POINT('Ctrl Pts',(-6.23612148609411,21.7348831092425,-33.3415980364368));
#5890=CARTESIAN_POINT('Ctrl Pts',(-4.15010992928518,21.9032631605085,-34.6067830548438));
#5891=CARTESIAN_POINT('Ctrl Pts',(-2.92565517260164,22.0716432117744,-36.7169601129195));
#5892=CARTESIAN_POINT('Ctrl Pts',(-2.86234128872046,22.2400232630404,-39.1558386931062));
#5893=CARTESIAN_POINT('Ctrl Pts',(-3.97565901293011,22.4084033143063,-41.3267050121906));
#5894=CARTESIAN_POINT('Ctrl Pts',(-5.99321609302305,22.5767833655723,-42.698419476837));
#5895=CARTESIAN_POINT('Ctrl Pts',(-8.42138252364941,22.7451634168382,-42.9353685273497));
#5896=CARTESIAN_POINT('Ctrl Pts',(-10.6660657045825,22.9135434681042,-41.9795785403311));
#5897=CARTESIAN_POINT('Ctrl Pts',(-12.1780653469461,23.0819235193701,-40.0648999330349));
#5898=CARTESIAN_POINT('Ctrl Pts',(-12.5874447783912,23.2503035706361,-37.6597917108424));
#5899=CARTESIAN_POINT('Ctrl Pts',(-11.7940422903092,23.4186836219021,-35.3527048947262));
#5900=CARTESIAN_POINT('Ctrl Pts',(-9.99197742549948,23.587063673168,-33.7081078908366));
#5901=CARTESIAN_POINT('Ctrl Pts',(-7.6221562959807,23.755443724434,-33.1283795946021));
#5902=CARTESIAN_POINT('Ctrl Pts',(-5.2643963332951,23.9238237756999,-33.7553604885916));
#5903=CARTESIAN_POINT('Ctrl Pts',(-3.49556399719582,24.0922038269659,-35.4356489310362));
#5904=CARTESIAN_POINT('Ctrl Pts',(-2.7484344912591,24.2605838782318,-37.758133502459));
#5905=CARTESIAN_POINT('Ctrl Pts',(-3.20580587801091,24.4289639294978,-40.1545784731696));
#5906=CARTESIAN_POINT('Ctrl Pts',(-4.75577439419425,24.5973439807638,-42.0386524318945));
#5907=CARTESIAN_POINT('Ctrl Pts',(-7.01911362790429,24.7657240320297,-42.9493843332991));
#5908=CARTESIAN_POINT('Ctrl Pts',(-9.44205877195365,24.9341040832957,-42.6639479795875));
#5909=CARTESIAN_POINT('Ctrl Pts',(-11.4317946926039,25.1024841345616,-41.2521802759032));
#5910=CARTESIAN_POINT('Ctrl Pts',(-12.5014983312322,25.2708641858276,-39.0594944323322));
#5911=CARTESIAN_POINT('Ctrl Pts',(-12.389448324831,25.4392442370935,-36.6223686909808));
#5912=CARTESIAN_POINT('Ctrl Pts',(-11.1230596314703,25.6076242883595,-34.5370877122108));
#5913=CARTESIAN_POINT('Ctrl Pts',(-9.01217599006509,25.7760043396254,-33.3138512937129));
#5914=CARTESIAN_POINT('Ctrl Pts',(-6.57326132934157,25.9443843908914,-33.2519452293917));
#5915=CARTESIAN_POINT('Ctrl Pts',(-4.40303799950318,26.1127644421574,-34.3665159008688));
#5916=CARTESIAN_POINT('Ctrl Pts',(-3.03248840296948,26.2811444934233,-36.3848644551411));
#5917=CARTESIAN_POINT('Ctrl Pts',(-2.7969410321574,26.4495245446893,-38.8131672614639));
#5918=CARTESIAN_POINT('Ctrl Pts',(-3.75402659590589,26.6179045959552,-41.0572983420285));
#5919=CARTESIAN_POINT('Ctrl Pts',(-5.66957767698505,26.7862846472212,-42.5681924941345));
#5920=CARTESIAN_POINT('Ctrl Pts',(-8.07492181159613,26.9546646984871,-42.9761835199964));
#5921=CARTESIAN_POINT('Ctrl Pts',(-10.3815502551866,27.1230447497531,-42.1814494095476));
#5922=CARTESIAN_POINT('Ctrl Pts',(-12.0251067520535,27.291424801019,-40.378435509241));
#5923=CARTESIAN_POINT('Ctrl Pts',(-12.6034669838282,27.459804852285,-38.0082801292304));
#5924=CARTESIAN_POINT('Ctrl Pts',(-11.9751251888181,27.6281849035509,-35.6508824810311));
#5925=CARTESIAN_POINT('Ctrl Pts',(-10.2938159763918,27.7965649548169,-33.883020378009));
#5926=CARTESIAN_POINT('Ctrl Pts',(-7.97090051502914,27.9649450060828,-33.1372316395221));
#5927=CARTESIAN_POINT('Ctrl Pts',(-5.57471995899415,28.1333250573488,-33.5959862863356));
#5928=CARTESIAN_POINT('Ctrl Pts',(-3.69154102599445,28.3017051086148,-35.147042116857));
#5929=CARTESIAN_POINT('Ctrl Pts',(-2.7821157779388,28.4700851598807,-37.4109066890647));
#5930=CARTESIAN_POINT('Ctrl Pts',(-3.06895071745477,28.6384652111467,-39.8336866626809));
#5931=CARTESIAN_POINT('Ctrl Pts',(-4.48186675135533,28.8068452624126,-41.8226073157596));
#5932=CARTESIAN_POINT('Ctrl Pts',(-6.67516971086845,28.9752253136786,-42.8910450588701));
#5933=CARTESIAN_POINT('Ctrl Pts',(-9.11223036583828,29.1436053649445,-42.7775882521159));
#5934=CARTESIAN_POINT('Ctrl Pts',(-11.1967799804807,29.3119854162105,-41.5099960513562));
#5935=CARTESIAN_POINT('Ctrl Pts',(-12.4187976977402,29.4803654674765,-39.3984066544064));
#5936=CARTESIAN_POINT('Ctrl Pts',(-12.4792959002171,29.6487455187424,-36.9594566648984));
#5937=CARTESIAN_POINT('Ctrl Pts',(-11.3634726632082,29.8171255700084,-34.7898770774571));
#5938=CARTESIAN_POINT('Ctrl Pts',(-9.34433330272416,29.9855056212743,-33.4204927905866));
#5939=CARTESIAN_POINT('Ctrl Pts',(-6.91589493108154,30.1538856725403,-33.1863471863129));
#5940=CARTESIAN_POINT('Ctrl Pts',(-4.6723167000918,30.3222657238062,-34.1447280018462));
#5941=CARTESIAN_POINT('Ctrl Pts',(-3.16252853681723,30.4906457750722,-36.0611509253637));
#5942=CARTESIAN_POINT('Ctrl Pts',(-2.7559260634055,30.6590258263381,-38.466730159346));
#5943=CARTESIAN_POINT('Ctrl Pts',(-3.55199150860361,30.8274058776041,-40.7728994841697));
#5944=CARTESIAN_POINT('Ctrl Pts',(-5.35595389049859,30.99578592887,-42.4154148812562));
#5945=CARTESIAN_POINT('Ctrl Pts',(-7.72644263522116,31.164165980136,-42.9924069478246));
#5946=CARTESIAN_POINT('Ctrl Pts',(-10.0834773799101,31.332546031402,-42.3627042731573));
#5947=CARTESIAN_POINT('Ctrl Pts',(-11.8503682587656,31.5009260826679,-40.6803752355464));
#5948=CARTESIAN_POINT('Ctrl Pts',(-12.5948168037817,31.6693061339339,-38.3570288715358));
#5949=CARTESIAN_POINT('Ctrl Pts',(-12.1346773670695,31.8376861851998,-35.9611151381412));
#5950=CARTESIAN_POINT('Ctrl Pts',(-10.5825381816198,32.0060662364658,-34.0788285654948));
#5951=CARTESIAN_POINT('Ctrl Pts',(-8.31814198220708,32.1744462877317,-33.1707170105822));
#5952=CARTESIAN_POINT('Ctrl Pts',(-5.89554239546266,32.3428263389977,-33.4589366578204));
#5953=CARTESIAN_POINT('Ctrl Pts',(-3.90740819353271,32.5112063902637,-34.8730287482815));
#5954=CARTESIAN_POINT('Ctrl Pts',(-2.8402970123295,32.6795864415296,-37.066890405349));
#5955=CARTESIAN_POINT('Ctrl Pts',(-2.95503719475011,32.8479664927956,-39.504003182826));
#5956=CARTESIAN_POINT('Ctrl Pts',(-4.22408491336745,33.0163465440615,-41.587579283853));
#5957=CARTESIAN_POINT('Ctrl Pts',(-6.33586291961121,33.1847265953275,-42.8088718763957));
#5958=CARTESIAN_POINT('Ctrl Pts',(-8.77590397676757,33.3531066465934,-42.866951583929));
#5959=CARTESIAN_POINT('Ctrl Pts',(-10.9426777499786,33.5214866978594,-41.7519436353563));
#5960=CARTESIAN_POINT('Ctrl Pts',(-12.3153122905506,33.6898667491254,-39.7277875667433));
#5961=CARTESIAN_POINT('Ctrl Pts',(-12.5390708890591,33.8582468003913,-37.3078411803539));
#5962=CARTESIAN_POINT('Ctrl Pts',(-11.2817617099438,34.0827535354126,-34.2948851081097));
#5963=CARTESIAN_POINT('Ctrl Pts',(-7.21496241740355,34.3633869541891,-32.4830627351519));
#5964=CARTESIAN_POINT('Ctrl Pts',(-2.72511254720531,34.7001470567211,-35.4376055001802));
#5965=CARTESIAN_POINT('Ctrl Pts',(-2.79530990242629,35.036907159253,-40.7978776380657));
#5966=CARTESIAN_POINT('Ctrl Pts',(-7.33497112814969,35.3736672617849,-43.649003909653));
#5967=CARTESIAN_POINT('Ctrl Pts',(-12.1952981784073,35.7104273643168,-41.3543806787424));
#5968=CARTESIAN_POINT('Ctrl Pts',(-12.7661553421856,35.9910607830934,-36.9389895414229));
#5969=CARTESIAN_POINT('Ctrl Pts',(-10.8486154994751,36.2155675181147,-34.2966853165507));
#5970=CARTESIAN_POINT('Ctrl Pts',(-8.66612413673719,36.3839475693806,-33.2276016551938));
#5971=CARTESIAN_POINT('Ctrl Pts',(-6.22328823956581,36.5523276206466,-33.3454411713378));
#5972=CARTESIAN_POINT('Ctrl Pts',(-4.14309395995062,36.7207076719125,-34.6146704921115));
#5973=CARTESIAN_POINT('Ctrl Pts',(-2.92210191094922,36.8890877231785,-36.7280450517463));
#5974=CARTESIAN_POINT('Ctrl Pts',(-2.86511014191389,37.0574677744444,-39.1668795853948));
#5975=CARTESIAN_POINT('Ctrl Pts',(-3.98309980980767,37.2258478257104,-41.3352592992322));
#5976=CARTESIAN_POINT('Ctrl Pts',(-6.00398377366354,37.3942278769764,-42.7022677133371));
#5977=CARTESIAN_POINT('Ctrl Pts',(-8.43261019017305,37.5626079282423,-42.9336310043582));
#5978=CARTESIAN_POINT('Ctrl Pts',(-10.6751199105273,37.7309879795083,-41.972650151633));
#5979=CARTESIAN_POINT('Ctrl Pts',(-12.1826753011964,37.8993680307742,-40.0544905996631));
#5980=CARTESIAN_POINT('Ctrl Pts',(-12.5865097161816,38.0677480820402,-37.6484410346387));
#5981=CARTESIAN_POINT('Ctrl Pts',(-11.78777772503,38.2361281333061,-35.3431935427446));
#5982=CARTESIAN_POINT('Ctrl Pts',(-9.98192257473508,38.4045081845721,-33.7027612536084));
#5983=CARTESIAN_POINT('Ctrl Pts',(-7.61076808224355,38.572888235838,-33.1285066619205));
#5984=CARTESIAN_POINT('Ctrl Pts',(-5.25446262778524,38.741268287104,-33.7609297591125));
#5985=CARTESIAN_POINT('Ctrl Pts',(-3.48951449432071,38.9096483383699,-35.4452979885487));
#5986=CARTESIAN_POINT('Ctrl Pts',(-2.74774967589329,39.0780283896359,-37.7695014408916));
#5987=CARTESIAN_POINT('Ctrl Pts',(-3.21065312108108,39.2464084409019,-40.1648839793166));
#5988=CARTESIAN_POINT('Ctrl Pts',(-4.76496782287943,39.4147884921678,-42.0453740631963));
#5989=CARTESIAN_POINT('Ctrl Pts',(-7.03040386879411,39.5831685434338,-42.9508775387401));
#5990=CARTESIAN_POINT('Ctrl Pts',(-9.45268349487725,39.7515485946997,-42.6598474151962));
#5991=CARTESIAN_POINT('Ctrl Pts',(-11.4391543663349,39.9199286459657,-41.2434892179157));
#5992=CARTESIAN_POINT('Ctrl Pts',(-12.5037922902674,40.0883086972316,-39.048339295976));
#5993=CARTESIAN_POINT('Ctrl Pts',(-12.3861153102357,40.2566887484976,-36.611478772566));
#5994=CARTESIAN_POINT('Ctrl Pts',(-11.1149151237023,40.4250687997635,-34.5291274169469));
#5995=CARTESIAN_POINT('Ctrl Pts',(-9.00121268220914,40.5934488510295,-33.3107682446788));
#5996=CARTESIAN_POINT('Ctrl Pts',(-6.56216158320313,40.7618289022955,-33.2544937473958));
#5997=CARTESIAN_POINT('Ctrl Pts',(-4.3945175584272,40.9302089535614,-34.3740724472583));
#5998=CARTESIAN_POINT('Ctrl Pts',(-3.02863193923804,41.0985890048274,-36.3955801910707));
#5999=CARTESIAN_POINT('Ctrl Pts',(-2.79869209580787,41.2669690560933,-38.824420398148));
#6000=CARTESIAN_POINT('Ctrl Pts',(-3.76095675916519,41.4353491073593,-41.0663356063461));
#6001=CARTESIAN_POINT('Ctrl Pts',(-5.67999135640634,41.6037291586252,-42.572802764194));
#6002=CARTESIAN_POINT('Ctrl Pts',(-8.08627112170026,41.7721092098912,-42.9752388140642));
#6003=CARTESIAN_POINT('Ctrl Pts',(-10.3910583923764,41.9404892611571,-42.1751808661518));
#6004=CARTESIAN_POINT('Ctrl Pts',(-12.0304473873027,42.1088693124231,-40.3683768351602));
#6005=CARTESIAN_POINT('Ctrl Pts',(-12.6033334390189,42.2772493636891,-37.9968923517953));
#6006=CARTESIAN_POINT('Ctrl Pts',(-11.9695501379813,42.445629414955,-35.6409518155301));
#6007=CARTESIAN_POINT('Ctrl Pts',(-10.2841634514434,42.614009466221,-33.8769765322756));
#6008=CARTESIAN_POINT('Ctrl Pts',(-7.9595321719407,42.7823895174869,-33.1365533441938));
#6009=CARTESIAN_POINT('Ctrl Pts',(-5.56441725810766,42.9507695687529,-33.600839498011));
#6010=CARTESIAN_POINT('Ctrl Pts',(-3.68482469998817,43.1191496200188,-35.1562394139663));
#6011=CARTESIAN_POINT('Ctrl Pts',(-2.78062909129722,43.2875296712848,-37.4221977949424));
#6012=CARTESIAN_POINT('Ctrl Pts',(-3.07305741358966,43.4559097225507,-39.844309014398));
#6013=CARTESIAN_POINT('Ctrl Pts',(-4.49056205654741,43.6242897738167,-41.8299619725669));
#6014=CARTESIAN_POINT('Ctrl Pts',(-6.68632616938366,43.7926698250827,-42.8933325777052));
#6015=CARTESIAN_POINT('Ctrl Pts',(-9.12311835855913,43.9610498763486,-42.7742489521928));
#6016=CARTESIAN_POINT('Ctrl Pts',(-11.2047355729795,44.1294299276146,-41.5018469497893));
#6017=CARTESIAN_POINT('Ctrl Pts',(-12.4218744178124,44.2978099788805,-39.387441568721));
#6018=CARTESIAN_POINT('Ctrl Pts',(-12.4767409752515,44.4661900301465,-36.9483583917943));
#6019=CARTESIAN_POINT('Ctrl Pts',(-11.3559111999088,44.6345700814124,-34.7813609995954));
#6020=CARTESIAN_POINT('Ctrl Pts',(-9.33361534202271,44.8029501326784,-33.4166425135079));
#6021=CARTESIAN_POINT('Ctrl Pts',(-6.90464280794627,44.9713301839444,-33.1881047446526));
#6022=CARTESIAN_POINT('Ctrl Pts',(-4.66328343588249,45.1397102352103,-34.1516633823877));
#6023=CARTESIAN_POINT('Ctrl Pts',(-3.15792428245502,45.3080902864762,-36.0715672607849));
#6024=CARTESIAN_POINT('Ctrl Pts',(-2.75687731297983,45.4764703377422,-38.4780789294377));
#6025=CARTESIAN_POINT('Ctrl Pts',(-3.55826555489627,45.6448503890082,-40.7824039865472));
#6026=CARTESIAN_POINT('Ctrl Pts',(-5.36601561422228,45.8132304402741,-42.4207497394548));
#6027=CARTESIAN_POINT('Ctrl Pts',(-7.73783039819174,45.9816104915401,-42.9922667677945));
#6028=CARTESIAN_POINT('Ctrl Pts',(-10.0934046935847,46.149990542806,-42.3571236170581));
#6029=CARTESIAN_POINT('Ctrl Pts',(-11.8564068016745,46.318370594072,-40.6707189651606));
#6030=CARTESIAN_POINT('Ctrl Pts',(-12.5954879841782,46.4867506453379,-38.3456606671737));
#6031=CARTESIAN_POINT('Ctrl Pts',(-12.1298193393544,46.6551306966039,-35.9508141594801));
#6032=CARTESIAN_POINT('Ctrl Pts',(-10.5733346965612,46.8235107478699,-34.0721197612501));
#6033=CARTESIAN_POINT('Ctrl Pts',(-8.30685475112141,46.9918907991358,-33.1692323173971));
#6034=CARTESIAN_POINT('Ctrl Pts',(-5.88491273690687,47.1602708504018,-33.4630587415449));
#6035=CARTESIAN_POINT('Ctrl Pts',(-3.90007835956748,47.3286509016677,-34.8817093597665));
#6036=CARTESIAN_POINT('Ctrl Pts',(-2.83797542106638,47.4970309529336,-37.0780869264401));
#6037=CARTESIAN_POINT('Ctrl Pts',(-2.95846566291896,47.6654110041996,-39.5148099811945));
#6038=CARTESIAN_POINT('Ctrl Pts',(-4.23206903698357,47.8337910554655,-41.5956923363375));
#6039=CARTESIAN_POINT('Ctrl Pts',(-6.34717669381684,48.0021711067316,-42.8116104983826));
#6040=CARTESIAN_POINT('Ctrl Pts',(-8.7862910529123,48.1705511579975,-42.8650689948824));
#6041=CARTESIAN_POINT('Ctrl Pts',(-10.9526412601567,48.3389312092634,-41.7429887279166));
#6042=CARTESIAN_POINT('Ctrl Pts',(-12.3161918113112,48.5073112605294,-39.7199049993747));
#6043=CARTESIAN_POINT('Ctrl Pts',(-12.543328139504,48.6756913117954,-37.2908018282844));
#6044=CARTESIAN_POINT('Ctrl Pts',(-11.5784743957837,48.8440713630613,-35.0499972375631));
#6045=CARTESIAN_POINT('Ctrl Pts',(-9.65770484793715,49.0124514143273,-33.545750276074));
#6046=CARTESIAN_POINT('Ctrl Pts',(-7.2509559975526,49.1808314655932,-33.1460849797313));
#6047=CARTESIAN_POINT('Ctrl Pts',(-4.94710636125258,49.3492115168592,-33.9488186763534));
#6048=CARTESIAN_POINT('Ctrl Pts',(-3.30977894617227,49.5175915681251,-35.7574825949507));
#6049=CARTESIAN_POINT('Ctrl Pts',(-2.739683210228,49.6859716193911,-38.1296914835596));
#6050=CARTESIAN_POINT('Ctrl Pts',(-3.3760792511977,49.854351670657,-40.4847654887408));
#6051=CARTESIAN_POINT('Ctrl Pts',(-5.06372258730259,50.022731721923,-42.2470671654482));
#6052=CARTESIAN_POINT('Ctrl Pts',(-6.61370708413086,50.1349850894336,-42.7382862908833));
#6053=CARTESIAN_POINT('Ctrl Pts',(-7.40059665297057,50.1911117731889,-42.7834131411505));
#6054=CARTESIAN_POINT('Ctrl Pts',(-3.84892394457491,19.9855056212743,-36.0195303452168));
#6055=CARTESIAN_POINT('Ctrl Pts',(-3.50889411684053,20.0416323050296,-36.6563955484579));
#6056=CARTESIAN_POINT('Ctrl Pts',(-3.15373538966856,20.1538856725403,-38.1027651491766));
#6057=CARTESIAN_POINT('Ctrl Pts',(-3.72689451636298,20.3222657238062,-40.26304453932));
#6058=CARTESIAN_POINT('Ctrl Pts',(-5.26500481373225,20.4906457750722,-41.8839886029477));
#6059=CARTESIAN_POINT('Ctrl Pts',(-7.39196861271427,20.6590258263381,-42.5696385864399));
#6060=CARTESIAN_POINT('Ctrl Pts',(-9.58727679101304,20.8274058776041,-42.1519308852952));
#6061=CARTESIAN_POINT('Ctrl Pts',(-11.3138633337306,20.9957859288701,-40.7332148441872));
#6062=CARTESIAN_POINT('Ctrl Pts',(-12.1492628908072,21.164165980136,-38.6605304022056));
#6063=CARTESIAN_POINT('Ctrl Pts',(-11.8890934725272,21.332546031402,-36.4410312257052));
#6064=CARTESIAN_POINT('Ctrl Pts',(-10.597003710305,21.5009260826679,-34.6177383869035));
#6065=CARTESIAN_POINT('Ctrl Pts',(-8.58912862248058,21.6693061339339,-33.6367603462634));
#6066=CARTESIAN_POINT('Ctrl Pts',(-6.35672782501514,21.8376861851998,-33.7381060417924));
#6067=CARTESIAN_POINT('Ctrl Pts',(-4.44599723928841,22.0060662364658,-34.8969815539547));
#6068=CARTESIAN_POINT('Ctrl Pts',(-3.32442955343494,22.1744462877317,-36.8298470901035));
#6069=CARTESIAN_POINT('Ctrl Pts',(-3.26643573550137,22.3428263389977,-39.0637943963041));
#6070=CARTESIAN_POINT('Ctrl Pts',(-4.28620488315329,22.5112063902637,-41.0522496662949));
#6071=CARTESIAN_POINT('Ctrl Pts',(-6.13423300591226,22.6795864415296,-42.3087032913618));
#6072=CARTESIAN_POINT('Ctrl Pts',(-8.35836827069001,22.8479664927955,-42.5257422605829));
#6073=CARTESIAN_POINT('Ctrl Pts',(-10.4144378044735,23.0163465440615,-41.6502642912655));
#6074=CARTESIAN_POINT('Ctrl Pts',(-11.7993888862841,23.1847265953274,-39.8964700877501));
#6075=CARTESIAN_POINT('Ctrl Pts',(-12.174369455436,23.3531066465935,-37.6934555228855));
#6076=CARTESIAN_POINT('Ctrl Pts',(-11.4476340757485,23.5214866978594,-35.5802259345396));
#6077=CARTESIAN_POINT('Ctrl Pts',(-9.79699103716309,23.6898667491253,-34.0738192292319));
#6078=CARTESIAN_POINT('Ctrl Pts',(-7.62629850188307,23.8582468003913,-33.5428036730569));
#6079=CARTESIAN_POINT('Ctrl Pts',(-5.46665367163253,24.0266268516572,-34.1171013402494));
#6080=CARTESIAN_POINT('Ctrl Pts',(-3.84645073719744,24.1950069029232,-35.6562004451141));
#6081=CARTESIAN_POINT('Ctrl Pts',(-3.16210016692736,24.3633869541891,-37.7835339639583));
#6082=CARTESIAN_POINT('Ctrl Pts',(-3.58104007876554,24.5317670054551,-39.9786132230361));
#6083=CARTESIAN_POINT('Ctrl Pts',(-5.00076962969644,24.7001470567211,-41.7043743900613));
#6084=CARTESIAN_POINT('Ctrl Pts',(-7.07392760699006,24.868527107987,-42.5385803625693));
#6085=CARTESIAN_POINT('Ctrl Pts',(-9.29328031343203,25.036907159253,-42.2771283252905));
#6086=CARTESIAN_POINT('Ctrl Pts',(-11.1158250010182,25.2052872105189,-40.9839870085197));
#6087=CARTESIAN_POINT('Ctrl Pts',(-12.0956448171256,25.3736672617849,-38.9755456398581));
#6088=CARTESIAN_POINT('Ctrl Pts',(-11.9930100193159,25.5420473130508,-36.7432038869747));
#6089=CARTESIAN_POINT('Ctrl Pts',(-10.8330319732094,25.7104273643168,-34.8331424911188));
#6090=CARTESIAN_POINT('Ctrl Pts',(-8.89951922569942,25.8788074155828,-33.7126907703363));
#6091=CARTESIAN_POINT('Ctrl Pts',(-6.66553887069577,26.0471874668487,-33.6559864773259));
#6092=CARTESIAN_POINT('Ctrl Pts',(-4.67767256159279,26.2155675181147,-34.6769032910386));
#6093=CARTESIAN_POINT('Ctrl Pts',(-3.42228592444569,26.3839475693806,-36.5256563828982));
#6094=CARTESIAN_POINT('Ctrl Pts',(-3.2065308562012,26.5523276206466,-38.7499165641528));
#6095=CARTESIAN_POINT('Ctrl Pts',(-4.08319553902264,26.7207076719125,-40.8054803888203));
#6096=CARTESIAN_POINT('Ctrl Pts',(-5.83778890510107,26.8890877231785,-42.1894188712326));
#6097=CARTESIAN_POINT('Ctrl Pts',(-8.04101955940791,27.0574677744444,-42.5631276981428));
#6098=CARTESIAN_POINT('Ctrl Pts',(-10.1538292908256,27.2258478257104,-41.8351725881156));
#6099=CARTESIAN_POINT('Ctrl Pts',(-11.6592829196335,27.3942278769763,-40.1836602584925));
#6100=CARTESIAN_POINT('Ctrl Pts',(-12.1890453654899,27.5626079282423,-38.0126615587351));
#6101=CARTESIAN_POINT('Ctrl Pts',(-11.6135011494968,27.7309879795083,-35.8533485988275));
#6102=CARTESIAN_POINT('Ctrl Pts',(-10.0734670467321,27.8993680307742,-34.2340343718445));
#6103=CARTESIAN_POINT('Ctrl Pts',(-7.94573884427052,28.0677480820402,-33.5509119085647));
#6104=CARTESIAN_POINT('Ctrl Pts',(-5.75090178193727,28.2361281333061,-33.971118849485));
#6105=CARTESIAN_POINT('Ctrl Pts',(-4.02596043444869,28.4045081845721,-35.3918443511599));
#6106=CARTESIAN_POINT('Ctrl Pts',(-3.19295132133035,28.5728882358381,-37.4654835244143));
#6107=CARTESIAN_POINT('Ctrl Pts',(-3.45568442566016,28.741268287104,-39.6846849391736));
#6108=CARTESIAN_POINT('Ctrl Pts',(-4.74987758208129,28.90964833837,-41.5064828635506));
#6109=CARTESIAN_POINT('Ctrl Pts',(-6.75888421237898,29.0780283896359,-42.4851431533474));
#6110=CARTESIAN_POINT('Ctrl Pts',(-8.99116634788421,29.2464084409019,-42.3812197641809));
#6111=CARTESIAN_POINT('Ctrl Pts',(-10.9005578338332,29.4147884921678,-41.2201393376058));
#6112=CARTESIAN_POINT('Ctrl Pts',(-12.0198932569981,29.5831685434338,-39.2859801369634));
#6113=CARTESIAN_POINT('Ctrl Pts',(-12.0753079863541,29.7515485946997,-37.0519674217416));
#6114=CARTESIAN_POINT('Ctrl Pts',(-11.0532438562402,29.9199286459657,-35.0646907633927));
#6115=CARTESIAN_POINT('Ctrl Pts',(-9.2037664071203,30.0883086972316,-33.8103715186137));
#6116=CARTESIAN_POINT('Ctrl Pts',(-6.97938205167208,30.2566887484976,-33.5959004308869));
#6117=CARTESIAN_POINT('Ctrl Pts',(-4.92432462237356,30.4250687997635,-34.4737515295714));
#6118=CARTESIAN_POINT('Ctrl Pts',(-3.54139919603992,30.5934488510295,-36.2291434799182));
#6119=CARTESIAN_POINT('Ctrl Pts',(-3.16896224589744,30.7618289022954,-38.4325894789377));
#6120=CARTESIAN_POINT('Ctrl Pts',(-3.89813682281448,30.9302089535614,-40.5449786698904));
#6121=CARTESIAN_POINT('Ctrl Pts',(-5.55051793610998,31.0985890048274,-42.0494786792485));
#6122=CARTESIAN_POINT('Ctrl Pts',(-7.72182198899412,31.2669690560933,-42.5779879225052));
#6123=CARTESIAN_POINT('Ctrl Pts',(-9.88080253902863,31.4353491073593,-42.0011971772798));
#6124=CARTESIAN_POINT('Ctrl Pts',(-11.4992271507481,31.6037291586252,-40.4602289420237));
#6125=CARTESIAN_POINT('Ctrl Pts',(-12.181122032787,31.7721092098912,-38.3321060443046));
#6126=CARTESIAN_POINT('Ctrl Pts',(-11.7596466614951,31.9404892611571,-36.1375133843468));
#6127=CARTESIAN_POINT('Ctrl Pts',(-10.3379288357893,32.1088693124231,-34.4133894149859));
#6128=CARTESIAN_POINT('Ctrl Pts',(-8.26380270628694,32.2772493636891,-33.5815836095197));
#6129=CARTESIAN_POINT('Ctrl Pts',(-6.04476652105956,32.445629414955,-33.8455850689497));
#6130=CARTESIAN_POINT('Ctrl Pts',(-4.223688964822,32.614009466221,-35.1408554616083));
#6131=CARTESIAN_POINT('Ctrl Pts',(-3.24624377011989,32.7823895174869,-37.1503738438672));
#6132=CARTESIAN_POINT('Ctrl Pts',(-3.35134269694383,32.9507695687529,-39.3827037221897));
#6133=CARTESIAN_POINT('Ctrl Pts',(-4.51375633880221,33.1191496200188,-41.2912034958016));
#6134=CARTESIAN_POINT('Ctrl Pts',(-6.44808830049448,33.2875296712848,-42.4098747241923));
#6135=CARTESIAN_POINT('Ctrl Pts',(-8.6831004043918,33.4559097225507,-42.463074177106));
#6136=CARTESIAN_POINT('Ctrl Pts',(-10.6678070122296,33.6242897738167,-41.4417568293127));
#6137=CARTESIAN_POINT('Ctrl Pts',(-11.9251034021442,33.7926698250827,-39.5876842102235));
#6138=CARTESIAN_POINT('Ctrl Pts',(-12.1300602714357,33.9610498763486,-37.3710782852943));
#6139=CARTESIAN_POINT('Ctrl Pts',(-10.9783988166326,34.1855566113699,-34.6112914078455));
#6140=CARTESIAN_POINT('Ctrl Pts',(-7.25331984048569,34.4661900301465,-32.9517107537429));
#6141=CARTESIAN_POINT('Ctrl Pts',(-3.14073789226652,34.8029501326784,-35.6579926099246));
#6142=CARTESIAN_POINT('Ctrl Pts',(-3.20503678515623,35.1397102352103,-40.5678579883046));
#6143=CARTESIAN_POINT('Ctrl Pts',(-7.36324459781885,35.4764703377422,-43.1794131127759));
#6144=CARTESIAN_POINT('Ctrl Pts',(-11.8151736972763,35.8132304402741,-41.0775998338855));
#6145=CARTESIAN_POINT('Ctrl Pts',(-12.3380635342727,36.0938638590507,-37.033220086091));
#6146=CARTESIAN_POINT('Ctrl Pts',(-10.5816485159295,36.318370594072,-34.6129403504497));
#6147=CARTESIAN_POINT('Ctrl Pts',(-8.58254501803371,36.4867506453379,-33.6336884168793));
#6148=CARTESIAN_POINT('Ctrl Pts',(-6.3449729157119,36.6551306966039,-33.7416262501903));
#6149=CARTESIAN_POINT('Ctrl Pts',(-4.43957079972613,36.8235107478698,-34.9042062347486));
#6150=CARTESIAN_POINT('Ctrl Pts',(-3.32117486115089,36.9918907991358,-36.8400005964866));
#6151=CARTESIAN_POINT('Ctrl Pts',(-3.26897193069493,37.1602708504017,-39.0739075572406));
#6152=CARTESIAN_POINT('Ctrl Pts',(-4.2930204533402,37.3286509016677,-41.0600851635798));
#6153=CARTESIAN_POINT('Ctrl Pts',(-6.14409591231369,37.4970309529336,-42.3122281726874));
#6154=CARTESIAN_POINT('Ctrl Pts',(-8.36865251181179,37.6654110041996,-42.5241507361677));
#6155=CARTESIAN_POINT('Ctrl Pts',(-10.4227312140531,37.8337910554656,-41.643918073215));
#6156=CARTESIAN_POINT('Ctrl Pts',(-11.8036114806202,38.0021711067315,-39.8869354178268));
#6157=CARTESIAN_POINT('Ctrl Pts',(-12.1735129635544,38.1705511579975,-37.683058608199));
#6158=CARTESIAN_POINT('Ctrl Pts',(-11.441895902129,38.3389312092634,-35.5715137914628));
#6159=CARTESIAN_POINT('Ctrl Pts',(-9.78778106379179,38.5073112605294,-34.0689218530648));
#6160=CARTESIAN_POINT('Ctrl Pts',(-7.61586720382369,38.6756913117953,-33.5429200633093));
#6161=CARTESIAN_POINT('Ctrl Pts',(-5.45755466406215,38.8440713630613,-34.1222026425359));
#6162=CARTESIAN_POINT('Ctrl Pts',(-3.8409095549666,39.0124514143273,-35.6650387227604));
#6163=CARTESIAN_POINT('Ctrl Pts',(-3.16147289443659,39.1808314655932,-37.7939466903829));
#6164=CARTESIAN_POINT('Ctrl Pts',(-3.58548002329049,39.3492115168592,-39.9880527900088));
#6165=CARTESIAN_POINT('Ctrl Pts',(-5.00919056356862,39.5175915681251,-41.7105312238873));
#6166=CARTESIAN_POINT('Ctrl Pts',(-7.08426916455141,39.6859716193911,-42.5399480986672));
#6167=CARTESIAN_POINT('Ctrl Pts',(-9.3030122744026,39.8543516706571,-42.2733723183903));
#6168=CARTESIAN_POINT('Ctrl Pts',(-11.1225662645807,40.022731721923,-40.9760262327201));
#6169=CARTESIAN_POINT('Ctrl Pts',(-12.097746022019,40.1911117731889,-38.9653278344226));
#6170=CARTESIAN_POINT('Ctrl Pts',(-11.9899570674235,40.3594918244549,-36.7332290140535));
#6171=CARTESIAN_POINT('Ctrl Pts',(-10.8255718227384,40.5278718757209,-34.8258510743562));
#6172=CARTESIAN_POINT('Ctrl Pts',(-8.88947713002036,40.6962519269868,-33.7098667801874));
#6173=CARTESIAN_POINT('Ctrl Pts',(-6.65537180121271,40.8646319782528,-33.658320851401));
#6174=CARTESIAN_POINT('Ctrl Pts',(-4.66986806630387,41.0330120295187,-34.6838248846711));
#6175=CARTESIAN_POINT('Ctrl Pts',(-3.41875350719693,41.2013920807847,-36.5354717093389));
#6176=CARTESIAN_POINT('Ctrl Pts',(-3.2081347834966,41.3697721320506,-38.7602241352578));
#6177=CARTESIAN_POINT('Ctrl Pts',(-4.08954338252351,41.5381521833166,-40.8137582803241));
#6178=CARTESIAN_POINT('Ctrl Pts',(-5.8473275558891,41.7065322345825,-42.1936417548415));
#6179=CARTESIAN_POINT('Ctrl Pts',(-8.05141522278384,41.8749122858485,-42.5622623728701));
#6180=CARTESIAN_POINT('Ctrl Pts',(-10.1625384892394,42.0432923371144,-41.8294307706481));
#6181=CARTESIAN_POINT('Ctrl Pts',(-11.664174798149,42.2116723883804,-40.174446783066));
#6182=CARTESIAN_POINT('Ctrl Pts',(-12.1889230420297,42.3800524396463,-38.0022306603167));
#6183=CARTESIAN_POINT('Ctrl Pts',(-11.6083945525961,42.5484324909123,-35.8442523758236));
#6184=CARTESIAN_POINT('Ctrl Pts',(-10.0646255930076,42.7168125421783,-34.2284983714036));
#6185=CARTESIAN_POINT('Ctrl Pts',(-7.93532574719191,42.8851925934442,-33.5502906082533));
#6186=CARTESIAN_POINT('Ctrl Pts',(-5.74146478450783,43.0535726447102,-33.9755642610921));
#6187=CARTESIAN_POINT('Ctrl Pts',(-4.01980846013098,43.2219526959761,-35.4002688284046));
#6188=CARTESIAN_POINT('Ctrl Pts',(-3.19158955627772,43.3903327472421,-37.4758258742813));
#6189=CARTESIAN_POINT('Ctrl Pts',(-3.45944604907284,43.558712798508,-39.6944147281827));
#6190=CARTESIAN_POINT('Ctrl Pts',(-4.75784224820625,43.727092849774,-41.5132195317457));
#6191=CARTESIAN_POINT('Ctrl Pts',(-6.76910322887665,43.89547290104,-42.4872384591904));
#6192=CARTESIAN_POINT('Ctrl Pts',(-9.00113945692141,44.0638529523059,-42.378161055097));
#6193=CARTESIAN_POINT('Ctrl Pts',(-10.9078449429891,44.2322330035719,-41.2126749793383));
#6194=CARTESIAN_POINT('Ctrl Pts',(-12.0227114499878,44.4006130548379,-39.2759364128403));
#6195=CARTESIAN_POINT('Ctrl Pts',(-12.0729677436742,44.5689931061037,-37.0418017015185));
#6196=CARTESIAN_POINT('Ctrl Pts',(-11.0463177588502,44.7373731573698,-35.056890264691));
#6197=CARTESIAN_POINT('Ctrl Pts',(-9.19394904284826,44.9057532086356,-33.8068447681727));
#6198=CARTESIAN_POINT('Ctrl Pts',(-6.96907540895059,45.0741332599017,-33.5975103071433));
#6199=CARTESIAN_POINT('Ctrl Pts',(-4.91605039486156,45.2425133111676,-34.4801041519627));
#6200=CARTESIAN_POINT('Ctrl Pts',(-3.53718182264828,45.4108933624336,-36.2386845635309));
#6201=CARTESIAN_POINT('Ctrl Pts',(-3.16983356497062,45.5792734136995,-38.4429846476767));
#6202=CARTESIAN_POINT('Ctrl Pts',(-3.90388368078779,45.7476534649655,-40.5536845389138));
#6203=CARTESIAN_POINT('Ctrl Pts',(-5.55973420492749,45.9160335162314,-42.0543652661407));
#6204=CARTESIAN_POINT('Ctrl Pts',(-7.73225287416342,46.0844135674974,-42.5778595213608));
#6205=CARTESIAN_POINT('Ctrl Pts',(-9.88989569184955,46.2527936187633,-41.9960854461092));
#6206=CARTESIAN_POINT('Ctrl Pts',(-11.5047582939442,46.4211736700293,-40.4513840575791));
#6207=CARTESIAN_POINT('Ctrl Pts',(-12.1817368160119,46.5895537212952,-38.3216930742955));
#6208=CARTESIAN_POINT('Ctrl Pts',(-11.755196838525,46.7579337725612,-36.1280779644296));
#6209=CARTESIAN_POINT('Ctrl Pts',(-10.329498690549,46.9263138238272,-34.4072443303999));
#6210=CARTESIAN_POINT('Ctrl Pts',(-8.25346390562539,47.0946938750931,-33.5802236704196));
#6211=CARTESIAN_POINT('Ctrl Pts',(-6.03503003918242,47.2630739263591,-33.8493607869813));
#6212=CARTESIAN_POINT('Ctrl Pts',(-4.21697503368391,47.431453977625,-35.148806668692));
#6213=CARTESIAN_POINT('Ctrl Pts',(-3.24411725484747,47.599834028891,-37.1606295566089));
#6214=CARTESIAN_POINT('Ctrl Pts',(-3.35448308174709,47.7682140801569,-39.3926024593799));
#6215=CARTESIAN_POINT('Ctrl Pts',(-4.52106958169568,47.9365941314229,-41.2986348340773));
#6216=CARTESIAN_POINT('Ctrl Pts',(-6.45845141394136,48.1049741826888,-42.4123832284123));
#6217=CARTESIAN_POINT('Ctrl Pts',(-8.69261468729269,48.2733542339548,-42.4613497760787));
#6218=CARTESIAN_POINT('Ctrl Pts',(-10.676933320076,48.4417342852207,-41.4335543744981));
#6219=CARTESIAN_POINT('Ctrl Pts',(-11.9259090195496,48.6101143364867,-39.5804639901264));
#6220=CARTESIAN_POINT('Ctrl Pts',(-12.1339597985546,48.7784943877526,-37.355470696231));
#6221=CARTESIAN_POINT('Ctrl Pts',(-11.2501796714208,48.9468744390187,-35.3029538469583));
#6222=CARTESIAN_POINT('Ctrl Pts',(-9.49080632987646,49.1152544902845,-33.9251040127031));
#6223=CARTESIAN_POINT('Ctrl Pts',(-7.28628899363161,49.2836345415505,-33.5590213305228));
#6224=CARTESIAN_POINT('Ctrl Pts',(-5.17602457509318,49.4520145928165,-34.2943038467308));
#6225=CARTESIAN_POINT('Ctrl Pts',(-3.67627661797802,49.6203946440825,-35.9509914414298));
#6226=CARTESIAN_POINT('Ctrl Pts',(-3.15408422843659,49.7887746953483,-38.1238710999356));
#6227=CARTESIAN_POINT('Ctrl Pts',(-3.73700591750738,49.9571547466144,-40.2810556652183));
#6228=CARTESIAN_POINT('Ctrl Pts',(-5.2828419075181,50.1255347978803,-41.8952766909701));
#6229=CARTESIAN_POINT('Ctrl Pts',(-6.70258609629074,50.2377881653909,-42.3452202227781));
#6230=CARTESIAN_POINT('Ctrl Pts',(-7.42335581679573,50.2939148491463,-42.3865552061638));
#6231=CARTESIAN_POINT('Ctrl Pts',(-4.19958380476728,20.0883086972316,-36.2067517717413));
#6232=CARTESIAN_POINT('Ctrl Pts',(-3.89074663121839,20.1444353809869,-36.7851941119653));
#6233=CARTESIAN_POINT('Ctrl Pts',(-3.56816840861994,20.2566887484976,-38.0988809210588));
#6234=CARTESIAN_POINT('Ctrl Pts',(-4.08874875259007,20.4250687997636,-40.0609869673819));
#6235=CARTESIAN_POINT('Ctrl Pts',(-5.48576042068719,20.5934488510295,-41.5332336418198));
#6236=CARTESIAN_POINT('Ctrl Pts',(-7.41760708336168,20.7618289022955,-42.1559854879049));
#6237=CARTESIAN_POINT('Ctrl Pts',(-9.41152855011075,20.9302089535614,-41.7765962247608));
#6238=CARTESIAN_POINT('Ctrl Pts',(-10.9797265852461,21.0985890048274,-40.4880261745282));
#6239=CARTESIAN_POINT('Ctrl Pts',(-11.7384907198827,21.2669690560933,-38.6054795491762));
#6240=CARTESIAN_POINT('Ctrl Pts',(-11.5021879569139,21.4353491073593,-36.5895862467218));
#6241=CARTESIAN_POINT('Ctrl Pts',(-10.3286281171933,21.6037291586252,-34.9335532726753));
#6242=CARTESIAN_POINT('Ctrl Pts',(-8.50494555647586,21.7721092098912,-34.0425653043449));
#6243=CARTESIAN_POINT('Ctrl Pts',(-6.47733416393615,21.9404892611571,-34.134614047148));
#6244=CARTESIAN_POINT('Ctrl Pts',(-4.74188454929165,22.1088693124231,-35.1871800530657));
#6245=CARTESIAN_POINT('Ctrl Pts',(-3.72320393426824,22.2772493636891,-36.9427340672876));
#6246=CARTESIAN_POINT('Ctrl Pts',(-3.67053018228229,22.445629414955,-38.971750099502));
#6247=CARTESIAN_POINT('Ctrl Pts',(-4.59675075337646,22.614009466221,-40.7777943203993));
#6248=CARTESIAN_POINT('Ctrl Pts',(-6.27524991880146,22.7823895174869,-41.9189871058864));
#6249=CARTESIAN_POINT('Ctrl Pts',(-8.29535401773061,22.9507695687529,-42.1161159938162));
#6250=CARTESIAN_POINT('Ctrl Pts',(-10.1628099043646,23.1191496200188,-41.3209500421998));
#6251=CARTESIAN_POINT('Ctrl Pts',(-11.4207124256222,23.2875296712848,-39.7280402424654));
#6252=CARTESIAN_POINT('Ctrl Pts',(-11.7612941324808,23.4559097225507,-37.7271193349286));
#6253=CARTESIAN_POINT('Ctrl Pts',(-11.1012258611878,23.6242897738167,-35.807746974353));
#6254=CARTESIAN_POINT('Ctrl Pts',(-9.60200464882671,23.7926698250826,-34.4395305676272));
#6255=CARTESIAN_POINT('Ctrl Pts',(-7.63044070778542,23.9610498763486,-33.9572277515116));
#6256=CARTESIAN_POINT('Ctrl Pts',(-5.66891100996996,24.1294299276146,-34.4788421919071));
#6257=CARTESIAN_POINT('Ctrl Pts',(-4.19733747719905,24.2978099788805,-35.8767519591919));
#6258=CARTESIAN_POINT('Ctrl Pts',(-3.57576584259562,24.4661900301465,-37.8089344254575));
#6259=CARTESIAN_POINT('Ctrl Pts',(-3.95627427952018,24.6345700814124,-39.8026479729024));
#6260=CARTESIAN_POINT('Ctrl Pts',(-5.24576486519864,24.8029501326784,-41.3700963482282));
#6261=CARTESIAN_POINT('Ctrl Pts',(-7.12874158607581,24.9713301839443,-42.1277763918396));
#6262=CARTESIAN_POINT('Ctrl Pts',(-9.14450185491043,25.1397102352103,-41.8903086709934));
#6263=CARTESIAN_POINT('Ctrl Pts',(-10.7998553094326,25.3080902864763,-40.7157937411362));
#6264=CARTESIAN_POINT('Ctrl Pts',(-11.6897913030189,25.4764703377422,-38.8915968473841));
#6265=CARTESIAN_POINT('Ctrl Pts',(-11.5965717138008,25.6448503890082,-36.8640390829685));
#6266=CARTESIAN_POINT('Ctrl Pts',(-10.5430043149485,25.8132304402741,-35.1291972700268));
#6267=CARTESIAN_POINT('Ctrl Pts',(-8.78686246133375,25.9816104915401,-34.1115302469597));
#6268=CARTESIAN_POINT('Ctrl Pts',(-6.75781641204996,26.149990542806,-34.06002772526));
#6269=CARTESIAN_POINT('Ctrl Pts',(-4.9523071236824,26.318370594072,-34.9872906812084));
#6270=CARTESIAN_POINT('Ctrl Pts',(-3.81208344592191,26.4867506453379,-36.6664483106553));
#6271=CARTESIAN_POINT('Ctrl Pts',(-3.61612068024499,26.6551306966039,-38.6866658668418));
#6272=CARTESIAN_POINT('Ctrl Pts',(-4.41236448213939,26.8235107478699,-40.5536624356121));
#6273=CARTESIAN_POINT('Ctrl Pts',(-6.00600013321709,26.9918907991358,-41.8106452483306));
#6274=CARTESIAN_POINT('Ctrl Pts',(-8.00711730721971,27.1602708504017,-42.1500718762893));
#6275=CARTESIAN_POINT('Ctrl Pts',(-9.92610832646453,27.3286509016677,-41.4888957666836));
#6276=CARTESIAN_POINT('Ctrl Pts',(-11.2934590872136,27.4970309529337,-39.988885007744));
#6277=CARTESIAN_POINT('Ctrl Pts',(-11.7746237471517,27.6654110041996,-38.0170429882398));
#6278=CARTESIAN_POINT('Ctrl Pts',(-11.2518771101756,27.8337910554656,-36.0558147166239));
#6279=CARTESIAN_POINT('Ctrl Pts',(-9.85311811707241,28.0021711067316,-34.5850483656801));
#6280=CARTESIAN_POINT('Ctrl Pts',(-7.92057717351191,28.1705511579975,-33.9645921776074));
#6281=CARTESIAN_POINT('Ctrl Pts',(-5.92708360488039,28.3389312092635,-34.3462514126343));
#6282=CARTESIAN_POINT('Ctrl Pts',(-4.36037984290294,28.5073112605294,-35.6366465854627));
#6283=CARTESIAN_POINT('Ctrl Pts',(-3.6037868647219,28.6756913117954,-37.5200603597639));
#6284=CARTESIAN_POINT('Ctrl Pts',(-3.84241813386555,28.8440713630613,-39.5356832156663));
#6285=CARTESIAN_POINT('Ctrl Pts',(-5.01788841280727,29.0124514143272,-41.1903584113417));
#6286=CARTESIAN_POINT('Ctrl Pts',(-6.84259871388949,29.1808314655932,-42.0792412478247));
#6287=CARTESIAN_POINT('Ctrl Pts',(-8.87010232993015,29.3492115168591,-41.9848512762458));
#6288=CARTESIAN_POINT('Ctrl Pts',(-10.6043356871856,29.5175915681251,-40.9302826238554));
#6289=CARTESIAN_POINT('Ctrl Pts',(-11.620988816256,29.6859716193911,-39.1735536195205));
#6290=CARTESIAN_POINT('Ctrl Pts',(-11.6713200724912,29.8543516706571,-37.1444781785848));
#6291=CARTESIAN_POINT('Ctrl Pts',(-10.7430150492722,30.022731721923,-35.3395044493283));
#6292=CARTESIAN_POINT('Ctrl Pts',(-9.06319951151643,30.191111773189,-34.2002502466407));
#6293=CARTESIAN_POINT('Ctrl Pts',(-7.04286917226262,30.3594918244549,-34.0054536754609));
#6294=CARTESIAN_POINT('Ctrl Pts',(-5.17633254465532,30.5278718757208,-34.8027750572967));
#6295=CARTESIAN_POINT('Ctrl Pts',(-3.92026985526263,30.6962519269868,-36.3971360344727));
#6296=CARTESIAN_POINT('Ctrl Pts',(-3.58199842838938,30.8646319782528,-38.3984487985294));
#6297=CARTESIAN_POINT('Ctrl Pts',(-4.24428213702537,31.0330120295188,-40.317057855611));
#6298=CARTESIAN_POINT('Ctrl Pts',(-5.74508198172137,31.2013920807846,-41.6835424772407));
#6299=CARTESIAN_POINT('Ctrl Pts',(-7.71720134276708,31.3697721320506,-42.1635688971858));
#6300=CARTESIAN_POINT('Ctrl Pts',(-9.67812769814719,31.5381521833166,-41.6396900814021));
#6301=CARTESIAN_POINT('Ctrl Pts',(-11.1480860427306,31.7065322345825,-40.2400826485011));
#6302=CARTESIAN_POINT('Ctrl Pts',(-11.7674272617923,31.8749122858485,-38.3071832170733));
#6303=CARTESIAN_POINT('Ctrl Pts',(-11.3846159559208,32.0432923371144,-36.3139116305525));
#6304=CARTESIAN_POINT('Ctrl Pts',(-10.0933194899587,32.2116723883804,-34.747950264477));
#6305=CARTESIAN_POINT('Ctrl Pts',(-8.20946343036679,32.3800524396463,-33.9924502084572));
#6306=CARTESIAN_POINT('Ctrl Pts',(-6.19399064665646,32.5484324909123,-34.2322334800789));
#6307=CARTESIAN_POINT('Ctrl Pts',(-4.53996973611128,32.7168125421783,-35.4086821749351));
#6308=CARTESIAN_POINT('Ctrl Pts',(-3.65219052791029,32.8851925934442,-37.2338572823854));
#6309=CARTESIAN_POINT('Ctrl Pts',(-3.74764819913756,33.0535726447102,-39.2614042615534));
#6310=CARTESIAN_POINT('Ctrl Pts',(-4.80342776423696,33.2219526959761,-40.9948277077502));
#6311=CARTESIAN_POINT('Ctrl Pts',(-6.56031368137775,33.3903327472421,-42.010877571989));
#6312=CARTESIAN_POINT('Ctrl Pts',(-8.59029683201603,33.558712798508,-42.0591967702831));
#6313=CARTESIAN_POINT('Ctrl Pts',(-10.3929362744807,33.727092849774,-41.1315700232691));
#6314=CARTESIAN_POINT('Ctrl Pts',(-11.5348945137378,33.89547290104,-39.4475808537036));
#6315=CARTESIAN_POINT('Ctrl Pts',(-11.7210496538123,34.0638529523059,-37.4343153902348));
#6316=CARTESIAN_POINT('Ctrl Pts',(-10.6750359233215,34.2883596873272,-34.9276977075814));
#6317=CARTESIAN_POINT('Ctrl Pts',(-7.29167726356782,34.5689931061038,-33.420358772334));
#6318=CARTESIAN_POINT('Ctrl Pts',(-3.55636323732774,34.9057532086356,-35.8783797196691));
#6319=CARTESIAN_POINT('Ctrl Pts',(-3.61476366788617,35.2425133111676,-40.3378383385435));
#6320=CARTESIAN_POINT('Ctrl Pts',(-7.39151806748803,35.5792734136995,-42.7098223158989));
#6321=CARTESIAN_POINT('Ctrl Pts',(-11.4350492161453,35.9160335162314,-40.8008189890285));
#6322=CARTESIAN_POINT('Ctrl Pts',(-11.9099717263597,36.196666935008,-37.1274506307591));
#6323=CARTESIAN_POINT('Ctrl Pts',(-10.3146815323839,36.4211736700293,-34.9291953843487));
#6324=CARTESIAN_POINT('Ctrl Pts',(-8.49896589933022,36.5895537212952,-34.0397751785648));
#6325=CARTESIAN_POINT('Ctrl Pts',(-6.46665759185798,36.7579337725612,-34.1378113290429));
#6326=CARTESIAN_POINT('Ctrl Pts',(-4.73604763950163,36.9263138238271,-35.1937419773858));
#6327=CARTESIAN_POINT('Ctrl Pts',(-3.72024781135257,37.0946938750931,-36.951956141227));
#6328=CARTESIAN_POINT('Ctrl Pts',(-3.67283371947596,37.263073926359,-38.9809355290865));
#6329=CARTESIAN_POINT('Ctrl Pts',(-4.60294109687273,37.431453977625,-40.7849110279273));
#6330=CARTESIAN_POINT('Ctrl Pts',(-6.28420805096384,37.599834028891,-41.9221886320377));
#6331=CARTESIAN_POINT('Ctrl Pts',(-8.30469483345054,37.7682140801569,-42.1146704679771));
#6332=CARTESIAN_POINT('Ctrl Pts',(-10.1703425175789,37.9365941314229,-41.3151859947971));
#6333=CARTESIAN_POINT('Ctrl Pts',(-11.4245476600441,38.1049741826888,-39.7193802359904));
#6334=CARTESIAN_POINT('Ctrl Pts',(-11.7605162109271,38.2733542339548,-37.7176761817594));
#6335=CARTESIAN_POINT('Ctrl Pts',(-11.0960140792281,38.4417342852207,-35.7998340401809));
#6336=CARTESIAN_POINT('Ctrl Pts',(-9.59363955284848,38.6101143364867,-34.4350824525211));
#6337=CARTESIAN_POINT('Ctrl Pts',(-7.62096632540384,38.7784943877526,-33.9573334646981));
#6338=CARTESIAN_POINT('Ctrl Pts',(-5.66064670033906,38.9468744390186,-34.4834755259593));
#6339=CARTESIAN_POINT('Ctrl Pts',(-4.19230461561249,39.1152544902846,-35.8847794569721));
#6340=CARTESIAN_POINT('Ctrl Pts',(-3.57519611297988,39.2836345415505,-37.8183919398743));
#6341=CARTESIAN_POINT('Ctrl Pts',(-3.9603069254999,39.4520145928165,-39.8112216007009));
#6342=CARTESIAN_POINT('Ctrl Pts',(-5.2534133042578,39.6203946440824,-41.3756883845783));
#6343=CARTESIAN_POINT('Ctrl Pts',(-7.13813446030871,39.7887746953484,-42.1290186585944));
#6344=CARTESIAN_POINT('Ctrl Pts',(-9.15334105392795,39.9571547466144,-41.8868972215843));
#6345=CARTESIAN_POINT('Ctrl Pts',(-10.8059781628265,40.1255347978803,-40.7085632475246));
#6346=CARTESIAN_POINT('Ctrl Pts',(-11.6916997537706,40.2939148491463,-38.8823163728693));
#6347=CARTESIAN_POINT('Ctrl Pts',(-11.5937988246113,40.4622949004122,-36.854979255541));
#6348=CARTESIAN_POINT('Ctrl Pts',(-10.5362285217745,40.6306749516782,-35.1225747317656));
#6349=CARTESIAN_POINT('Ctrl Pts',(-8.7777415778316,40.7990550029441,-34.1089653156961));
#6350=CARTESIAN_POINT('Ctrl Pts',(-6.74858201922229,40.9674350542101,-34.0621479554062));
#6351=CARTESIAN_POINT('Ctrl Pts',(-4.94521857418054,41.135815105476,-34.9935773220838));
#6352=CARTESIAN_POINT('Ctrl Pts',(-3.80887507515581,41.304195156742,-36.6753632276072));
#6353=CARTESIAN_POINT('Ctrl Pts',(-3.61757747118534,41.4725752080079,-38.6960278723676));
#6354=CARTESIAN_POINT('Ctrl Pts',(-4.41813000588183,41.6409552592739,-40.5611809543021));
#6355=CARTESIAN_POINT('Ctrl Pts',(-6.01466375537187,41.8093353105398,-41.8144807454889));
#6356=CARTESIAN_POINT('Ctrl Pts',(-8.01655932386742,41.9777153618058,-42.1492859316761));
#6357=CARTESIAN_POINT('Ctrl Pts',(-9.9340185861024,42.1460954130717,-41.4836806751444));
#6358=CARTESIAN_POINT('Ctrl Pts',(-11.2979022089954,42.3144754643377,-39.9805167309717));
#6359=CARTESIAN_POINT('Ctrl Pts',(-11.7745126450406,42.4828555156036,-38.0075689688381));
#6360=CARTESIAN_POINT('Ctrl Pts',(-11.2472389672109,42.6512355668697,-36.0475529361171));
#6361=CARTESIAN_POINT('Ctrl Pts',(-9.84508773457173,42.8196156181355,-34.5800202105317));
#6362=CARTESIAN_POINT('Ctrl Pts',(-7.91111932244315,42.9879956694015,-33.9640278723127));
#6363=CARTESIAN_POINT('Ctrl Pts',(-5.91851231090798,43.1563757206675,-34.3502890241732));
#6364=CARTESIAN_POINT('Ctrl Pts',(-4.35479222027381,43.3247557719335,-35.644298242843));
#6365=CARTESIAN_POINT('Ctrl Pts',(-3.60255002125821,43.4931358231994,-37.5294539536202));
#6366=CARTESIAN_POINT('Ctrl Pts',(-3.84583468455603,43.6615158744654,-39.5445204419674));
#6367=CARTESIAN_POINT('Ctrl Pts',(-5.02512243986507,43.8298959257313,-41.1964770909245));
#6368=CARTESIAN_POINT('Ctrl Pts',(-6.85188028836966,43.9982759769973,-42.0811443406757));
#6369=CARTESIAN_POINT('Ctrl Pts',(-8.87916055528369,44.1666560282632,-41.9820731580011));
#6370=CARTESIAN_POINT('Ctrl Pts',(-10.6109543129988,44.3350360795292,-40.9235030088874));
#6371=CARTESIAN_POINT('Ctrl Pts',(-11.6235484821631,44.5034161307951,-39.1644312569596));
#6372=CARTESIAN_POINT('Ctrl Pts',(-11.6691945120969,44.6717961820611,-37.1352450112427));
#6373=CARTESIAN_POINT('Ctrl Pts',(-10.7367243177916,44.840176233327,-35.3324195297865));
#6374=CARTESIAN_POINT('Ctrl Pts',(-9.05428274367381,45.008556284593,-34.1970470228374));
#6375=CARTESIAN_POINT('Ctrl Pts',(-7.0335080099549,45.1769363358589,-34.0069158696341));
#6376=CARTESIAN_POINT('Ctrl Pts',(-5.16881735384065,45.3453163871249,-34.8085449215378));
#6377=CARTESIAN_POINT('Ctrl Pts',(-3.91643936284155,45.5136964383909,-36.4058018662768));
#6378=CARTESIAN_POINT('Ctrl Pts',(-3.58278981696142,45.6820764896568,-38.4078903659158));
#6379=CARTESIAN_POINT('Ctrl Pts',(-4.24950180667931,45.8504565409228,-40.3249650912802));
#6380=CARTESIAN_POINT('Ctrl Pts',(-5.7534527956327,46.0188365921887,-41.6879807928267));
#6381=CARTESIAN_POINT('Ctrl Pts',(-7.72667535013509,46.1872166434547,-42.1634522749272));
#6382=CARTESIAN_POINT('Ctrl Pts',(-9.68638669011437,46.3555966947207,-41.6350472751602));
#6383=CARTESIAN_POINT('Ctrl Pts',(-11.1531097862138,46.5239767459866,-40.2320491499976));
#6384=CARTESIAN_POINT('Ctrl Pts',(-11.7679856478457,46.6923567972526,-38.2977254814174));
#6385=CARTESIAN_POINT('Ctrl Pts',(-11.3805743376956,46.8607368485185,-36.3053417693791));
#6386=CARTESIAN_POINT('Ctrl Pts',(-10.0856626845369,47.0291168997845,-34.7423688995497));
#6387=CARTESIAN_POINT('Ctrl Pts',(-8.20007306012935,47.1974969510504,-33.9912150234422));
#6388=CARTESIAN_POINT('Ctrl Pts',(-6.18514734145797,47.3658770023164,-34.2356628324178));
#6389=CARTESIAN_POINT('Ctrl Pts',(-4.53387170780033,47.5342570535823,-35.4159039776175));
#6390=CARTESIAN_POINT('Ctrl Pts',(-3.65025908862857,47.7026371048483,-37.2431721867777));
#6391=CARTESIAN_POINT('Ctrl Pts',(-3.75050050057522,47.8710171561142,-39.2703949375652));
#6392=CARTESIAN_POINT('Ctrl Pts',(-4.81007012640779,48.0393972073802,-41.0015773318172));
#6393=CARTESIAN_POINT('Ctrl Pts',(-6.56972613406588,48.2077772586462,-42.013155958442));
#6394=CARTESIAN_POINT('Ctrl Pts',(-8.59893832167307,48.3761573099121,-42.057630557275));
#6395=CARTESIAN_POINT('Ctrl Pts',(-10.4012253799953,48.5445373611781,-41.1241200210797));
#6396=CARTESIAN_POINT('Ctrl Pts',(-11.535626227788,48.712917412444,-39.441022980878));
#6397=CARTESIAN_POINT('Ctrl Pts',(-11.7245914576053,48.8812974637099,-37.4201395641776));
#6398=CARTESIAN_POINT('Ctrl Pts',(-10.9218849470578,49.0496775149759,-35.5559104563534));
#6399=CARTESIAN_POINT('Ctrl Pts',(-9.32390781181578,49.2180575662419,-34.3044577493321));
#6400=CARTESIAN_POINT('Ctrl Pts',(-7.32162198971062,49.3864376175078,-33.9719576813143));
#6401=CARTESIAN_POINT('Ctrl Pts',(-5.40494278893377,49.5548176687738,-34.6397890171082));
#6402=CARTESIAN_POINT('Ctrl Pts',(-4.04277428978377,49.7231977200397,-36.144500287909));
#6403=CARTESIAN_POINT('Ctrl Pts',(-3.56848524664519,49.8915777713057,-38.1180507163115));
#6404=CARTESIAN_POINT('Ctrl Pts',(-4.09793258381706,50.0599578225717,-40.0773458416958));
#6405=CARTESIAN_POINT('Ctrl Pts',(-5.50196122773361,50.2283378738376,-41.543486216492));
#6406=CARTESIAN_POINT('Ctrl Pts',(-6.79146510845062,50.3405912413482,-41.9521541546728));
#6407=CARTESIAN_POINT('Ctrl Pts',(-7.44611498062088,50.3967179251036,-41.989697271177));
#6408=CARTESIAN_POINT('Ctrl Pts',(-4.55024366495966,20.1911117731889,-36.3939731982658));
#6409=CARTESIAN_POINT('Ctrl Pts',(-4.27259914559625,20.2472384569443,-36.9139926754726));
#6410=CARTESIAN_POINT('Ctrl Pts',(-3.98260142757133,20.3594918244549,-38.0949966929411));
#6411=CARTESIAN_POINT('Ctrl Pts',(-4.45060298881716,20.5278718757209,-39.8589293954438));
#6412=CARTESIAN_POINT('Ctrl Pts',(-5.70651602764215,20.6962519269868,-41.182478680692));
#6413=CARTESIAN_POINT('Ctrl Pts',(-7.44324555400907,20.8646319782528,-41.7423323893699));
#6414=CARTESIAN_POINT('Ctrl Pts',(-9.23578030920847,21.0330120295187,-41.4012615642265));
#6415=CARTESIAN_POINT('Ctrl Pts',(-10.6455898367615,21.2013920807847,-40.2428375048693));
#6416=CARTESIAN_POINT('Ctrl Pts',(-11.3277185489583,21.3697721320506,-38.5504286961469));
#6417=CARTESIAN_POINT('Ctrl Pts',(-11.1152824413005,21.5381521833166,-36.7381412677384));
#6418=CARTESIAN_POINT('Ctrl Pts',(-10.0602525240816,21.7065322345825,-35.2493681584471));
#6419=CARTESIAN_POINT('Ctrl Pts',(-8.42076249047111,21.8749122858485,-34.4483702624263));
#6420=CARTESIAN_POINT('Ctrl Pts',(-6.59794050285719,22.0432923371144,-34.5311220525036));
#6421=CARTESIAN_POINT('Ctrl Pts',(-5.03777185929487,22.2116723883804,-35.4773785521766));
#6422=CARTESIAN_POINT('Ctrl Pts',(-4.12197831510154,22.3800524396464,-37.0556210444717));
#6423=CARTESIAN_POINT('Ctrl Pts',(-4.0746246290632,22.5484324909123,-38.8797058026999));
#6424=CARTESIAN_POINT('Ctrl Pts',(-4.90729662359965,22.7168125421783,-40.5033389745037));
#6425=CARTESIAN_POINT('Ctrl Pts',(-6.41626683169066,22.8851925934442,-41.529270920411));
#6426=CARTESIAN_POINT('Ctrl Pts',(-8.23233976477121,23.0535726447102,-41.7064897270494));
#6427=CARTESIAN_POINT('Ctrl Pts',(-9.91118200425564,23.2219526959761,-40.9916357931343));
#6428=CARTESIAN_POINT('Ctrl Pts',(-11.0420359649603,23.3903327472421,-39.5596103971806));
#6429=CARTESIAN_POINT('Ctrl Pts',(-11.3482188095256,23.5587127985081,-37.7607831469717));
#6430=CARTESIAN_POINT('Ctrl Pts',(-10.7548176466272,23.727092849774,-36.0352680141664));
#6431=CARTESIAN_POINT('Ctrl Pts',(-9.40701826049031,23.89547290104,-34.8052419060224));
#6432=CARTESIAN_POINT('Ctrl Pts',(-7.6345829136878,24.0638529523059,-34.3716518299663));
#6433=CARTESIAN_POINT('Ctrl Pts',(-5.87116834830738,24.2322330035719,-34.8405830435649));
#6434=CARTESIAN_POINT('Ctrl Pts',(-4.54822421720068,24.4006130548378,-36.0973034732698));
#6435=CARTESIAN_POINT('Ctrl Pts',(-3.98943151826388,24.5689931061038,-37.8343348869568));
#6436=CARTESIAN_POINT('Ctrl Pts',(-4.33150848027482,24.7373731573697,-39.6266827227688));
#6437=CARTESIAN_POINT('Ctrl Pts',(-5.49076010070084,24.9057532086357,-41.035818306395));
#6438=CARTESIAN_POINT('Ctrl Pts',(-7.18355556516158,25.0741332599016,-41.7169724211099));
#6439=CARTESIAN_POINT('Ctrl Pts',(-8.99572339638882,25.2425133111676,-41.5034890166963));
#6440=CARTESIAN_POINT('Ctrl Pts',(-10.4838856178469,25.4108933624335,-40.4476004737527));
#6441=CARTESIAN_POINT('Ctrl Pts',(-11.2839377889123,25.5792734136995,-38.8076480549101));
#6442=CARTESIAN_POINT('Ctrl Pts',(-11.2001334082857,25.7476534649654,-36.9848742789624));
#6443=CARTESIAN_POINT('Ctrl Pts',(-10.2529766566876,25.9160335162314,-35.4252520489348));
#6444=CARTESIAN_POINT('Ctrl Pts',(-8.67420569696809,26.0844135674974,-34.5103697235831));
#6445=CARTESIAN_POINT('Ctrl Pts',(-6.85009395340415,26.2527936187633,-34.4640689731942));
#6446=CARTESIAN_POINT('Ctrl Pts',(-5.22694168577201,26.4211736700293,-35.2976780713782));
#6447=CARTESIAN_POINT('Ctrl Pts',(-4.20188096739812,26.5895537212952,-36.8072402384124));
#6448=CARTESIAN_POINT('Ctrl Pts',(-4.02571050428879,26.7579337725612,-38.6234151695307));
#6449=CARTESIAN_POINT('Ctrl Pts',(-4.74153342525615,26.9263138238271,-40.3018444824039));
#6450=CARTESIAN_POINT('Ctrl Pts',(-6.17421136133311,27.0946938750931,-41.4318716254287));
#6451=CARTESIAN_POINT('Ctrl Pts',(-7.97321505503149,27.263073926359,-41.7370160544356));
#6452=CARTESIAN_POINT('Ctrl Pts',(-9.69838736210348,27.431453977625,-41.1426189452516));
#6453=CARTESIAN_POINT('Ctrl Pts',(-10.9276352547936,27.5998340288909,-39.7941097569954));
#6454=CARTESIAN_POINT('Ctrl Pts',(-11.3602021288135,27.7682140801569,-38.0214244177446));
#6455=CARTESIAN_POINT('Ctrl Pts',(-10.8902530708543,27.9365941314229,-36.2582808344202));
#6456=CARTESIAN_POINT('Ctrl Pts',(-9.63276918741272,28.1049741826888,-34.9360623595156));
#6457=CARTESIAN_POINT('Ctrl Pts',(-7.89541550275329,28.2733542339548,-34.37827244665));
#6458=CARTESIAN_POINT('Ctrl Pts',(-6.1032654278235,28.4417342852207,-34.7213839757836));
#6459=CARTESIAN_POINT('Ctrl Pts',(-4.69479925135718,28.6101143364867,-35.8814488197656));
#6460=CARTESIAN_POINT('Ctrl Pts',(-4.01462240811345,28.7784943877527,-37.5746371951134));
#6461=CARTESIAN_POINT('Ctrl Pts',(-4.22915184207094,28.9468744390186,-39.3866814921591));
#6462=CARTESIAN_POINT('Ctrl Pts',(-5.28589924353325,29.1152544902846,-40.8742339591327));
#6463=CARTESIAN_POINT('Ctrl Pts',(-6.92631321540001,29.2836345415505,-41.6733393423021));
#6464=CARTESIAN_POINT('Ctrl Pts',(-8.74903831197609,29.4520145928165,-41.5884827883108));
#6465=CARTESIAN_POINT('Ctrl Pts',(-10.3081135405381,29.6203946440824,-40.640425910105));
#6466=CARTESIAN_POINT('Ctrl Pts',(-11.2220843755139,29.7887746953484,-39.0611271020775));
#6467=CARTESIAN_POINT('Ctrl Pts',(-11.2673321586282,29.9571547466143,-37.2369889354281));
#6468=CARTESIAN_POINT('Ctrl Pts',(-10.4327862423042,30.1255347978803,-35.6143181352639));
#6469=CARTESIAN_POINT('Ctrl Pts',(-8.92263261591257,30.2939148491462,-34.5901289746677));
#6470=CARTESIAN_POINT('Ctrl Pts',(-7.10635629285316,30.4622949004122,-34.415006920035));
#6471=CARTESIAN_POINT('Ctrl Pts',(-5.42834046693708,30.6306749516781,-35.1317985850219));
#6472=CARTESIAN_POINT('Ctrl Pts',(-4.29914051448532,30.7990550029441,-36.5651285890273));
#6473=CARTESIAN_POINT('Ctrl Pts',(-3.99503461088132,30.9674350542101,-38.3643081181211));
#6474=CARTESIAN_POINT('Ctrl Pts',(-4.59042745123624,31.135815105476,-40.0891370413316));
#6475=CARTESIAN_POINT('Ctrl Pts',(-5.93964602733275,31.304195156742,-41.317606275233));
#6476=CARTESIAN_POINT('Ctrl Pts',(-7.71258069654004,31.4725752080079,-41.7491498718664));
#6477=CARTESIAN_POINT('Ctrl Pts',(-9.47545285726575,31.6409552592739,-41.2781829855246));
#6478=CARTESIAN_POINT('Ctrl Pts',(-10.7969449347131,31.8093353105399,-40.0199363549785));
#6479=CARTESIAN_POINT('Ctrl Pts',(-11.3537324907976,31.9777153618058,-38.282260389842));
#6480=CARTESIAN_POINT('Ctrl Pts',(-11.0095852503465,32.1460954130718,-36.4903098767581));
#6481=CARTESIAN_POINT('Ctrl Pts',(-9.84871014412822,32.3144754643377,-35.0825111139681));
#6482=CARTESIAN_POINT('Ctrl Pts',(-8.15512415444664,32.4828555156037,-34.4033168073947));
#6483=CARTESIAN_POINT('Ctrl Pts',(-6.34321477225337,32.6512355668696,-34.6188818912082));
#6484=CARTESIAN_POINT('Ctrl Pts',(-4.85625050740055,32.8196156181356,-35.6765088882619));
#6485=CARTESIAN_POINT('Ctrl Pts',(-4.05813728570069,32.9879956694016,-37.3173407209035));
#6486=CARTESIAN_POINT('Ctrl Pts',(-4.14395370133128,33.1563757206675,-39.1401048009172));
#6487=CARTESIAN_POINT('Ctrl Pts',(-5.09309918967172,33.3247557719335,-40.6984519196987));
#6488=CARTESIAN_POINT('Ctrl Pts',(-6.67253906226101,33.4931358231994,-41.6118804197856));
#6489=CARTESIAN_POINT('Ctrl Pts',(-8.49749325964027,33.6615158744654,-41.6553193634601));
#6490=CARTESIAN_POINT('Ctrl Pts',(-10.1180655367317,33.8298959257313,-40.8213832172256));
#6491=CARTESIAN_POINT('Ctrl Pts',(-11.1446856253313,33.9982759769973,-39.3074774971837));
#6492=CARTESIAN_POINT('Ctrl Pts',(-11.3120390361889,34.1666560282632,-37.4975524951754));
#6493=CARTESIAN_POINT('Ctrl Pts',(-10.3716730300103,34.3911627632845,-35.2441040073172));
#6494=CARTESIAN_POINT('Ctrl Pts',(-7.33003468664994,34.6717961820611,-33.8890067909251));
#6495=CARTESIAN_POINT('Ctrl Pts',(-3.97198858238898,35.008556284593,-36.0987668294135));
#6496=CARTESIAN_POINT('Ctrl Pts',(-4.02449055061611,35.3453163871249,-40.1078186887824));
#6497=CARTESIAN_POINT('Ctrl Pts',(-7.4197915371572,35.6820764896569,-42.2402315190218));
#6498=CARTESIAN_POINT('Ctrl Pts',(-11.0549247350143,36.0188365921887,-40.5240381441716));
#6499=CARTESIAN_POINT('Ctrl Pts',(-11.4818799184468,36.2994700109653,-37.2216811754273));
#6500=CARTESIAN_POINT('Ctrl Pts',(-10.0477145488383,36.5239767459866,-35.2454504182477));
#6501=CARTESIAN_POINT('Ctrl Pts',(-8.41538678062674,36.6923567972525,-34.4458619402504));
#6502=CARTESIAN_POINT('Ctrl Pts',(-6.58834226800407,36.8607368485185,-34.5339964078953));
#6503=CARTESIAN_POINT('Ctrl Pts',(-5.03252447927714,37.0291168997844,-35.483277720023));
#6504=CARTESIAN_POINT('Ctrl Pts',(-4.11932076155424,37.1974969510504,-37.0639116859673));
#6505=CARTESIAN_POINT('Ctrl Pts',(-4.076695508257,37.3658770023164,-38.8879635009324));
#6506=CARTESIAN_POINT('Ctrl Pts',(-4.91286174040525,37.5342570535823,-40.5097368922749));
#6507=CARTESIAN_POINT('Ctrl Pts',(-6.42432018961399,37.7026371048483,-41.532149091388));
#6508=CARTESIAN_POINT('Ctrl Pts',(-8.24073715508929,37.8710171561142,-41.7051901997866));
#6509=CARTESIAN_POINT('Ctrl Pts',(-9.9179538211046,38.0393972073802,-40.9864539163792));
#6510=CARTESIAN_POINT('Ctrl Pts',(-11.045483839468,38.2077772586461,-39.5518250541541));
#6511=CARTESIAN_POINT('Ctrl Pts',(-11.3475194582999,38.3761573099121,-37.7522937553198));
#6512=CARTESIAN_POINT('Ctrl Pts',(-10.7501322563271,38.5445373611781,-36.028154288899));
#6513=CARTESIAN_POINT('Ctrl Pts',(-9.39949804190518,38.712917412444,-34.8012430519775));
#6514=CARTESIAN_POINT('Ctrl Pts',(-7.62606544698399,38.88129746371,-34.3717468660868));
#6515=CARTESIAN_POINT('Ctrl Pts',(-5.86373873661597,39.0496775149759,-34.8447484093827));
#6516=CARTESIAN_POINT('Ctrl Pts',(-4.54369967625838,39.2180575662419,-36.1045201911839));
#6517=CARTESIAN_POINT('Ctrl Pts',(-3.98891933152318,39.3864376175078,-37.8428371893657));
#6518=CARTESIAN_POINT('Ctrl Pts',(-4.33513382770931,39.5548176687738,-39.6343904113931));
#6519=CARTESIAN_POINT('Ctrl Pts',(-5.49763604494699,39.7231977200397,-41.0408455452693));
#6520=CARTESIAN_POINT('Ctrl Pts',(-7.19199975606601,39.8915777713057,-41.7180892185216));
#6521=CARTESIAN_POINT('Ctrl Pts',(-9.00366983345329,40.0599578225716,-41.5004221247784));
#6522=CARTESIAN_POINT('Ctrl Pts',(-10.4893900610723,40.2283378738376,-40.4411002623291));
#6523=CARTESIAN_POINT('Ctrl Pts',(-11.2856534855222,40.3967179251036,-38.7993049113159));
#6524=CARTESIAN_POINT('Ctrl Pts',(-11.1976405817991,40.5650979763695,-36.9767294970286));
#6525=CARTESIAN_POINT('Ctrl Pts',(-10.2468852208106,40.7334780276355,-35.4192983891749));
#6526=CARTESIAN_POINT('Ctrl Pts',(-8.66600602564282,40.9018580789014,-34.5080638512048));
#6527=CARTESIAN_POINT('Ctrl Pts',(-6.84179223723187,41.0702381301674,-34.4659750594114));
#6528=CARTESIAN_POINT('Ctrl Pts',(-5.2205690820572,41.2386181814334,-35.3033297594966));
#6529=CARTESIAN_POINT('Ctrl Pts',(-4.19899664311469,41.4069982326993,-36.8152547458755));
#6530=CARTESIAN_POINT('Ctrl Pts',(-4.02702015887407,41.5753782839653,-38.6318316094775));
#6531=CARTESIAN_POINT('Ctrl Pts',(-4.74671662924016,41.7437583352312,-40.3086036282801));
#6532=CARTESIAN_POINT('Ctrl Pts',(-6.18199995485463,41.9121383864971,-41.4353197361363));
#6533=CARTESIAN_POINT('Ctrl Pts',(-7.98170342495099,42.0805184377631,-41.736309490482));
#6534=CARTESIAN_POINT('Ctrl Pts',(-9.7054986829654,42.2488984890291,-41.1379305796408));
#6535=CARTESIAN_POINT('Ctrl Pts',(-10.9316296198418,42.417278540295,-39.7865866788775));
#6536=CARTESIAN_POINT('Ctrl Pts',(-11.3601022480515,42.585658591561,-38.0129072773596));
#6537=CARTESIAN_POINT('Ctrl Pts',(-10.8860833818257,42.7540386428269,-36.2508534964106));
#6538=CARTESIAN_POINT('Ctrl Pts',(-9.6255498761359,42.9224186940929,-34.9315420496597));
#6539=CARTESIAN_POINT('Ctrl Pts',(-7.88691289769438,43.0907987453588,-34.3777651363723));
#6540=CARTESIAN_POINT('Ctrl Pts',(-6.09555983730813,43.2591787966248,-34.7250137872542));
#6541=CARTESIAN_POINT('Ctrl Pts',(-4.68977598041664,43.4275588478907,-35.8883276572814));
#6542=CARTESIAN_POINT('Ctrl Pts',(-4.0135104862387,43.5959388991567,-37.5830820329591));
#6543=CARTESIAN_POINT('Ctrl Pts',(-4.23222332003921,43.7643189504227,-39.394626155752));
#6544=CARTESIAN_POINT('Ctrl Pts',(-5.2924026315239,43.9326990016886,-40.8797346501032));
#6545=CARTESIAN_POINT('Ctrl Pts',(-6.93465734786265,44.1010790529546,-41.675050222161));
#6546=CARTESIAN_POINT('Ctrl Pts',(-8.75718165364597,44.2694591042205,-41.5859852609052));
#6547=CARTESIAN_POINT('Ctrl Pts',(-10.3140636830084,44.4378391554865,-40.6343310384364));
#6548=CARTESIAN_POINT('Ctrl Pts',(-11.2243855143384,44.6062192067524,-39.052926101079));
#6549=CARTESIAN_POINT('Ctrl Pts',(-11.2654212805196,44.7745992580184,-37.2286883209669));
#6550=CARTESIAN_POINT('Ctrl Pts',(-10.4271308767331,44.9429793092843,-35.607948794882));
#6551=CARTESIAN_POINT('Ctrl Pts',(-8.91461644449936,45.1113593605503,-34.5872492775022));
#6552=CARTESIAN_POINT('Ctrl Pts',(-7.09794061095922,45.2797394118163,-34.4163214321249));
#6553=CARTESIAN_POINT('Ctrl Pts',(-5.42158431281973,45.4481194630822,-35.1369856911128));
#6554=CARTESIAN_POINT('Ctrl Pts',(-4.29569690303482,45.6164995143482,-36.5729191690228));
#6555=CARTESIAN_POINT('Ctrl Pts',(-3.99574606895221,45.7848795656141,-38.3727960841548));
#6556=CARTESIAN_POINT('Ctrl Pts',(-4.59511993257083,45.9532596168801,-40.0962456436467));
#6557=CARTESIAN_POINT('Ctrl Pts',(-5.94717138633791,46.121639668146,-41.3215963195126));
#6558=CARTESIAN_POINT('Ctrl Pts',(-7.72109782610677,46.290019719412,-41.7490450284935));
#6559=CARTESIAN_POINT('Ctrl Pts',(-9.48287768837919,46.4583997706779,-41.2740091042112));
#6560=CARTESIAN_POINT('Ctrl Pts',(-10.8014612784834,46.6267798219439,-40.0127142424161));
#6561=CARTESIAN_POINT('Ctrl Pts',(-11.3542344796794,46.7951598732098,-38.2737578885392));
#6562=CARTESIAN_POINT('Ctrl Pts',(-11.0059518368662,46.9635399244758,-36.4826055743287));
#6563=CARTESIAN_POINT('Ctrl Pts',(-9.84182667852469,47.1319199757418,-35.0774934686995));
#6564=CARTESIAN_POINT('Ctrl Pts',(-8.14668221463331,47.3003000270077,-34.4022063764648));
#6565=CARTESIAN_POINT('Ctrl Pts',(-6.33526464373353,47.4686800782737,-34.6219648778543));
#6566=CARTESIAN_POINT('Ctrl Pts',(-4.85076838191676,47.6370601295396,-35.683001286543));
#6567=CARTESIAN_POINT('Ctrl Pts',(-4.05640092240967,47.8054401808056,-37.3257148169464));
#6568=CARTESIAN_POINT('Ctrl Pts',(-4.14651791940335,47.9738202320715,-39.1481874157507));
#6569=CARTESIAN_POINT('Ctrl Pts',(-5.0990706711199,48.1422002833375,-40.704519829557));
#6570=CARTESIAN_POINT('Ctrl Pts',(-6.68100085419039,48.3105803346035,-41.6139286884717));
#6571=CARTESIAN_POINT('Ctrl Pts',(-8.50526195605347,48.4789603858694,-41.6539113384712));
#6572=CARTESIAN_POINT('Ctrl Pts',(-10.1255174399146,48.6473404371354,-40.8146856676613));
#6573=CARTESIAN_POINT('Ctrl Pts',(-11.1453434360264,48.8157204884013,-39.3015819716297));
#6574=CARTESIAN_POINT('Ctrl Pts',(-11.3152231166559,48.9841005396673,-37.4848084321242));
#6575=CARTESIAN_POINT('Ctrl Pts',(-10.5935902226948,49.1524805909332,-35.8088670657486));
#6576=CARTESIAN_POINT('Ctrl Pts',(-9.15700929375509,49.3208606421992,-34.6838114859611));
#6577=CARTESIAN_POINT('Ctrl Pts',(-7.35695498578963,49.4892406934651,-34.3848940321058));
#6578=CARTESIAN_POINT('Ctrl Pts',(-5.63386100277437,49.6576207447311,-34.9852741874856));
#6579=CARTESIAN_POINT('Ctrl Pts',(-4.40927196158952,49.826000795997,-36.3380091343881));
#6580=CARTESIAN_POINT('Ctrl Pts',(-3.98288626485378,49.994380847263,-38.1122303326874));
#6581=CARTESIAN_POINT('Ctrl Pts',(-4.45885925012675,50.162760898529,-39.8736360181732));
#6582=CARTESIAN_POINT('Ctrl Pts',(-5.72108054794912,50.3311409497949,-41.1916957420139));
#6583=CARTESIAN_POINT('Ctrl Pts',(-6.88034412061049,50.4433943173056,-41.5590880865675));
#6584=CARTESIAN_POINT('Ctrl Pts',(-7.46887414444604,50.4995210010609,-41.5928393361902));
#6585=CARTESIAN_POINT('Origin',(-7.67145251638462,35.1911117731889,-38.0604233397902));
#6586=CARTESIAN_POINT('',(0.,0.,0.));
#6587=CARTESIAN_POINT('Origin',(-41.5052887356031,29.5,-47.505288735603));
#6588=CARTESIAN_POINT('',(-49.0052887356031,29.5,-48.005288735603));
#6589=CARTESIAN_POINT('',(-49.0052887356031,30.,-47.505288735603));
#6590=CARTESIAN_POINT('Origin',(-49.0052887356031,29.5,-47.505288735603));
#6591=CARTESIAN_POINT('',(-36.5052887356031,30.,-47.505288735603));
#6592=CARTESIAN_POINT('',(-41.5052887356031,30.,-47.505288735603));
#6593=CARTESIAN_POINT('',(-36.5052887356031,29.5,-48.0052887356031));
#6594=CARTESIAN_POINT('Origin',(-36.5052887356031,29.5,-47.505288735603));
#6595=CARTESIAN_POINT('',(-41.5052887356031,29.5,-48.005288735603));
#6596=CARTESIAN_POINT('Origin',(-36.5052887356031,29.5,-45.505288735603));
#6597=CARTESIAN_POINT('',(-34.5052887356031,30.,-45.5052887356031));
#6598=CARTESIAN_POINT('',(-34.0052887356031,29.5,-45.5052887356031));
#6599=CARTESIAN_POINT('Origin',(-34.5052887356031,29.5,-45.5052887356031));
#6600=CARTESIAN_POINT('Origin',(-36.5052887356031,29.5,-45.505288735603));
#6601=CARTESIAN_POINT('Origin',(-36.5052887356031,30.,-45.505288735603));
#6602=CARTESIAN_POINT('Origin',(-34.5052887356031,29.5,-45.505288735603));
#6603=CARTESIAN_POINT('',(-34.5052887356031,30.,-28.0052887356031));
#6604=CARTESIAN_POINT('',(-34.0052887356031,29.5,-28.0052887356031));
#6605=CARTESIAN_POINT('Origin',(-34.5052887356031,29.5,-28.0052887356031));
#6606=CARTESIAN_POINT('',(-34.0052887356031,29.5,-45.505288735603));
#6607=CARTESIAN_POINT('',(-34.5052887356031,30.,-45.505288735603));
#6608=CARTESIAN_POINT('Origin',(-36.5052887356031,29.5,-28.0052887356031));
#6609=CARTESIAN_POINT('',(-36.5052887356031,30.,-26.0052887356031));
#6610=CARTESIAN_POINT('',(-36.5052887356031,29.5,-25.5052887356031));
#6611=CARTESIAN_POINT('Origin',(-36.5052887356031,29.5,-26.0052887356031));
#6612=CARTESIAN_POINT('Origin',(-36.5052887356031,29.5,-28.0052887356031));
#6613=CARTESIAN_POINT('Origin',(-36.5052887356031,30.,-28.0052887356031));
#6614=CARTESIAN_POINT('Origin',(-41.5052887356031,29.5,-26.0052887356031));
#6615=CARTESIAN_POINT('',(-49.0052887356031,30.,-26.0052887356031));
#6616=CARTESIAN_POINT('',(-49.0052887356031,29.5,-25.5052887356031));
#6617=CARTESIAN_POINT('Origin',(-49.0052887356031,29.5,-26.0052887356031));
#6618=CARTESIAN_POINT('',(-41.5052887356031,29.5,-25.5052887356031));
#6619=CARTESIAN_POINT('',(-41.5052887356031,30.,-26.0052887356031));
#6620=CARTESIAN_POINT('Origin',(-49.0052887356031,29.5,-45.505288735603));
#6621=CARTESIAN_POINT('',(-49.5052887356031,29.5,-47.505288735603));
#6622=CARTESIAN_POINT('Origin',(-49.0052887356031,29.5,-47.505288735603));
#6623=CARTESIAN_POINT('',(-49.5052887356031,29.5,-26.0052887356031));
#6624=CARTESIAN_POINT('',(-49.5052887356031,29.5,-45.505288735603));
#6625=CARTESIAN_POINT('Origin',(-49.0052887356031,29.5,-26.0052887356031));
#6626=CARTESIAN_POINT('',(-49.0052887356031,30.,-45.505288735603));
#6627=CARTESIAN_POINT('Origin',(-49.0052887356031,29.5,-26.0052887356031));
#6628=CARTESIAN_POINT('Origin',(-49.0052887356031,29.5,-26.0052887356031));
#6629=CARTESIAN_POINT('Origin',(-49.0052887356031,29.5,-47.505288735603));
#6630=CARTESIAN_POINT('Origin',(-49.0052887356031,29.5,-47.505288735603));
#6631=CARTESIAN_POINT('Origin',(-36.5052887356031,29.5,-28.0052887356031));
#6632=CARTESIAN_POINT('',(-36.5052887695091,28.9297595762504,-25.5052887356031));
#6633=CARTESIAN_POINT('',(-36.5052887356031,29.5,-25.5052887356031));
#6634=CARTESIAN_POINT('',(-34.9752142940252,28.8630292630861,-26.0282019385124));
#6635=CARTESIAN_POINT('Ctrl Pts',(-36.5052887695092,28.9297595762984,-25.5052887356031));
#6636=CARTESIAN_POINT('Ctrl Pts',(-36.4734580793812,28.9298046043903,-25.5052887351714));
#6637=CARTESIAN_POINT('Ctrl Pts',(-36.441620384429,28.9297652511581,-25.5058966493904));
#6638=CARTESIAN_POINT('Ctrl Pts',(-36.2147115804454,28.928886160151,-25.51457050467));
#6639=CARTESIAN_POINT('Ctrl Pts',(-36.0212372914334,28.9249761277923,-25.5448494765411));
#6640=CARTESIAN_POINT('Ctrl Pts',(-35.5217725538174,28.9068694918693,-25.6842309081683));
#6641=CARTESIAN_POINT('Ctrl Pts',(-35.2304297882571,28.8877685502322,-25.8306897678816));
#6642=CARTESIAN_POINT('Ctrl Pts',(-34.9752142940252,28.8630292630861,-26.0282019385124));
#6643=CARTESIAN_POINT('',(-34.0052887356031,29.,-28.0052887356031));
#6644=CARTESIAN_POINT('Ctrl Pts',(-34.9752142940252,28.8630292630861,-26.0282019385124));
#6645=CARTESIAN_POINT('Ctrl Pts',(-34.7141067669473,28.8968516435209,-26.2302739741324));
#6646=CARTESIAN_POINT('Ctrl Pts',(-34.4952584930607,28.9273106319988,-26.4823495152779));
#6647=CARTESIAN_POINT('Ctrl Pts',(-34.1916467250853,28.9712069277385,-27.0166321229853));
#6648=CARTESIAN_POINT('Ctrl Pts',(-34.0943720093565,28.9860973301436,-27.285425977262));
#6649=CARTESIAN_POINT('Ctrl Pts',(-34.0241261773079,28.9970112213859,-27.6781487878573));
#6650=CARTESIAN_POINT('Ctrl Pts',(-34.0117156666013,28.9989775574079,-27.7924722335648));
#6651=CARTESIAN_POINT('Ctrl Pts',(-34.0059294994547,28.9998975107811,-27.9399282984974));
#6652=CARTESIAN_POINT('Ctrl Pts',(-34.0052887356031,29.,-27.9726093622145));
#6653=CARTESIAN_POINT('Ctrl Pts',(-34.0052887356031,29.,-28.0052887356031));
#6654=CARTESIAN_POINT('',(-34.0052887356031,29.5,-28.0052887356031));
#6655=CARTESIAN_POINT('Origin',(-41.5052887356031,29.5,-25.5052887356031));
#6656=CARTESIAN_POINT('',(-49.0052887356041,29.0000000000005,-25.5052887356031));
#6657=CARTESIAN_POINT('',(-49.0052887356031,29.5,-25.5052887356031));
#6658=CARTESIAN_POINT('',(-48.7094533567471,28.9354284322977,-25.5052887356031));
#6659=CARTESIAN_POINT('Ctrl Pts',(-49.0052887356052,29.0000000000005,-25.5052887356031));
#6660=CARTESIAN_POINT('Ctrl Pts',(-48.9070803008144,28.97789932434,-25.5052887356031));
#6661=CARTESIAN_POINT('Ctrl Pts',(-48.8084866503422,28.9563646652419,-25.5052887356031));
#6662=CARTESIAN_POINT('Ctrl Pts',(-48.7094533567475,28.9354284322977,-25.5052887356031));
#6663=CARTESIAN_POINT('Ctrl Pts',(-36.5052887695091,28.9297595762984,-25.5052887356031));
#6664=CARTESIAN_POINT('Ctrl Pts',(-37.6303081330573,28.9281681119798,-25.5052887356031));
#6665=CARTESIAN_POINT('Ctrl Pts',(-38.752768795531,28.927034866808,-25.505288735603));
#6666=CARTESIAN_POINT('Ctrl Pts',(-42.9895660803535,28.9254047193199,-25.505288735603));
#6667=CARTESIAN_POINT('Ctrl Pts',(-45.881647361509,28.9298902399013,-25.5052887356031));
#6668=CARTESIAN_POINT('Ctrl Pts',(-48.7094533567478,28.9354284322977,-25.5052887356031));
#6669=CARTESIAN_POINT('Origin',(-49.0052887356031,29.5,-26.0052887356031));
#6670=CARTESIAN_POINT('',(-49.5052887356031,29.1213652526308,-26.0052887465328));
#6671=CARTESIAN_POINT('',(-49.5052887356031,29.5,-26.0052887356031));
#6672=CARTESIAN_POINT('Ctrl Pts',(-49.5052887356031,29.1213652525563,-26.0052887465334));
#6673=CARTESIAN_POINT('Ctrl Pts',(-49.5052887359196,29.1212664969531,-25.9908071975475));
#6674=CARTESIAN_POINT('Ctrl Pts',(-49.5046595959991,29.121008641561,-25.9763348880729));
#6675=CARTESIAN_POINT('Ctrl Pts',(-49.5003176237944,29.1195743405091,-25.9264734115581));
#6676=CARTESIAN_POINT('Ctrl Pts',(-49.4934630540405,29.1176116449295,-25.8915157850077));
#6677=CARTESIAN_POINT('Ctrl Pts',(-49.4656109383827,29.110056995403,-25.8014140924093));
#6678=CARTESIAN_POINT('Ctrl Pts',(-49.4385282876416,29.1029964247229,-25.748950053481));
#6679=CARTESIAN_POINT('Ctrl Pts',(-49.3636795217998,29.0841314586531,-25.6505883589671));
#6680=CARTESIAN_POINT('Ctrl Pts',(-49.3145826276359,29.0720568608079,-25.6071449257584));
#6681=CARTESIAN_POINT('Ctrl Pts',(-49.1999086165215,29.044629780441,-25.5396705374282));
#6682=CARTESIAN_POINT('Ctrl Pts',(-49.1345987029824,29.0293861623806,-25.5175186162547));
#6683=CARTESIAN_POINT('Ctrl Pts',(-49.0464945113055,29.0093016843091,-25.5065614429331));
#6684=CARTESIAN_POINT('Ctrl Pts',(-49.025885895794,29.0046351533641,-25.5052887356031));
#6685=CARTESIAN_POINT('Ctrl Pts',(-49.0052887356042,29.0000000000003,-25.5052887356031));
#6686=CARTESIAN_POINT('Origin',(-49.5052887356031,29.5,-45.505288735603));
#6687=CARTESIAN_POINT('',(-49.5052887356031,29.1106246279986,-47.5052887144163));
#6688=CARTESIAN_POINT('',(-49.5052887356031,29.5,-47.505288735603));
#6689=CARTESIAN_POINT('Ctrl Pts',(-49.5052887356031,29.1106246278601,-47.5052887144154));
#6690=CARTESIAN_POINT('Ctrl Pts',(-49.5052887356031,29.1483359668676,-41.7365547291183));
#6691=CARTESIAN_POINT('Ctrl Pts',(-49.5052887356031,29.1859137928068,-38.77653246702));
#6692=CARTESIAN_POINT('Ctrl Pts',(-49.5052887356031,29.1542848091213,-30.5919158517289));
#6693=CARTESIAN_POINT('Ctrl Pts',(-49.5052887356031,29.1384085578507,-28.5045217250389));
#6694=CARTESIAN_POINT('Ctrl Pts',(-49.5052887356031,29.1213652525563,-26.0052887465333));
#6695=CARTESIAN_POINT('Origin',(-41.5052887356031,30.,-45.505288735603));
#6696=CARTESIAN_POINT('Origin',(-49.0052887356031,29.5,-47.505288735603));
#6697=CARTESIAN_POINT('',(-49.0052887356031,29.,-48.005288735603));
#6698=CARTESIAN_POINT('',(-49.0052887356031,29.5,-48.005288735603));
#6699=CARTESIAN_POINT('Ctrl Pts',(-49.0052887356031,29.,-48.005288735603));
#6700=CARTESIAN_POINT('Ctrl Pts',(-49.0574704995664,29.0105056970927,-48.005288735603));
#6701=CARTESIAN_POINT('Ctrl Pts',(-49.1093355540469,29.0211717206227,-47.9971200722276));
#6702=CARTESIAN_POINT('Ctrl Pts',(-49.2105661980473,29.0424818469869,-47.9644161245816));
#6703=CARTESIAN_POINT('Ctrl Pts',(-49.2591873259478,29.052989035189,-47.9394494324942));
#6704=CARTESIAN_POINT('Ctrl Pts',(-49.3477508521189,29.0725985417407,-47.8738458446129));
#6705=CARTESIAN_POINT('Ctrl Pts',(-49.3868732023365,29.0815303097115,-47.8332371422876));
#6706=CARTESIAN_POINT('Ctrl Pts',(-49.4552854735032,29.0975558314948,-47.7328186469227));
#6707=CARTESIAN_POINT('Ctrl Pts',(-49.4812580413306,29.1039468714384,-47.6719602704063));
#6708=CARTESIAN_POINT('Ctrl Pts',(-49.5004974802255,29.1090145927755,-47.5799046984609));
#6709=CARTESIAN_POINT('Ctrl Pts',(-49.5039274360356,29.1100017007663,-47.551773295991));
#6710=CARTESIAN_POINT('Ctrl Pts',(-49.5051783483275,29.1105194080924,-47.5174206467755));
#6711=CARTESIAN_POINT('Ctrl Pts',(-49.5052887358602,29.1105849734864,-47.5113546852304));
#6712=CARTESIAN_POINT('Ctrl Pts',(-49.5052887356031,29.1106246278601,-47.5052887144154));
#6713=CARTESIAN_POINT('Origin',(-41.5052887356031,29.5,-48.005288735603));
#6714=CARTESIAN_POINT('',(-36.5052887356031,29.,-48.0052887356031));
#6715=CARTESIAN_POINT('',(-36.5052887356031,29.5,-48.0052887356031));
#6716=CARTESIAN_POINT('',(-41.5052887356031,29.,-48.005288735603));
#6717=CARTESIAN_POINT('Ctrl Pts',(-48.7094533567471,28.9354284322977,-25.5052887356031));
#6718=CARTESIAN_POINT('Ctrl Pts',(-47.43651199537,28.6575853304512,-27.6567240478697));
#6719=CARTESIAN_POINT('Ctrl Pts',(-46.1635706339929,28.3797422286048,-29.8081593601364));
#6720=CARTESIAN_POINT('Ctrl Pts',(-44.8906292726157,28.1018991267583,-31.959594672403));
#6721=CARTESIAN_POINT('Ctrl Pts',(-46.6818693821426,28.9354284322977,-25.4742616938254));
#6722=CARTESIAN_POINT('Ctrl Pts',(-45.9052892804534,28.6575853304512,-27.4921224494074));
#6723=CARTESIAN_POINT('Ctrl Pts',(-45.1276419881138,28.3797422286048,-29.5101908351497));
#6724=CARTESIAN_POINT('Ctrl Pts',(-44.3510618864246,28.1018991267583,-31.5280515907316));
#6725=CARTESIAN_POINT('Ctrl Pts',(-41.9311127476174,28.9354284322977,-25.4263520185283));
#6726=CARTESIAN_POINT('Ctrl Pts',(-42.2267136116792,28.6575853304512,-27.2386494305778));
#6727=CARTESIAN_POINT('Ctrl Pts',(-42.5220902548218,28.3797422286048,-29.0493970999851));
#6728=CARTESIAN_POINT('Ctrl Pts',(-42.8176911188836,28.1018991267583,-30.8616945120346));
#6729=CARTESIAN_POINT('Ctrl Pts',(-37.1701801192316,28.9354284322977,-25.4520268293072));
#6730=CARTESIAN_POINT('Ctrl Pts',(-38.4939605065668,28.6575853304512,-27.3726952087652));
#6731=CARTESIAN_POINT('Ctrl Pts',(-39.8190060149716,28.3797422286048,-29.2981271106281));
#6732=CARTESIAN_POINT('Ctrl Pts',(-41.1427864023069,28.1018991267583,-31.218795490086));
#6733=CARTESIAN_POINT('Ctrl Pts',(-34.4625368695695,28.9354284322977,-25.4875166232781));
#6734=CARTESIAN_POINT('Ctrl Pts',(-36.4300164333362,28.6575853304512,-27.5624808354858));
#6735=CARTESIAN_POINT('Ctrl Pts',(-38.397495997103,28.3797422286048,-29.6374450476934));
#6736=CARTESIAN_POINT('Ctrl Pts',(-40.3649755608698,28.1018991267583,-31.7124092599011));
#6737=CARTESIAN_POINT('',(-44.8906292726157,28.1018991267583,-31.959594672403));
#6738=CARTESIAN_POINT('',(-49.0052887356031,29.,-25.0052887356031));
#6739=CARTESIAN_POINT('',(-40.3649755608698,28.1018991267583,-31.7124092599011));
#6740=CARTESIAN_POINT('Origin',(-42.4547000612879,28.1018991267583,-35.005288169359));
#6741=CARTESIAN_POINT('',(-34.0052887356031,29.,-25.0052887356031));
#6742=CARTESIAN_POINT('Ctrl Pts',(-49.9286860699937,29.1859065687805,-50.0146595465172));
#6743=CARTESIAN_POINT('Ctrl Pts',(-48.1339322338978,28.8245707547731,-46.1091620572837));
#6744=CARTESIAN_POINT('Ctrl Pts',(-46.3391783978019,28.4632349407657,-42.2036645680503));
#6745=CARTESIAN_POINT('Ctrl Pts',(-44.544424561706,28.1018991267583,-38.2981670788168));
#6746=CARTESIAN_POINT('Ctrl Pts',(-49.8052476965882,29.1859065687805,-47.4490919189606));
#6747=CARTESIAN_POINT('Ctrl Pts',(-48.2509807313005,28.8245707547731,-44.2727913181069));
#6748=CARTESIAN_POINT('Ctrl Pts',(-46.6950131721847,28.4632349407657,-41.096030456089));
#6749=CARTESIAN_POINT('Ctrl Pts',(-45.140746206897,28.1018991267583,-37.9197298552353));
#6750=CARTESIAN_POINT('Ctrl Pts',(-49.6031925802704,29.1859065687805,-42.3859874938032));
#6751=CARTESIAN_POINT('Ctrl Pts',(-48.4425500195637,28.8245707547731,-40.5347160006022));
#6752=CARTESIAN_POINT('Ctrl Pts',(-47.2775020787057,28.4632349407657,-38.6854749973008));
#6753=CARTESIAN_POINT('Ctrl Pts',(-46.1168595179991,28.1018991267584,-36.8342035040998));
#6754=CARTESIAN_POINT('Ctrl Pts',(-49.5009744821914,29.1859065687805,-33.6547035980221));
#6755=CARTESIAN_POINT('Ctrl Pts',(-48.5373619950129,28.8245707547731,-33.8735632245282));
#6756=CARTESIAN_POINT('Ctrl Pts',(-47.5742800709601,28.4632349407657,-34.0917642366502));
#6757=CARTESIAN_POINT('Ctrl Pts',(-46.6106675837817,28.1018991267583,-34.3106238631563));
#6758=CARTESIAN_POINT('Ctrl Pts',(-49.6857634142356,29.1859065687805,-27.3946342762782));
#6759=CARTESIAN_POINT('Ctrl Pts',(-48.3661951721236,28.8245707547731,-29.1349011742214));
#6760=CARTESIAN_POINT('Ctrl Pts',(-47.0375341729994,28.4632349407657,-30.8810271655262));
#6761=CARTESIAN_POINT('Ctrl Pts',(-45.7179659308875,28.1018991267583,-32.6212940634694));
#6762=CARTESIAN_POINT('Ctrl Pts',(-49.8570218152787,29.1859065687805,-23.5657498184467));
#6763=CARTESIAN_POINT('Ctrl Pts',(-48.2015576341021,28.8245707547731,-26.3636981028677));
#6764=CARTESIAN_POINT('Ctrl Pts',(-46.5460934529255,28.4632349407657,-29.1616463872887));
#6765=CARTESIAN_POINT('Ctrl Pts',(-44.8906292717489,28.1018991267583,-31.9595946717097));
#6766=CARTESIAN_POINT('',(-44.544424561706,28.1018991267583,-38.2981670788168));
#6767=CARTESIAN_POINT('',(-49.0052887356031,29.,-48.005288735603));
#6768=CARTESIAN_POINT('Origin',(-42.4547000612879,28.1018991267583,-35.005288169359));
#6769=CARTESIAN_POINT('Ctrl Pts',(-34.0052887356031,29.,-25.005288735603));
#6770=CARTESIAN_POINT('Ctrl Pts',(-36.1251843440253,28.7006330422528,-27.2409955770357));
#6771=CARTESIAN_POINT('Ctrl Pts',(-38.2450799524476,28.4012660845056,-29.4767024184684));
#6772=CARTESIAN_POINT('Ctrl Pts',(-40.3649755608698,28.1018991267583,-31.7124092599011));
#6773=CARTESIAN_POINT('Ctrl Pts',(-34.0052887356031,29.,-27.1957649260792));
#6774=CARTESIAN_POINT('Ctrl Pts',(-35.9259408146261,28.7006330422528,-28.8273316696365));
#6775=CARTESIAN_POINT('Ctrl Pts',(-37.848001836745,28.4012660845056,-30.4592797398686));
#6776=CARTESIAN_POINT('Ctrl Pts',(-39.768653915768,28.1018991267583,-32.0908464834259));
#6777=CARTESIAN_POINT('Ctrl Pts',(-34.0052887356031,29.,-31.5767173070316));
#6778=CARTESIAN_POINT('Ctrl Pts',(-35.5998227385514,28.7006330422528,-32.1104965702061));
#6779=CARTESIAN_POINT('Ctrl Pts',(-37.1980350956433,28.4012660845056,-32.6425844837296));
#6780=CARTESIAN_POINT('Ctrl Pts',(-38.7925690985916,28.1018991267584,-33.176363746904));
#6781=CARTESIAN_POINT('Ctrl Pts',(-34.0052887356031,29.,-39.2433839736983));
#6782=CARTESIAN_POINT('Ctrl Pts',(-35.4365831939569,28.7006330422528,-38.0620582532581));
#6783=CARTESIAN_POINT('Ctrl Pts',(-36.8674920490948,28.4012660845056,-36.881248960021));
#6784=CARTESIAN_POINT('Ctrl Pts',(-38.2987865074487,28.1018991267583,-35.6999232395808));
#6785=CARTESIAN_POINT('Ctrl Pts',(-34.0052887356031,29.,-44.7195744498888));
#6786=CARTESIAN_POINT('Ctrl Pts',(-35.7314927690746,28.7006330422528,-42.2777618122887));
#6787=CARTESIAN_POINT('Ctrl Pts',(-37.4652301576621,28.4012660845056,-39.831094912019));
#6788=CARTESIAN_POINT('Ctrl Pts',(-39.1914341911336,28.1018991267583,-37.3892822744188));
#6789=CARTESIAN_POINT('Ctrl Pts',(-34.0052887356031,29.,-48.0052887356031));
#6790=CARTESIAN_POINT('Ctrl Pts',(-36.0097827737221,28.7006330422528,-44.6871863791737));
#6791=CARTESIAN_POINT('Ctrl Pts',(-38.014276811841,28.4012660845056,-41.3690840227443));
#6792=CARTESIAN_POINT('Ctrl Pts',(-40.01877084996,28.1018991267583,-38.0509816663149));
#6793=CARTESIAN_POINT('',(-38.5547000612879,28.1018991267583,-35.005288169359));
#6794=CARTESIAN_POINT('Origin',(-42.4547000612879,28.1018991267583,-35.005288169359));
#6795=CARTESIAN_POINT('',(-40.01877084996,28.1018991267583,-38.0509816663149));
#6796=CARTESIAN_POINT('Origin',(-42.4547000612879,28.1018991267583,-35.005288169359));
#6797=CARTESIAN_POINT('',(-34.5639661282627,28.9165627094807,-47.0804923840972));
#6798=CARTESIAN_POINT('',(-34.0052887356031,29.,-48.0052887356031));
#6799=CARTESIAN_POINT('',(-34.0052887356031,29.,-45.5052887356031));
#6800=CARTESIAN_POINT('Ctrl Pts',(-34.0052887356031,29.,-45.5052887356031));
#6801=CARTESIAN_POINT('Ctrl Pts',(-34.0052887356031,29.,-45.5737759456054));
#6802=CARTESIAN_POINT('Ctrl Pts',(-34.0081028024237,28.999535129614,-45.6422319529232));
#6803=CARTESIAN_POINT('Ctrl Pts',(-34.0137224433342,28.9986188942708,-45.7104880989504));
#6804=CARTESIAN_POINT('Ctrl Pts',(-34.0144712601891,28.9984968059597,-45.7195832268079));
#6805=CARTESIAN_POINT('Ctrl Pts',(-34.0152699153002,28.9983667034162,-45.7286747341442));
#6806=CARTESIAN_POINT('Ctrl Pts',(-34.0161184106034,28.9982286185931,-45.7377621559966));
#6807=CARTESIAN_POINT('Ctrl Pts',(-34.0229944066116,28.9971096133514,-45.8114043743417));
#6808=CARTESIAN_POINT('Ctrl Pts',(-34.0331356236517,28.9954674212929,-45.8846080826515));
#6809=CARTESIAN_POINT('Ctrl Pts',(-34.0464785754729,28.9933312651929,-45.9571994565563));
#6810=CARTESIAN_POINT('Ctrl Pts',(-34.0602208286374,28.9911311824587,-46.0319632008263));
#6811=CARTESIAN_POINT('Ctrl Pts',(-34.0773592297489,28.9884071285573,-46.1060772624548));
#6812=CARTESIAN_POINT('Ctrl Pts',(-34.0978451284481,28.9851910291233,-46.1792999737119));
#6813=CARTESIAN_POINT('Ctrl Pts',(-34.1092618269111,28.9833987114904,-46.2201066587073));
#6814=CARTESIAN_POINT('Ctrl Pts',(-34.1217185592096,28.9814535752237,-46.2606356080458));
#6815=CARTESIAN_POINT('Ctrl Pts',(-34.1352097020644,28.9793611461349,-46.3008386222926));
#6816=CARTESIAN_POINT('Ctrl Pts',(-34.1726944968807,28.9735473855136,-46.4125416674876));
#6817=CARTESIAN_POINT('Ctrl Pts',(-34.2179474498764,28.9666298205713,-46.521194902163));
#6818=CARTESIAN_POINT('Ctrl Pts',(-34.2705080404069,28.9587847469988,-46.6260216110834));
#6819=CARTESIAN_POINT('Ctrl Pts',(-34.3160838701869,28.9519822028465,-46.7169179308151));
#6820=CARTESIAN_POINT('Ctrl Pts',(-34.3671560415119,28.9444822832419,-46.8049333872578));
#6821=CARTESIAN_POINT('Ctrl Pts',(-34.423447992847,28.9363999264777,-46.8895698630518));
#6822=CARTESIAN_POINT('Ctrl Pts',(-34.4671789657099,28.9301210657181,-46.9553205669869));
#6823=CARTESIAN_POINT('Ctrl Pts',(-34.5140607584739,28.9234906973368,-47.0190317813681));
#6824=CARTESIAN_POINT('Ctrl Pts',(-34.5639661282627,28.9165627094807,-47.0804923840972));
#6825=CARTESIAN_POINT('',(-34.0052887356031,29.,-45.5052887356031));
#6826=CARTESIAN_POINT('Origin',(-34.0052887356031,29.5,-45.5052887356031));
#6827=CARTESIAN_POINT('',(-34.0052887356031,29.5,-45.5052887356031));
#6828=CARTESIAN_POINT('Ctrl Pts',(-34.0052887356031,29.,-48.0052887356031));
#6829=CARTESIAN_POINT('Ctrl Pts',(-36.0097827737221,28.7006330422528,-44.6871863791737));
#6830=CARTESIAN_POINT('Ctrl Pts',(-38.014276811841,28.4012660845056,-41.3690840227443));
#6831=CARTESIAN_POINT('Ctrl Pts',(-40.01877084996,28.1018991267583,-38.0509816663149));
#6832=CARTESIAN_POINT('Ctrl Pts',(-36.8624315927459,29.,-48.0052887356031));
#6833=CARTESIAN_POINT('Ctrl Pts',(-38.1537144002363,28.7006330422528,-44.8806344870207));
#6834=CARTESIAN_POINT('Ctrl Pts',(-39.4469112240579,28.4012660845056,-41.7510266904591));
#6835=CARTESIAN_POINT('Ctrl Pts',(-40.7381940315482,28.1018991267583,-38.6263724418767));
#6836=CARTESIAN_POINT('Ctrl Pts',(-41.862431592746,29.,-48.0052887356031));
#6837=CARTESIAN_POINT('Ctrl Pts',(-42.0298425779458,28.7006330422528,-45.0575703927091));
#6838=CARTESIAN_POINT('Ctrl Pts',(-42.1968370575442,28.4012660845056,-42.1114416160512));
#6839=CARTESIAN_POINT('Ctrl Pts',(-42.3642480427441,28.1018991267583,-39.1637232731572));
#6840=CARTESIAN_POINT('Ctrl Pts',(-46.862431592746,29.,-48.0052887356031));
#6841=CARTESIAN_POINT('Ctrl Pts',(-45.8956827580144,28.7006330422528,-44.8931008319666));
#6842=CARTESIAN_POINT('Ctrl Pts',(-44.9278152653598,28.4012660845056,-41.7805653098146));
#6843=CARTESIAN_POINT('Ctrl Pts',(-43.9610664306282,28.1018991267583,-38.6683774061781));
#6844=CARTESIAN_POINT('Ctrl Pts',(-49.0052887356031,29.,-48.0052887356031));
#6845=CARTESIAN_POINT('Ctrl Pts',(-47.5183340109707,28.7006330422528,-44.7695815166743));
#6846=CARTESIAN_POINT('Ctrl Pts',(-46.0313792863384,28.4012660845056,-41.5338742977456));
#6847=CARTESIAN_POINT('Ctrl Pts',(-44.544424561706,28.1018991267583,-38.2981670788168));
#6848=CARTESIAN_POINT('Ctrl Pts',(-34.5639661282627,28.9165627094807,-47.0804923840972));
#6849=CARTESIAN_POINT('Ctrl Pts',(-34.7366134939323,28.9352199487196,-47.2932675604323));
#6850=CARTESIAN_POINT('Ctrl Pts',(-34.9431717216138,28.9515863677196,-47.4763390075061));
#6851=CARTESIAN_POINT('Ctrl Pts',(-35.4554815558147,28.9807097394491,-47.7981603759528));
#6852=CARTESIAN_POINT('Ctrl Pts',(-35.7677832726389,28.9917309700622,-47.9168565725437));
#6853=CARTESIAN_POINT('Ctrl Pts',(-36.2302615399492,28.9989283879802,-47.9939348298449));
#6854=CARTESIAN_POINT('Ctrl Pts',(-36.367727553881,29.,-48.005288735603));
#6855=CARTESIAN_POINT('Ctrl Pts',(-36.5052887356031,29.,-48.005288735603));
#6856=CARTESIAN_POINT('Origin',(-42.4547000612879,28.1018991267583,-35.005288169359));
#6857=CARTESIAN_POINT('Origin',(-36.5052887356031,29.5,-45.505288735603));
#6858=CARTESIAN_POINT('Origin',(-50.9565878766628,7.40003013786931,-35.0407674179979));
#6859=CARTESIAN_POINT('',(-50.6218878095237,5.46529346104815,-38.5794258531035));
#6860=CARTESIAN_POINT('',(-50.5215924089204,5.82815483152937,-38.7544597596635));
#6861=CARTESIAN_POINT('Ctrl Pts',(-50.6218878095237,5.46529346104815,-38.5794258531036));
#6862=CARTESIAN_POINT('Ctrl Pts',(-50.5782803293312,5.53101651394785,-38.619314787557));
#6863=CARTESIAN_POINT('Ctrl Pts',(-50.5481193307092,5.60490944369263,-38.6587022214917));
#6864=CARTESIAN_POINT('Ctrl Pts',(-50.5237643977137,5.73107758548004,-38.7161911078688));
#6865=CARTESIAN_POINT('Ctrl Pts',(-50.5200287218702,5.77932673113275,-38.7361839178039));
#6866=CARTESIAN_POINT('Ctrl Pts',(-50.5215924089204,5.82815483152937,-38.7544597596635));
#6867=CARTESIAN_POINT('Ctrl Pts',(-50.5215924089204,5.82815483152937,-38.7544597596635));
#6868=CARTESIAN_POINT('Ctrl Pts',(-50.5223935566036,5.85317167841438,-38.7638233010214));
#6869=CARTESIAN_POINT('Ctrl Pts',(-50.5245865903849,5.87833963673632,-38.7727383788037));
#6870=CARTESIAN_POINT('Ctrl Pts',(-50.5409993612454,5.99370885611265,-38.8113487765527));
#6871=CARTESIAN_POINT('Ctrl Pts',(-50.5713444335596,6.08259675855931,-38.8346504509815));
#6872=CARTESIAN_POINT('Ctrl Pts',(-50.6600448711449,6.24119663762508,-38.8675178726411));
#6873=CARTESIAN_POINT('Ctrl Pts',(-50.7156237184597,6.31079676640577,-38.8778370752505));
#6874=CARTESIAN_POINT('Ctrl Pts',(-50.8496251163446,6.42969236983328,-38.8915398635592));
#6875=CARTESIAN_POINT('Ctrl Pts',(-50.9277087090812,6.47763227697926,-38.8948013509502));
#6876=CARTESIAN_POINT('Ctrl Pts',(-51.0560815170546,6.52619274883644,-38.8970904848949));
#6877=CARTESIAN_POINT('Ctrl Pts',(-51.1007712804757,6.53834756011426,-38.8973836401898));
#6878=CARTESIAN_POINT('Ctrl Pts',(-51.18013595315,6.55184681633333,-38.8971703213268));
#6879=CARTESIAN_POINT('Ctrl Pts',(-51.2142214760173,6.555153141463,-38.8968484273196));
#6880=CARTESIAN_POINT('Ctrl Pts',(-51.283254483811,6.55692824921394,-38.8956592854352));
#6881=CARTESIAN_POINT('Ctrl Pts',(-51.318070751871,6.55530621206892,-38.8947839948237));
#6882=CARTESIAN_POINT('Ctrl Pts',(-51.4014910275251,6.54549499669237,-38.8917998982784));
#6883=CARTESIAN_POINT('Ctrl Pts',(-51.4496135613669,6.53489828731186,-38.8893406138674));
#6884=CARTESIAN_POINT('Ctrl Pts',(-51.591198702222,6.4892132335677,-38.878694425844));
#6885=CARTESIAN_POINT('Ctrl Pts',(-51.6792029207127,6.44050778667066,-38.8672186889194));
#6886=CARTESIAN_POINT('Ctrl Pts',(-51.8296037860449,6.31645263557451,-38.8303843725204));
#6887=CARTESIAN_POINT('Ctrl Pts',(-51.8911806810581,6.24258524545853,-38.8054588138817));
#6888=CARTESIAN_POINT('Ctrl Pts',(-51.9792106214193,6.08174792606097,-38.74229982016));
#6889=CARTESIAN_POINT('Ctrl Pts',(-52.0056439796151,5.99714224298791,-38.7052645518254));
#6890=CARTESIAN_POINT('Ctrl Pts',(-52.0217125697304,5.82770106094157,-38.6246851529641));
#6891=CARTESIAN_POINT('Ctrl Pts',(-52.0121227751348,5.74477745896471,-38.5822873806796));
#6892=CARTESIAN_POINT('Ctrl Pts',(-51.9605038514715,5.59003753101187,-38.5006899526904));
#6893=CARTESIAN_POINT('Ctrl Pts',(-51.9200248683177,5.51906659541497,-38.4620890267241));
#6894=CARTESIAN_POINT('Ctrl Pts',(-51.8064182506658,5.38454985432904,-38.3904150128432));
#6895=CARTESIAN_POINT('Ctrl Pts',(-51.7308553653638,5.32409883099891,-38.3592774650777));
#6896=CARTESIAN_POINT('Ctrl Pts',(-51.585372368669,5.24540777819301,-38.3246766774744));
#6897=CARTESIAN_POINT('Ctrl Pts',(-51.5221012309122,5.2202442102989,-38.3157090852739));
#6898=CARTESIAN_POINT('Ctrl Pts',(-51.4101458003816,5.18992375617022,-38.3099700737256));
#6899=CARTESIAN_POINT('Ctrl Pts',(-51.3631556393176,5.18110930071984,-38.3103423061286));
#6900=CARTESIAN_POINT('Ctrl Pts',(-51.2714796893318,5.17132870097445,-38.3163267247581));
#6901=CARTESIAN_POINT('Ctrl Pts',(-51.2270715734672,5.16992156698904,-38.3215856733902));
#6902=CARTESIAN_POINT('Ctrl Pts',(-51.1292250181707,5.17424688594546,-38.3382346866718));
#6903=CARTESIAN_POINT('Ctrl Pts',(-51.0763310572331,5.18163629359614,-38.3506800629125));
#6904=CARTESIAN_POINT('Ctrl Pts',(-50.9478187969015,5.21268132953311,-38.3890792915005));
#6905=CARTESIAN_POINT('Ctrl Pts',(-50.8754499228508,5.24257708327064,-38.4184484612176));
#6906=CARTESIAN_POINT('Ctrl Pts',(-50.734584815177,5.33059327073635,-38.4909856235906));
#6907=CARTESIAN_POINT('Ctrl Pts',(-50.6703703366354,5.39222297681013,-38.5350775821749));
#6908=CARTESIAN_POINT('Ctrl Pts',(-50.6218878095237,5.46529346104815,-38.5794258531036));
#6909=CARTESIAN_POINT('',(-50.0003415300849,8.45194227061664,-32.6622569563212));
#6910=CARTESIAN_POINT('',(-50.2093181093694,7.40003013786931,-35.1047040654639));
#6911=CARTESIAN_POINT('',(-49.9984519214662,8.3742477008186,-32.4632758758069));
#6912=CARTESIAN_POINT('Ctrl Pts',(-49.9984519214662,8.37424770081858,-32.4632758758069));
#6913=CARTESIAN_POINT('Ctrl Pts',(-50.0032502486894,8.34666221709275,-32.3969484152405));
#6914=CARTESIAN_POINT('Ctrl Pts',(-50.0138722567738,8.3176269390656,-32.3315527436433));
#6915=CARTESIAN_POINT('Ctrl Pts',(-50.0500007077718,8.25642794675365,-32.2022613995216));
#6916=CARTESIAN_POINT('Ctrl Pts',(-50.0760256794664,8.22452884089169,-32.1393761106971));
#6917=CARTESIAN_POINT('Ctrl Pts',(-50.15915472745,8.14967362968662,-31.9989134602093));
#6918=CARTESIAN_POINT('Ctrl Pts',(-50.2233201776489,8.10874237077302,-31.9282554534095));
#6919=CARTESIAN_POINT('Ctrl Pts',(-50.3570614851325,8.05434023247082,-31.8314804990573));
#6920=CARTESIAN_POINT('Ctrl Pts',(-50.4169745243483,8.03701154390435,-31.7994514127378));
#6921=CARTESIAN_POINT('Ctrl Pts',(-50.5227239356111,8.01881391056377,-31.7581521923797));
#6922=CARTESIAN_POINT('Ctrl Pts',(-50.5657328504136,8.01441120757666,-31.7450410360197));
#6923=CARTESIAN_POINT('Ctrl Pts',(-50.6490486055685,8.01167875362642,-31.7258070420373));
#6924=CARTESIAN_POINT('Ctrl Pts',(-50.6890277126341,8.01284408525177,-31.7192117508526));
#6925=CARTESIAN_POINT('Ctrl Pts',(-50.7775238625788,8.02088610246155,-31.7099629496575));
#6926=CARTESIAN_POINT('Ctrl Pts',(-50.8257748339322,8.02896709819978,-31.7085315338654));
#6927=CARTESIAN_POINT('Ctrl Pts',(-50.9489406705304,8.05904513499439,-31.713935697301));
#6928=CARTESIAN_POINT('Ctrl Pts',(-51.0213096309395,8.08645063386196,-31.7263593643841));
#6929=CARTESIAN_POINT('Ctrl Pts',(-51.1666969674922,8.16151814705093,-31.7732486402236));
#6930=CARTESIAN_POINT('Ctrl Pts',(-51.2350770140864,8.21107596741824,-31.8110457341133));
#6931=CARTESIAN_POINT('Ctrl Pts',(-51.353183401079,8.32313096710011,-31.9155644905947));
#6932=CARTESIAN_POINT('Ctrl Pts',(-51.397696003036,8.38385507255739,-31.9828072615288));
#6933=CARTESIAN_POINT('Ctrl Pts',(-51.4630262530748,8.50980248007318,-32.1523310857418));
#6934=CARTESIAN_POINT('Ctrl Pts',(-51.47849738221,8.57552196026138,-32.2614559142966));
#6935=CARTESIAN_POINT('Ctrl Pts',(-51.4687497785605,8.71352839425561,-32.5613212164643));
#6936=CARTESIAN_POINT('Ctrl Pts',(-51.4253522233714,8.76898620080562,-32.749936172056));
#6937=CARTESIAN_POINT('Ctrl Pts',(-51.2989568915317,8.83518594514105,-33.0947257605679));
#6938=CARTESIAN_POINT('Ctrl Pts',(-51.2166261846865,8.84847748715986,-33.2533667870568));
#6939=CARTESIAN_POINT('Ctrl Pts',(-51.0709881300745,8.8498241693139,-33.4467318511767));
#6940=CARTESIAN_POINT('Ctrl Pts',(-51.0119807184797,8.84666824104329,-33.5107702811559));
#6941=CARTESIAN_POINT('Ctrl Pts',(-50.9076197920015,8.83557202739897,-33.5895347839095));
#6942=CARTESIAN_POINT('Ctrl Pts',(-50.8665697125835,8.83018707431997,-33.6140026549571));
#6943=CARTESIAN_POINT('Ctrl Pts',(-50.7890099233322,8.81820861577213,-33.6451676943848));
#6944=CARTESIAN_POINT('Ctrl Pts',(-50.7539700579256,8.81221434591145,-33.6543436678444));
#6945=CARTESIAN_POINT('Ctrl Pts',(-50.6787756040697,8.79814496314043,-33.6625778218319));
#6946=CARTESIAN_POINT('Ctrl Pts',(-50.6399725085191,8.79020618351414,-33.6603479413996));
#6947=CARTESIAN_POINT('Ctrl Pts',(-50.5422008718807,8.76852439546393,-33.6391582500541));
#6948=CARTESIAN_POINT('Ctrl Pts',(-50.4875347396958,8.75474700180473,-33.612065168427));
#6949=CARTESIAN_POINT('Ctrl Pts',(-50.3671145726324,8.72062343333697,-33.5266505341557));
#6950=CARTESIAN_POINT('Ctrl Pts',(-50.3026257106754,8.69874138534857,-33.4562039563712));
#6951=CARTESIAN_POINT('Ctrl Pts',(-50.1614543354755,8.63822722766878,-33.2501760449828));
#6952=CARTESIAN_POINT('Ctrl Pts',(-50.0934604878161,8.59579335957088,-33.0969993529642));
#6953=CARTESIAN_POINT('Ctrl Pts',(-50.0251578463586,8.51665431447986,-32.8465173099391));
#6954=CARTESIAN_POINT('Ctrl Pts',(-50.0081870438305,8.48556835450708,-32.7539526506972));
#6955=CARTESIAN_POINT('Ctrl Pts',(-50.0003415300713,8.45194227024395,-32.6622569561618));
#6956=CARTESIAN_POINT('Ctrl Pts',(-50.0003415300713,8.45194227024395,-32.6622569561618));
#6957=CARTESIAN_POINT('Ctrl Pts',(-49.9945910296744,8.42729546994082,-32.5950470647518));
#6958=CARTESIAN_POINT('Ctrl Pts',(-49.9937478194521,8.40129148577064,-32.5283008577069));
#6959=CARTESIAN_POINT('Ctrl Pts',(-49.9984519214662,8.37424770081858,-32.4632758758069));
#6960=CARTESIAN_POINT('Origin',(-43.9820958336861,8.73077163611105,-34.9786903141822));
#6961=CARTESIAN_POINT('',(-43.3436528014346,7.08885910306919,-38.5613429193818));
#6962=CARTESIAN_POINT('',(-42.5900008450495,7.81069425276582,-38.6394187288284));
#6963=CARTESIAN_POINT('Ctrl Pts',(-43.3436528014346,7.08885910306918,-38.5613429193818));
#6964=CARTESIAN_POINT('Ctrl Pts',(-43.2536023715813,7.09396057245928,-38.5353319164351));
#6965=CARTESIAN_POINT('Ctrl Pts',(-43.1635784974058,7.11547835314242,-38.5153187210525));
#6966=CARTESIAN_POINT('Ctrl Pts',(-43.0251483858042,7.174898265871,-38.4968665365529));
#6967=CARTESIAN_POINT('Ctrl Pts',(-42.9745852519536,7.20311463519589,-38.4931552844824));
#6968=CARTESIAN_POINT('Ctrl Pts',(-42.8910177020952,7.26173201851341,-38.4928222359057));
#6969=CARTESIAN_POINT('Ctrl Pts',(-42.8569124776478,7.28988705377824,-38.4947302243697));
#6970=CARTESIAN_POINT('Ctrl Pts',(-42.7934610377775,7.3512742427441,-38.5025503190979));
#6971=CARTESIAN_POINT('Ctrl Pts',(-42.7643053066935,7.38437341373729,-38.5084626191748));
#6972=CARTESIAN_POINT('Ctrl Pts',(-42.7028997424613,7.46661977392058,-38.5265735556398));
#6973=CARTESIAN_POINT('Ctrl Pts',(-42.6733126588389,7.51702937649807,-38.5401709298991));
#6974=CARTESIAN_POINT('Ctrl Pts',(-42.6156654943262,7.64715971923257,-38.5799011112406));
#6975=CARTESIAN_POINT('Ctrl Pts',(-42.5953059113726,7.72859100434834,-38.6086431438442));
#6976=CARTESIAN_POINT('Ctrl Pts',(-42.5900008460062,7.81069425490772,-38.6394187232784));
#6977=CARTESIAN_POINT('Ctrl Pts',(-42.5900008460062,7.81069425490772,-38.6394187232784));
#6978=CARTESIAN_POINT('Ctrl Pts',(-42.5893908919012,7.82013414136545,-38.6429571699727));
#6979=CARTESIAN_POINT('Ctrl Pts',(-42.5889799600835,7.82958300275165,-38.6465222555322));
#6980=CARTESIAN_POINT('Ctrl Pts',(-42.5867311295765,7.93070300945169,-38.68489251021));
#6981=CARTESIAN_POINT('Ctrl Pts',(-42.6036026366105,8.0213510839437,-38.7211455869176));
#6982=CARTESIAN_POINT('Ctrl Pts',(-42.6738696178217,8.1894429881838,-38.787205872039));
#6983=CARTESIAN_POINT('Ctrl Pts',(-42.72559870849,8.26533145213892,-38.8163480468985));
#6984=CARTESIAN_POINT('Ctrl Pts',(-42.8593474001445,8.39647586633331,-38.8631130986826));
#6985=CARTESIAN_POINT('Ctrl Pts',(-42.9399919199048,8.44957740174434,-38.8798468983968));
#6986=CARTESIAN_POINT('Ctrl Pts',(-43.114307023473,8.52277103290845,-38.9001479826802));
#6987=CARTESIAN_POINT('Ctrl Pts',(-43.2057731056438,8.5435927382051,-38.9041612197801));
#6988=CARTESIAN_POINT('Ctrl Pts',(-43.3983822929736,8.55273813659693,-38.9060475094312));
#6989=CARTESIAN_POINT('Ctrl Pts',(-43.4986700717809,8.53828224944757,-38.9036003315526));
#6990=CARTESIAN_POINT('Ctrl Pts',(-43.6452897366657,8.48458048992692,-38.9009752660609));
#6991=CARTESIAN_POINT('Ctrl Pts',(-43.6953254551911,8.45930209371654,-38.900276842697));
#6992=CARTESIAN_POINT('Ctrl Pts',(-43.771579388938,8.40850652506202,-38.9000617067242));
#6993=CARTESIAN_POINT('Ctrl Pts',(-43.799638186563,8.38655900372892,-38.9001991822927));
#6994=CARTESIAN_POINT('Ctrl Pts',(-43.8495741908323,8.34100733605062,-38.9008280608821));
#6995=CARTESIAN_POINT('Ctrl Pts',(-43.8716878754119,8.31789370385692,-38.9012789948339));
#6996=CARTESIAN_POINT('Ctrl Pts',(-43.9174961514552,8.26312919645961,-38.9024581816019));
#6997=CARTESIAN_POINT('Ctrl Pts',(-43.9402492579225,8.23087254401694,-38.9032241210068));
#6998=CARTESIAN_POINT('Ctrl Pts',(-43.9950170247238,8.13842676110793,-38.9050139229049));
#6999=CARTESIAN_POINT('Ctrl Pts',(-44.0215488246553,8.07532267672735,-38.9058084863198));
#7000=CARTESIAN_POINT('Ctrl Pts',(-44.0659518367128,7.91397887117564,-38.9035296231093));
#7001=CARTESIAN_POINT('Ctrl Pts',(-44.0740290394794,7.81376061515771,-38.8983625078823));
#7002=CARTESIAN_POINT('Ctrl Pts',(-44.0533001791808,7.61919667847092,-38.8741639263715));
#7003=CARTESIAN_POINT('Ctrl Pts',(-44.0253954239533,7.52672038022778,-38.8555912708739));
#7004=CARTESIAN_POINT('Ctrl Pts',(-43.9385228501299,7.36345137607158,-38.8061543219876));
#7005=CARTESIAN_POINT('Ctrl Pts',(-43.8819671978998,7.29403865789307,-38.7765174101118));
#7006=CARTESIAN_POINT('Ctrl Pts',(-43.7475082644786,7.1834404903936,-38.712110848491));
#7007=CARTESIAN_POINT('Ctrl Pts',(-43.6713078314971,7.14283246304672,-38.6781410393391));
#7008=CARTESIAN_POINT('Ctrl Pts',(-43.5106516653859,7.09372472994143,-38.6147518069341));
#7009=CARTESIAN_POINT('Ctrl Pts',(-43.4277143910438,7.08409690896336,-38.5856240500615));
#7010=CARTESIAN_POINT('Ctrl Pts',(-43.3436528014346,7.08885910306919,-38.5613429193818));
#7011=CARTESIAN_POINT('',(-43.8257415746098,9.55186537156681,-31.4706858323548));
#7012=CARTESIAN_POINT('',(-43.2429964712903,8.73077163611105,-34.8512849276942));
#7013=CARTESIAN_POINT('',(-44.586093411421,10.0127636771914,-32.7727482022742));
#7014=CARTESIAN_POINT('Ctrl Pts',(-44.586093411421,10.0127636771914,-32.7727482022742));
#7015=CARTESIAN_POINT('Ctrl Pts',(-44.5299575390111,10.0393596734335,-32.7334426996599));
#7016=CARTESIAN_POINT('Ctrl Pts',(-44.4768518630605,10.059231672084,-32.6831719667197));
#7017=CARTESIAN_POINT('Ctrl Pts',(-44.38366830073,10.0855501272029,-32.5812287201333));
#7018=CARTESIAN_POINT('Ctrl Pts',(-44.3412318432684,10.0935372611966,-32.5283164901226));
#7019=CARTESIAN_POINT('Ctrl Pts',(-44.2066461383648,10.1057436378167,-32.3467033509732));
#7020=CARTESIAN_POINT('Ctrl Pts',(-44.113190054606,10.0911902214946,-32.1966444212304));
#7021=CARTESIAN_POINT('Ctrl Pts',(-43.9769269445224,10.0083987563701,-31.950192273731));
#7022=CARTESIAN_POINT('Ctrl Pts',(-43.9277755875605,9.95966933452729,-31.8528869346454));
#7023=CARTESIAN_POINT('Ctrl Pts',(-43.8606390437517,9.84041514142068,-31.6929940638978));
#7024=CARTESIAN_POINT('Ctrl Pts',(-43.8387438811478,9.77767953583939,-31.6285616925849));
#7025=CARTESIAN_POINT('Ctrl Pts',(-43.8219270312868,9.65689413953039,-31.5338458577132));
#7026=CARTESIAN_POINT('Ctrl Pts',(-43.8206505230551,9.605458432765,-31.5002198501992));
#7027=CARTESIAN_POINT('Ctrl Pts',(-43.8257415746098,9.55186537156665,-31.4706858323548));
#7028=CARTESIAN_POINT('Ctrl Pts',(-43.8257415746098,9.55186537156665,-31.4706858323548));
#7029=CARTESIAN_POINT('Ctrl Pts',(-43.8274561115042,9.5338165893614,-31.4607395250568));
#7030=CARTESIAN_POINT('Ctrl Pts',(-43.8298944018628,9.51552406992302,-31.4512558755001));
#7031=CARTESIAN_POINT('Ctrl Pts',(-43.8456897753404,9.42435489448634,-31.4067498249247));
#7032=CARTESIAN_POINT('Ctrl Pts',(-43.8697840807158,9.35062591082176,-31.3792872316945));
#7033=CARTESIAN_POINT('Ctrl Pts',(-43.9266701718292,9.23853550543307,-31.3466373602118));
#7034=CARTESIAN_POINT('Ctrl Pts',(-43.9513927584144,9.19865536036416,-31.337036930506));
#7035=CARTESIAN_POINT('Ctrl Pts',(-44.00275020719,9.13010120234605,-31.3235712637135));
#7036=CARTESIAN_POINT('Ctrl Pts',(-44.028052784511,9.10083784493614,-31.318983597992));
#7037=CARTESIAN_POINT('Ctrl Pts',(-44.0852409097986,9.0435331672609,-31.3122611059533));
#7038=CARTESIAN_POINT('Ctrl Pts',(-44.1173969664443,9.01590476481614,-31.3103738898615));
#7039=CARTESIAN_POINT('Ctrl Pts',(-44.202367167778,8.95367719055756,-31.3096144919011));
#7040=CARTESIAN_POINT('Ctrl Pts',(-44.2573158419169,8.92239964699368,-31.3126065474299));
#7041=CARTESIAN_POINT('Ctrl Pts',(-44.4027700207475,8.86043895674122,-31.3293846721411));
#7042=CARTESIAN_POINT('Ctrl Pts',(-44.4954366501447,8.83913925635614,-31.3476905160969));
#7043=CARTESIAN_POINT('Ctrl Pts',(-44.6773029869588,8.82908440962596,-31.4044469736661));
#7044=CARTESIAN_POINT('Ctrl Pts',(-44.7638996987158,8.83981540852274,-31.4418704068495));
#7045=CARTESIAN_POINT('Ctrl Pts',(-44.9250988941833,8.88816766578508,-31.5419412431682));
#7046=CARTESIAN_POINT('Ctrl Pts',(-44.9949774118862,8.92595675186928,-31.603698047288));
#7047=CARTESIAN_POINT('Ctrl Pts',(-45.1202507024779,9.02783703505378,-31.7645976316553));
#7048=CARTESIAN_POINT('Ctrl Pts',(-45.1648857373663,9.093433424814,-31.8654120656464));
#7049=CARTESIAN_POINT('Ctrl Pts',(-45.2210184377312,9.24954928610196,-32.1107735719939));
#7050=CARTESIAN_POINT('Ctrl Pts',(-45.2166255416681,9.33997086401009,-32.2566096158797));
#7051=CARTESIAN_POINT('Ctrl Pts',(-45.165981042797,9.49691219243482,-32.4971894576327));
#7052=CARTESIAN_POINT('Ctrl Pts',(-45.1250293124981,9.56804663590539,-32.6005323329147));
#7053=CARTESIAN_POINT('Ctrl Pts',(-45.0436377779471,9.67068368922711,-32.7217209977071));
#7054=CARTESIAN_POINT('Ctrl Pts',(-45.0116988503125,9.70612792927032,-32.7588261055854));
#7055=CARTESIAN_POINT('Ctrl Pts',(-44.9522180374599,9.76397268431821,-32.8059580477473));
#7056=CARTESIAN_POINT('Ctrl Pts',(-44.9278001001652,9.78611462732,-32.8209605825054));
#7057=CARTESIAN_POINT('Ctrl Pts',(-44.8788376249761,9.82732728232991,-32.841357424449));
#7058=CARTESIAN_POINT('Ctrl Pts',(-44.8551122990385,9.84613679327674,-32.847703048397));
#7059=CARTESIAN_POINT('Ctrl Pts',(-44.8001718747124,9.88703299093634,-32.8538290303863));
#7060=CARTESIAN_POINT('Ctrl Pts',(-44.769420495454,9.90824732756404,-32.8518388277993));
#7061=CARTESIAN_POINT('Ctrl Pts',(-44.6857303291786,9.96164212711945,-32.8326457256937));
#7062=CARTESIAN_POINT('Ctrl Pts',(-44.6346616564904,9.98975306369431,-32.8067549648236));
#7063=CARTESIAN_POINT('Ctrl Pts',(-44.586093411421,10.0127636771914,-32.7727482022742));
#7064=CARTESIAN_POINT('Origin',(-40.2150937554778,15.4999498894784,-34.9871379313576));
#7065=CARTESIAN_POINT('',(-38.4418125377354,15.8521918643691,-38.5549908899913));
#7066=CARTESIAN_POINT('',(-38.3239135122681,15.4193025822387,-38.4697722605708));
#7067=CARTESIAN_POINT('Ctrl Pts',(-38.4418125377354,15.8521918643691,-38.5549908899913));
#7068=CARTESIAN_POINT('Ctrl Pts',(-38.4908473899541,15.9305793380596,-38.5848155568));
#7069=CARTESIAN_POINT('Ctrl Pts',(-38.5535798251395,15.9974939157427,-38.6199717262749));
#7070=CARTESIAN_POINT('Ctrl Pts',(-38.7014291649561,16.1012967131543,-38.6925908384715));
#7071=CARTESIAN_POINT('Ctrl Pts',(-38.7854310620701,16.1371969908864,-38.729382713287));
#7072=CARTESIAN_POINT('Ctrl Pts',(-38.9638355920763,16.1719668100715,-38.7950717833875));
#7073=CARTESIAN_POINT('Ctrl Pts',(-39.0558989957023,16.1711498228534,-38.8232589594541));
#7074=CARTESIAN_POINT('Ctrl Pts',(-39.2395029567302,16.1334479712245,-38.867388931029));
#7075=CARTESIAN_POINT('Ctrl Pts',(-39.3286332822751,16.0966292082136,-38.8825801356111));
#7076=CARTESIAN_POINT('Ctrl Pts',(-39.4852353634098,15.9953841099862,-38.9005270940839));
#7077=CARTESIAN_POINT('Ctrl Pts',(-39.5526554213348,15.9335247234327,-38.9039739002139));
#7078=CARTESIAN_POINT('Ctrl Pts',(-39.6675834625818,15.7836034185663,-38.9060208172873));
#7079=CARTESIAN_POINT('Ctrl Pts',(-39.712093109232,15.6946086848336,-38.9043716624138));
#7080=CARTESIAN_POINT('Ctrl Pts',(-39.7491974133091,15.553010190953,-38.903111084541));
#7081=CARTESIAN_POINT('Ctrl Pts',(-39.7566051187407,15.5057457119591,-38.9028669328031));
#7082=CARTESIAN_POINT('Ctrl Pts',(-39.7609451135102,15.4243560250803,-38.9029334034185));
#7083=CARTESIAN_POINT('Ctrl Pts',(-39.760315204684,15.3906646707051,-38.9030959790669));
#7084=CARTESIAN_POINT('Ctrl Pts',(-39.7543283250332,15.3242898668339,-38.9036040586256));
#7085=CARTESIAN_POINT('Ctrl Pts',(-39.7490855354493,15.2917341203684,-38.9039434986503));
#7086=CARTESIAN_POINT('Ctrl Pts',(-39.7317386144875,15.216914702708,-38.9047227950403));
#7087=CARTESIAN_POINT('Ctrl Pts',(-39.7179823720999,15.1751920073589,-38.9051573744994));
#7088=CARTESIAN_POINT('Ctrl Pts',(-39.6671265293868,15.0567604528589,-38.9054706958934));
#7089=CARTESIAN_POINT('Ctrl Pts',(-39.6205093937491,14.9846282685329,-38.9044088633257));
#7090=CARTESIAN_POINT('Ctrl Pts',(-39.4975492122417,14.8479717501636,-38.8939010020882));
#7091=CARTESIAN_POINT('Ctrl Pts',(-39.4183934819449,14.7875031967173,-38.8830258046525));
#7092=CARTESIAN_POINT('Ctrl Pts',(-39.2468640832416,14.7018220907447,-38.8470468637265));
#7093=CARTESIAN_POINT('Ctrl Pts',(-39.156989814594,14.676478744307,-38.8228460508632));
#7094=CARTESIAN_POINT('Ctrl Pts',(-38.9776471371122,14.6625866339334,-38.7641878843438));
#7095=CARTESIAN_POINT('Ctrl Pts',(-38.8904396924494,14.6732619943438,-38.730812523273));
#7096=CARTESIAN_POINT('Ctrl Pts',(-38.7283051768486,14.7273482416563,-38.6622640878733));
#7097=CARTESIAN_POINT('Ctrl Pts',(-38.6544587403479,14.7694707303086,-38.6277930945381));
#7098=CARTESIAN_POINT('Ctrl Pts',(-38.528358285312,14.8771058915724,-38.5663707960062));
#7099=CARTESIAN_POINT('Ctrl Pts',(-38.4758543283034,14.9406080920923,-38.5395009036639));
#7100=CARTESIAN_POINT('Ctrl Pts',(-38.3918097943433,15.0851993001556,-38.4969421178535));
#7101=CARTESIAN_POINT('Ctrl Pts',(-38.3610294137356,15.165383066126,-38.4816824408343));
#7102=CARTESIAN_POINT('Ctrl Pts',(-38.3319520690445,15.3005021776361,-38.4697185410403));
#7103=CARTESIAN_POINT('Ctrl Pts',(-38.325701443275,15.352289881029,-38.4680686496555));
#7104=CARTESIAN_POINT('Ctrl Pts',(-38.3240677261235,15.4093254260318,-38.4694507321991));
#7105=CARTESIAN_POINT('Ctrl Pts',(-38.3239686927559,15.4143147924732,-38.4695982493174));
#7106=CARTESIAN_POINT('Ctrl Pts',(-38.32391351226,15.41930258354,-38.4697722605966));
#7107=CARTESIAN_POINT('Ctrl Pts',(-38.32391351226,15.41930258354,-38.4697722605966));
#7108=CARTESIAN_POINT('Ctrl Pts',(-38.3234893836784,15.4576397662167,-38.471109746892));
#7109=CARTESIAN_POINT('Ctrl Pts',(-38.3256543392938,15.4958837633819,-38.4740152519486));
#7110=CARTESIAN_POINT('Ctrl Pts',(-38.3362860092316,15.5807086282364,-38.4839010307661));
#7111=CARTESIAN_POINT('Ctrl Pts',(-38.3461195640734,15.6268080125203,-38.4916696621872));
#7112=CARTESIAN_POINT('Ctrl Pts',(-38.3795136291787,15.7358512930214,-38.5156046109674));
#7113=CARTESIAN_POINT('Ctrl Pts',(-38.4070666615211,15.7966468523142,-38.5338572649435));
#7114=CARTESIAN_POINT('Ctrl Pts',(-38.4418125377354,15.8521918643691,-38.5549908899913));
#7115=CARTESIAN_POINT('',(-40.5788876238944,15.5739085948326,-31.3587306832418));
#7116=CARTESIAN_POINT('',(-39.5001781234953,15.4999498894784,-34.7604318680353));
#7117=CARTESIAN_POINT('',(-41.6400708680284,15.5378981535116,-32.9744168780164));
#7118=CARTESIAN_POINT('Ctrl Pts',(-41.6400708680284,15.5378981535116,-32.9744168780164));
#7119=CARTESIAN_POINT('Ctrl Pts',(-41.6399841200552,15.5404645810434,-32.9748123769533));
#7120=CARTESIAN_POINT('Ctrl Pts',(-41.6398914392674,15.5430344392289,-32.975182867587));
#7121=CARTESIAN_POINT('Ctrl Pts',(-41.6384348549433,15.5810333642217,-32.9802814388785));
#7122=CARTESIAN_POINT('Ctrl Pts',(-41.6359816862762,15.6164284851447,-32.9801624717363));
#7123=CARTESIAN_POINT('Ctrl Pts',(-41.6265343298529,15.7105159049243,-32.9668672837081));
#7124=CARTESIAN_POINT('Ctrl Pts',(-41.6179410099879,15.7656046358932,-32.9454807118725));
#7125=CARTESIAN_POINT('Ctrl Pts',(-41.5921060007337,15.8890991499222,-32.8731496446445));
#7126=CARTESIAN_POINT('Ctrl Pts',(-41.5726417688132,15.9528059732615,-32.813552087881));
#7127=CARTESIAN_POINT('Ctrl Pts',(-41.5160188404175,16.0922449525748,-32.6487907661448));
#7128=CARTESIAN_POINT('Ctrl Pts',(-41.4701409943877,16.1656723900811,-32.522072963113));
#7129=CARTESIAN_POINT('Ctrl Pts',(-41.3542754559816,16.2717615251172,-32.260914716095));
#7130=CARTESIAN_POINT('Ctrl Pts',(-41.2848231876131,16.3061270681689,-32.1266847850467));
#7131=CARTESIAN_POINT('Ctrl Pts',(-41.1457301783702,16.3200640663189,-31.9105695505061));
#7132=CARTESIAN_POINT('Ctrl Pts',(-41.0812933227421,16.3124034237683,-31.8239153599959));
#7133=CARTESIAN_POINT('Ctrl Pts',(-40.9570758258467,16.2649837741221,-31.6803956461455));
#7134=CARTESIAN_POINT('Ctrl Pts',(-40.8999018202759,16.2316454562565,-31.6225172435903));
#7135=CARTESIAN_POINT('Ctrl Pts',(-40.7845261207925,16.1331140389555,-31.5172927871735));
#7136=CARTESIAN_POINT('Ctrl Pts',(-40.729342449621,16.0671795724751,-31.4737153550918));
#7137=CARTESIAN_POINT('Ctrl Pts',(-40.657872448815,15.9410374848182,-31.4201404656795));
#7138=CARTESIAN_POINT('Ctrl Pts',(-40.6353293464009,15.8897169538598,-31.4040138295289));
#7139=CARTESIAN_POINT('Ctrl Pts',(-40.6058345749053,15.7971614285134,-31.3825936231305));
#7140=CARTESIAN_POINT('Ctrl Pts',(-40.5963185784351,15.7575300887289,-31.3755628394552));
#7141=CARTESIAN_POINT('Ctrl Pts',(-40.5834505295962,15.6785546616512,-31.3652045379871));
#7142=CARTESIAN_POINT('Ctrl Pts',(-40.5798553724001,15.6394085895704,-31.3617376399874));
#7143=CARTESIAN_POINT('Ctrl Pts',(-40.5788460673997,15.5913489306415,-31.3593652915894));
#7144=CARTESIAN_POINT('Ctrl Pts',(-40.5787988984205,15.5826281971591,-31.3590104776042));
#7145=CARTESIAN_POINT('Ctrl Pts',(-40.5788876239482,15.5739085862455,-31.3587306830721));
#7146=CARTESIAN_POINT('Ctrl Pts',(-40.5788876239482,15.5739085862455,-31.3587306830721));
#7147=CARTESIAN_POINT('Ctrl Pts',(-40.5793120638033,15.5321962348442,-31.3573922187809));
#7148=CARTESIAN_POINT('Ctrl Pts',(-40.5828511564712,15.4905098976904,-31.3577618809414));
#7149=CARTESIAN_POINT('Ctrl Pts',(-40.6032368407531,15.3635913578397,-31.3642023853805));
#7150=CARTESIAN_POINT('Ctrl Pts',(-40.6302311130883,15.2810596329591,-31.3758417975915));
#7151=CARTESIAN_POINT('Ctrl Pts',(-40.7097964771716,15.1237664131428,-31.4173799426565));
#7152=CARTESIAN_POINT('Ctrl Pts',(-40.7633447574298,15.0520741541649,-31.4483267839815));
#7153=CARTESIAN_POINT('Ctrl Pts',(-40.8869237877099,14.9329468470357,-31.5338962840025));
#7154=CARTESIAN_POINT('Ctrl Pts',(-40.9548412506389,14.8886629954218,-31.5877129554726));
#7155=CARTESIAN_POINT('Ctrl Pts',(-41.1021772044695,14.8254862654414,-31.7280504893635));
#7156=CARTESIAN_POINT('Ctrl Pts',(-41.1774765879132,14.8139336759358,-31.815071704946));
#7157=CARTESIAN_POINT('Ctrl Pts',(-41.3392691786245,14.8256089736197,-32.0425783879047));
#7158=CARTESIAN_POINT('Ctrl Pts',(-41.4162113969837,14.8651345859943,-32.1889083379421));
#7159=CARTESIAN_POINT('Ctrl Pts',(-41.5369908486363,14.987166931506,-32.4806740232018));
#7160=CARTESIAN_POINT('Ctrl Pts',(-41.5791238208847,15.0731845538949,-32.626280533327));
#7161=CARTESIAN_POINT('Ctrl Pts',(-41.6181100905428,15.2204584159497,-32.7964456572669));
#7162=CARTESIAN_POINT('Ctrl Pts',(-41.6280916680399,15.2757150422826,-32.8493008750571));
#7163=CARTESIAN_POINT('Ctrl Pts',(-41.6375408864895,15.371201875807,-32.9142060053224));
#7164=CARTESIAN_POINT('Ctrl Pts',(-41.6397674567287,15.4074197251128,-32.9341663914656));
#7165=CARTESIAN_POINT('Ctrl Pts',(-41.6412995600957,15.475501165983,-32.9609213557988));
#7166=CARTESIAN_POINT('Ctrl Pts',(-41.6411400475018,15.5062666174931,-32.969542304815));
#7167=CARTESIAN_POINT('Ctrl Pts',(-41.6400708680284,15.5378981535116,-32.9744168780164));
#7168=CARTESIAN_POINT('Ctrl Pts',(-38.5547000612879,22.9018991267583,-35.005288169359));
#7169=CARTESIAN_POINT('Ctrl Pts',(-33.2333755370368,14.5326971411772,-35.0052881693589));
#7170=CARTESIAN_POINT('Ctrl Pts',(-40.0940455234017,7.37090658950359,-35.005288169359));
#7171=CARTESIAN_POINT('Ctrl Pts',(-46.9547155097666,0.209116037829937,-35.0052881693589));
#7172=CARTESIAN_POINT('Ctrl Pts',(-55.5446389233369,5.16625758481533,-35.0052881693589));
#7173=CARTESIAN_POINT('Ctrl Pts',(-64.1345623369071,10.1233991318007,-35.0052881693589));
#7174=CARTESIAN_POINT('Ctrl Pts',(-61.3663518602887,19.6468988732293,-35.0052881693589));
#7175=CARTESIAN_POINT('Ctrl Pts',(-58.5981413836703,29.170398614658,-35.0052881693589));
#7176=CARTESIAN_POINT('Ctrl Pts',(-48.6893716027251,28.7504962497248,-35.005288169359));
#7177=CARTESIAN_POINT('Ctrl Pts',(-38.5547000612879,22.9018991267583,-31.1052881693589));
#7178=CARTESIAN_POINT('Ctrl Pts',(-33.2333755370368,14.5326971411772,-31.1052881693589));
#7179=CARTESIAN_POINT('Ctrl Pts',(-40.0940455234017,7.37090658950359,-31.105288169359));
#7180=CARTESIAN_POINT('Ctrl Pts',(-46.9547155097666,0.209116037829937,-31.1052881693589));
#7181=CARTESIAN_POINT('Ctrl Pts',(-55.5446389233369,5.16625758481533,-31.1052881693589));
#7182=CARTESIAN_POINT('Ctrl Pts',(-64.1345623369071,10.1233991318007,-31.1052881693589));
#7183=CARTESIAN_POINT('Ctrl Pts',(-61.3663518602887,19.6468988732293,-31.1052881693589));
#7184=CARTESIAN_POINT('Ctrl Pts',(-58.5981413836703,29.170398614658,-31.1052881693589));
#7185=CARTESIAN_POINT('Ctrl Pts',(-48.6893716027251,28.7504962497248,-31.105288169359));
#7186=CARTESIAN_POINT('Ctrl Pts',(-42.4547000612879,22.9018991267583,-31.105288169359));
#7187=CARTESIAN_POINT('Ctrl Pts',(-37.1333755370368,17.5917275590619,-31.1052881693589));
#7188=CARTESIAN_POINT('Ctrl Pts',(-41.0230754646232,11.1586372251632,-31.105288169359));
#7189=CARTESIAN_POINT('Ctrl Pts',(-44.9127753922095,4.7255468912644,-31.105288169359));
#7190=CARTESIAN_POINT('Ctrl Pts',(-52.0872525806117,6.9708294667689,-31.1052881693589));
#7191=CARTESIAN_POINT('Ctrl Pts',(-59.2617297690138,9.21611204227341,-31.1052881693589));
#7192=CARTESIAN_POINT('Ctrl Pts',(-58.7901345186766,16.7189124988114,-31.1052881693589));
#7193=CARTESIAN_POINT('Ctrl Pts',(-58.3185392683394,24.2217129553494,-31.105288169359));
#7194=CARTESIAN_POINT('Ctrl Pts',(-50.9193820247059,25.5509566706826,-31.1052881693589));
#7195=CARTESIAN_POINT('Ctrl Pts',(-46.3547000612879,22.9018991267583,-31.105288169359));
#7196=CARTESIAN_POINT('Ctrl Pts',(-41.0333755370368,20.6507579769466,-31.105288169359));
#7197=CARTESIAN_POINT('Ctrl Pts',(-41.9521054058446,14.9463678608228,-31.105288169359));
#7198=CARTESIAN_POINT('Ctrl Pts',(-42.8708352746524,9.24197774469885,-31.105288169359));
#7199=CARTESIAN_POINT('Ctrl Pts',(-48.6298662378865,8.77540134872247,-31.105288169359));
#7200=CARTESIAN_POINT('Ctrl Pts',(-54.3888972011206,8.30882495274608,-31.1052881693589));
#7201=CARTESIAN_POINT('Ctrl Pts',(-56.2139171770645,13.7909261243935,-31.105288169359));
#7202=CARTESIAN_POINT('Ctrl Pts',(-58.0389371530084,19.2730272960408,-31.1052881693589));
#7203=CARTESIAN_POINT('Ctrl Pts',(-53.1493924466867,22.3514170916405,-31.1052881693589));
#7204=CARTESIAN_POINT('Ctrl Pts',(-46.3547000612879,22.9018991267583,-35.005288169359));
#7205=CARTESIAN_POINT('Ctrl Pts',(-41.0333755370368,20.6507579769466,-35.005288169359));
#7206=CARTESIAN_POINT('Ctrl Pts',(-41.9521054058446,14.9463678608228,-35.005288169359));
#7207=CARTESIAN_POINT('Ctrl Pts',(-42.8708352746524,9.24197774469885,-35.005288169359));
#7208=CARTESIAN_POINT('Ctrl Pts',(-48.6298662378865,8.77540134872247,-35.0052881693589));
#7209=CARTESIAN_POINT('Ctrl Pts',(-54.3888972011206,8.30882495274608,-35.0052881693589));
#7210=CARTESIAN_POINT('Ctrl Pts',(-56.2139171770645,13.7909261243935,-35.0052881693589));
#7211=CARTESIAN_POINT('Ctrl Pts',(-58.0389371530084,19.2730272960408,-35.0052881693589));
#7212=CARTESIAN_POINT('Ctrl Pts',(-53.1493924466867,22.3514170916405,-35.005288169359));
#7213=CARTESIAN_POINT('Ctrl Pts',(-46.3547000612879,22.9018991267583,-38.905288169359));
#7214=CARTESIAN_POINT('Ctrl Pts',(-41.0333755370368,20.6507579769466,-38.905288169359));
#7215=CARTESIAN_POINT('Ctrl Pts',(-41.9521054058446,14.9463678608228,-38.905288169359));
#7216=CARTESIAN_POINT('Ctrl Pts',(-42.8708352746524,9.24197774469885,-38.905288169359));
#7217=CARTESIAN_POINT('Ctrl Pts',(-48.6298662378865,8.77540134872247,-38.9052881693589));
#7218=CARTESIAN_POINT('Ctrl Pts',(-54.3888972011206,8.30882495274608,-38.905288169359));
#7219=CARTESIAN_POINT('Ctrl Pts',(-56.2139171770645,13.7909261243935,-38.905288169359));
#7220=CARTESIAN_POINT('Ctrl Pts',(-58.0389371530084,19.2730272960408,-38.905288169359));
#7221=CARTESIAN_POINT('Ctrl Pts',(-53.1493924466867,22.3514170916405,-38.905288169359));
#7222=CARTESIAN_POINT('Ctrl Pts',(-42.4547000612879,22.9018991267583,-38.905288169359));
#7223=CARTESIAN_POINT('Ctrl Pts',(-37.1333755370368,17.5917275590619,-38.905288169359));
#7224=CARTESIAN_POINT('Ctrl Pts',(-41.0230754646232,11.1586372251632,-38.905288169359));
#7225=CARTESIAN_POINT('Ctrl Pts',(-44.9127753922095,4.7255468912644,-38.905288169359));
#7226=CARTESIAN_POINT('Ctrl Pts',(-52.0872525806117,6.9708294667689,-38.905288169359));
#7227=CARTESIAN_POINT('Ctrl Pts',(-59.2617297690138,9.21611204227341,-38.9052881693589));
#7228=CARTESIAN_POINT('Ctrl Pts',(-58.7901345186766,16.7189124988114,-38.905288169359));
#7229=CARTESIAN_POINT('Ctrl Pts',(-58.3185392683394,24.2217129553494,-38.9052881693589));
#7230=CARTESIAN_POINT('Ctrl Pts',(-50.9193820247059,25.5509566706826,-38.9052881693589));
#7231=CARTESIAN_POINT('Ctrl Pts',(-38.5547000612879,22.9018991267583,-38.905288169359));
#7232=CARTESIAN_POINT('Ctrl Pts',(-33.2333755370368,14.5326971411772,-38.905288169359));
#7233=CARTESIAN_POINT('Ctrl Pts',(-40.0940455234017,7.37090658950359,-38.905288169359));
#7234=CARTESIAN_POINT('Ctrl Pts',(-46.9547155097666,0.209116037829937,-38.9052881693589));
#7235=CARTESIAN_POINT('Ctrl Pts',(-55.5446389233369,5.16625758481533,-38.9052881693589));
#7236=CARTESIAN_POINT('Ctrl Pts',(-64.1345623369071,10.1233991318007,-38.9052881693589));
#7237=CARTESIAN_POINT('Ctrl Pts',(-61.3663518602887,19.6468988732293,-38.905288169359));
#7238=CARTESIAN_POINT('Ctrl Pts',(-58.5981413836703,29.170398614658,-38.9052881693589));
#7239=CARTESIAN_POINT('Ctrl Pts',(-48.6893716027251,28.7504962497248,-38.9052881693589));
#7240=CARTESIAN_POINT('Ctrl Pts',(-38.5547000612879,22.9018991267583,-35.005288169359));
#7241=CARTESIAN_POINT('Ctrl Pts',(-33.2333755370368,14.5326971411772,-35.0052881693589));
#7242=CARTESIAN_POINT('Ctrl Pts',(-40.0940455234017,7.37090658950359,-35.005288169359));
#7243=CARTESIAN_POINT('Ctrl Pts',(-46.9547155097666,0.209116037829937,-35.0052881693589));
#7244=CARTESIAN_POINT('Ctrl Pts',(-55.5446389233369,5.16625758481533,-35.0052881693589));
#7245=CARTESIAN_POINT('Ctrl Pts',(-64.1345623369071,10.1233991318007,-35.0052881693589));
#7246=CARTESIAN_POINT('Ctrl Pts',(-61.3663518602887,19.6468988732293,-35.0052881693589));
#7247=CARTESIAN_POINT('Ctrl Pts',(-58.5981413836703,29.170398614658,-35.0052881693589));
#7248=CARTESIAN_POINT('Ctrl Pts',(-48.6893716027251,28.7504962497248,-35.005288169359));
#7249=CARTESIAN_POINT('',(-38.5547000612879,22.9018991267583,-35.005288169359));
#7250=CARTESIAN_POINT('',(-42.4547000612879,22.9018991267583,-31.105288169359));
#7251=CARTESIAN_POINT('Origin',(-42.4547000612879,22.9018991267583,-35.005288169359));
#7252=CARTESIAN_POINT('',(-42.4547000612879,22.9018991267583,-38.905288169359));
#7253=CARTESIAN_POINT('Origin',(-42.4547000612879,22.9018991267583,-35.005288169359));
#7254=CARTESIAN_POINT('Origin',(-42.4547000612879,22.9018991267583,-35.005288169359));
#7255=CARTESIAN_POINT('',(-61.8535142843161,16.7407520710641,-35.0052881693589));
#7256=CARTESIAN_POINT('Origin',(-49.2247109094757,16.1176692206922,-35.005288169359));
#7257=CARTESIAN_POINT('Ctrl Pts',(-61.8535142843161,16.7407520710641,-35.0052881693589));
#7258=CARTESIAN_POINT('Ctrl Pts',(-61.8535142843161,16.7407520710641,-35.5117605009726));
#7259=CARTESIAN_POINT('Ctrl Pts',(-61.7720418688253,16.7026610716021,-36.0165006437772));
#7260=CARTESIAN_POINT('Ctrl Pts',(-61.6108610569437,16.6273038089042,-36.4920845968753));
#7261=CARTESIAN_POINT('Ctrl Pts',(-61.5037592607319,16.5772302418441,-36.8081017147422));
#7262=CARTESIAN_POINT('Ctrl Pts',(-61.3621367301426,16.5110171106754,-37.1091428583649));
#7263=CARTESIAN_POINT('Ctrl Pts',(-61.0197549104738,16.3509424936874,-37.6546813236204));
#7264=CARTESIAN_POINT('Ctrl Pts',(-60.8213996199309,16.2582049552967,-37.9000442232224));
#7265=CARTESIAN_POINT('Ctrl Pts',(-60.3099163035251,16.0190698982758,-38.3840237079665));
#7266=CARTESIAN_POINT('Ctrl Pts',(-59.9817080133249,15.8656218664449,-38.6008510361209));
#7267=CARTESIAN_POINT('Ctrl Pts',(-59.3316151851976,15.5616823623853,-38.8540857225064));
#7268=CARTESIAN_POINT('Ctrl Pts',(-59.0208343292937,15.4163822218382,-38.9139581928397));
#7269=CARTESIAN_POINT('Ctrl Pts',(-58.4345258530392,15.1422639731998,-38.8957716690903));
#7270=CARTESIAN_POINT('Ctrl Pts',(-58.1652227243279,15.0163560170144,-38.8336666967899));
#7271=CARTESIAN_POINT('Ctrl Pts',(-57.7469553023847,14.8208024171449,-38.634910900561));
#7272=CARTESIAN_POINT('Ctrl Pts',(-57.5922167725286,14.7484571303707,-38.5330387331116));
#7273=CARTESIAN_POINT('Ctrl Pts',(-57.3018949305963,14.6127222432335,-38.2811841445387));
#7274=CARTESIAN_POINT('Ctrl Pts',(-57.170692731297,14.5513809553669,-38.1323855385653));
#7275=CARTESIAN_POINT('Ctrl Pts',(-56.8140720552676,14.3846492107298,-37.6219818230616));
#7276=CARTESIAN_POINT('Ctrl Pts',(-56.6492295969844,14.3075800094545,-37.2155372896253));
#7277=CARTESIAN_POINT('Ctrl Pts',(-56.3204898236221,14.1538834920383,-35.9755687120789));
#7278=CARTESIAN_POINT('Ctrl Pts',(-56.2834764924855,14.1365785580005,-35.0143647447554));
#7279=CARTESIAN_POINT('Ctrl Pts',(-56.4143665074796,14.197773889686,-33.6982128078906));
#7280=CARTESIAN_POINT('Ctrl Pts',(-56.5183505009647,14.246389782744,-33.1730143083847));
#7281=CARTESIAN_POINT('Ctrl Pts',(-56.8309962993797,14.3925618443406,-32.3881890569634));
#7282=CARTESIAN_POINT('Ctrl Pts',(-56.9955988455164,14.469518878898,-32.0936030114429));
#7283=CARTESIAN_POINT('Ctrl Pts',(-57.3971327124047,14.6572489984822,-31.6246325406615));
#7284=CARTESIAN_POINT('Ctrl Pts',(-57.6148537056997,14.7590406317131,-31.4481326217883));
#7285=CARTESIAN_POINT('Ctrl Pts',(-58.1211497491294,14.9957504701997,-31.1895211431463));
#7286=CARTESIAN_POINT('Ctrl Pts',(-58.4003640781775,15.1262922344666,-31.1190107427164));
#7287=CARTESIAN_POINT('Ctrl Pts',(-59.0218431716627,15.4168538885636,-31.0931538105499));
#7288=CARTESIAN_POINT('Ctrl Pts',(-59.3569243877474,15.5735152363218,-31.1598366677728));
#7289=CARTESIAN_POINT('Ctrl Pts',(-60.0553681749285,15.9000603835753,-31.4474510417911));
#7290=CARTESIAN_POINT('Ctrl Pts',(-60.4052866291546,16.0636586218112,-31.6953603684033));
#7291=CARTESIAN_POINT('Ctrl Pts',(-61.0515825087089,16.3658229291353,-32.3631091310045));
#7292=CARTESIAN_POINT('Ctrl Pts',(-61.3281322057112,16.4951188914549,-32.7998765846053));
#7293=CARTESIAN_POINT('Ctrl Pts',(-61.7263760864276,16.681310835686,-33.7845859152535));
#7294=CARTESIAN_POINT('Ctrl Pts',(-61.8378067097615,16.7334082699873,-34.3309760757299));
#7295=CARTESIAN_POINT('Ctrl Pts',(-61.8529996546398,16.7405114649954,-34.9247738204247));
#7296=CARTESIAN_POINT('Ctrl Pts',(-61.8535142843161,16.7407520710641,-34.9650364653326));
#7297=CARTESIAN_POINT('Ctrl Pts',(-61.8535142843161,16.7407520710641,-35.0052881693589));
#7298=CARTESIAN_POINT('Origin',(-57.3838063439326,14.6510184885472,-35.0052881693589));
#7299=CARTESIAN_POINT('Origin',(-42.4547000612879,28.1018991267583,-35.005288169359));
#7300=CARTESIAN_POINT('',(-38.5547000612879,28.1018991267583,-35.005288169359));
#7301=CARTESIAN_POINT('',(0.,0.,0.));
#7302=CARTESIAN_POINT('Origin',(-7.19692262037256,34.0000000000001,-38.0231118608881));
#7303=CARTESIAN_POINT('',(-7.19694242566336,31.1063476018283,-41.7591541896062));
#7304=CARTESIAN_POINT('',(-7.19698977808649,30.3186523981717,-41.7597029080543));
#7305=CARTESIAN_POINT('',(-7.19692262037256,34.0000000000001,-41.7594518608881));
#7306=CARTESIAN_POINT('',(-4.16666508195759,30.,-40.2089242605417));
#7307=CARTESIAN_POINT('Ctrl Pts',(-7.19698977808649,30.3186523981717,-41.7597029080543));
#7308=CARTESIAN_POINT('Ctrl Pts',(-6.63444072244357,30.2679227932383,-41.7593157315211));
#7309=CARTESIAN_POINT('Ctrl Pts',(-6.0716951493787,30.2171931883049,-41.6304316038324));
#7310=CARTESIAN_POINT('Ctrl Pts',(-5.56570238102297,30.1664635833715,-41.3848597031281));
#7311=CARTESIAN_POINT('Ctrl Pts',(-5.01224929387472,30.1109757222477,-41.1162540331236));
#7312=CARTESIAN_POINT('Ctrl Pts',(-4.52669473138508,30.0554878611238,-40.7080442030415));
#7313=CARTESIAN_POINT('Ctrl Pts',(-4.16666508195757,30.,-40.2089242605416));
#7314=CARTESIAN_POINT('',(-7.72760616544795,30.,-34.3244320288812));
#7315=CARTESIAN_POINT('Origin',(-7.19692262037256,30.,-38.0231118608881));
#7316=CARTESIAN_POINT('Ctrl Pts',(-7.72760616544795,30.,-34.3244320288812));
#7317=CARTESIAN_POINT('Ctrl Pts',(-7.66073631483393,30.0060924988535,-34.3147811011531));
#7318=CARTESIAN_POINT('Ctrl Pts',(-7.59360699391133,30.0121849977071,-34.306960856206));
#7319=CARTESIAN_POINT('Ctrl Pts',(-7.52631334590276,30.0182774965606,-34.3010044269526));
#7320=CARTESIAN_POINT('Ctrl Pts',(-6.91343172130641,30.0737653576845,-34.2467558292663));
#7321=CARTESIAN_POINT('Ctrl Pts',(-6.286919520646,30.1292532188084,-34.3471067087852));
#7322=CARTESIAN_POINT('Ctrl Pts',(-5.72165004845689,30.1847410799322,-34.5900233905982));
#7323=CARTESIAN_POINT('Ctrl Pts',(-5.15638057626778,30.2402289410561,-34.8329400724112));
#7324=CARTESIAN_POINT('Ctrl Pts',(-4.65235383254998,30.2957168021799,-35.2184225565184));
#7325=CARTESIAN_POINT('Ctrl Pts',(-4.26989716903805,30.3512046633037,-35.7003722668855));
#7326=CARTESIAN_POINT('Ctrl Pts',(-3.88744050552612,30.4066925244276,-36.1823219772525));
#7327=CARTESIAN_POINT('Ctrl Pts',(-3.62655392222004,30.4621803855514,-36.7607389138794));
#7328=CARTESIAN_POINT('Ctrl Pts',(-3.51842856164282,30.5176682466753,-37.3664256826825));
#7329=CARTESIAN_POINT('Ctrl Pts',(-3.4103032010656,30.5731561077991,-37.9721124514857));
#7330=CARTESIAN_POINT('Ctrl Pts',(-3.45493906321723,30.628643968923,-38.6050690524652));
#7331=CARTESIAN_POINT('Ctrl Pts',(-3.64700458876772,30.6841318300468,-39.1895834595564));
#7332=CARTESIAN_POINT('Ctrl Pts',(-3.83907011431821,30.7396196911707,-39.7740978666476));
#7333=CARTESIAN_POINT('Ctrl Pts',(-4.17856530326756,30.7951075522945,-40.3101700798506));
#7334=CARTESIAN_POINT('Ctrl Pts',(-4.62487558660059,30.8505954134184,-40.733673012491));
#7335=CARTESIAN_POINT('Ctrl Pts',(-5.07118586993362,30.9060832745423,-41.1571759451314));
#7336=CARTESIAN_POINT('Ctrl Pts',(-5.62431124765032,30.9615711356661,-41.4681095972093));
#7337=CARTESIAN_POINT('Ctrl Pts',(-6.21808793169371,31.01705899679,-41.6292803797753));
#7338=CARTESIAN_POINT('Ctrl Pts',(-6.53658096631851,31.0468218651361,-41.715730004713));
#7339=CARTESIAN_POINT('Ctrl Pts',(-6.86676975167592,31.0765847334822,-41.7590914893401));
#7340=CARTESIAN_POINT('Ctrl Pts',(-7.19694242566336,31.1063476018283,-41.7591541896062));
#7341=CARTESIAN_POINT('Origin',(-7.19692262037256,34.0000000000001,-38.0231118608881));
#7342=CARTESIAN_POINT('',(-7.19683028458633,33.2230142684949,-41.7594155252407));
#7343=CARTESIAN_POINT('',(-7.1969875384402,32.4353190648384,-41.759228595754));
#7344=CARTESIAN_POINT('',(-7.19692262037256,34.0000000000001,-41.7594518608881));
#7345=CARTESIAN_POINT('Ctrl Pts',(-7.1969875384402,32.4353190648384,-41.759228595754));
#7346=CARTESIAN_POINT('Ctrl Pts',(-6.80937195458497,32.4003760989595,-41.7589828983653));
#7347=CARTESIAN_POINT('Ctrl Pts',(-6.42168198369402,32.3654331330806,-41.6989372983142));
#7348=CARTESIAN_POINT('Ctrl Pts',(-6.05283465138273,32.3304901672017,-41.5803062219907));
#7349=CARTESIAN_POINT('Ctrl Pts',(-5.46712164630699,32.2750023060778,-41.3919253984848));
#7350=CARTESIAN_POINT('Ctrl Pts',(-4.92892226546974,32.219514444954,-41.0558153546964));
#7351=CARTESIAN_POINT('Ctrl Pts',(-4.50261662237149,32.1640265838301,-40.6121820053994));
#7352=CARTESIAN_POINT('Ctrl Pts',(-4.07631097927325,32.1085387227063,-40.1685486561025));
#7353=CARTESIAN_POINT('Ctrl Pts',(-3.76189907391401,32.0530508615824,-39.6173920012969));
#7354=CARTESIAN_POINT('Ctrl Pts',(-3.59699121231119,31.9975630004586,-39.0246420877759));
#7355=CARTESIAN_POINT('Ctrl Pts',(-3.43208335070837,31.9420751393347,-38.4318921742548));
#7356=CARTESIAN_POINT('Ctrl Pts',(-3.41667953286197,31.8865872782109,-37.7975490020182));
#7357=CARTESIAN_POINT('Ctrl Pts',(-3.5526224770336,31.831099417087,-37.1974935286614));
#7358=CARTESIAN_POINT('Ctrl Pts',(-3.68856542120522,31.7756115559632,-36.5974380553046));
#7359=CARTESIAN_POINT('Ctrl Pts',(-3.97585512739487,31.7201236948393,-36.0316702808276));
#7360=CARTESIAN_POINT('Ctrl Pts',(-4.38012543889348,31.6646358337155,-35.5678680150155));
#7361=CARTESIAN_POINT('Ctrl Pts',(-4.78439575039209,31.6091479725916,-35.1040657492035));
#7362=CARTESIAN_POINT('Ctrl Pts',(-5.30564666719965,31.5536601114678,-34.7422289920565));
#7363=CARTESIAN_POINT('Ctrl Pts',(-5.88152591001513,31.4981722503439,-34.5256412175594));
#7364=CARTESIAN_POINT('Ctrl Pts',(-6.45740515283061,31.4426843892201,-34.3090534430623));
#7365=CARTESIAN_POINT('Ctrl Pts',(-7.087912721654,31.3871965280962,-34.2377146512152));
#7366=CARTESIAN_POINT('Ctrl Pts',(-7.69762562621986,31.3317086669724,-34.3201582633788));
#7367=CARTESIAN_POINT('Ctrl Pts',(-8.30733853078571,31.2762208058485,-34.4026018755423));
#7368=CARTESIAN_POINT('Ctrl Pts',(-8.89625677109402,31.2207329447247,-34.6388278917165));
#7369=CARTESIAN_POINT('Ctrl Pts',(-9.39393504259824,31.1652450836008,-35.000579109377));
#7370=CARTESIAN_POINT('Ctrl Pts',(-9.89161331410247,31.109757222477,-35.3623303270375));
#7371=CARTESIAN_POINT('Ctrl Pts',(-10.2980516168026,31.0542693613531,-35.8496067461842));
#7372=CARTESIAN_POINT('Ctrl Pts',(-10.5646274113223,30.9987815002293,-36.4041187903953));
#7373=CARTESIAN_POINT('Ctrl Pts',(-10.8312032058419,30.9432936391054,-36.9586308346064));
#7374=CARTESIAN_POINT('Ctrl Pts',(-10.9579164921811,30.8878057779816,-37.5803785038819));
#7375=CARTESIAN_POINT('Ctrl Pts',(-10.9296178224703,30.8323179168577,-38.1949895560584));
#7376=CARTESIAN_POINT('Ctrl Pts',(-10.9013191527595,30.7768300557339,-38.8096006082349));
#7377=CARTESIAN_POINT('Ctrl Pts',(-10.7180085269986,30.72134219461,-39.4170750433124));
#7378=CARTESIAN_POINT('Ctrl Pts',(-10.4015966811897,30.6658543334862,-39.9447417585802));
#7379=CARTESIAN_POINT('Ctrl Pts',(-10.0851848353808,30.6103664723623,-40.4724084738481));
#7380=CARTESIAN_POINT('Ctrl Pts',(-9.63567176952397,30.5548786112385,-40.9202674693062));
#7381=CARTESIAN_POINT('Ctrl Pts',(-9.10686523461516,30.4993907501146,-41.2347539550723));
#7382=CARTESIAN_POINT('Ctrl Pts',(-8.57805869970636,30.4439028889908,-41.5492404408385));
#7383=CARTESIAN_POINT('Ctrl Pts',(-7.96995869574563,30.3884150278669,-41.7303544169127));
#7384=CARTESIAN_POINT('Ctrl Pts',(-7.35523288786185,30.3329271667431,-41.7564106499863));
#7385=CARTESIAN_POINT('Ctrl Pts',(-7.30251824322506,30.3281689105526,-41.7586450527874));
#7386=CARTESIAN_POINT('Ctrl Pts',(-7.24975487511347,30.3234106543622,-41.7597392238336));
#7387=CARTESIAN_POINT('Ctrl Pts',(-7.19698977808649,30.3186523981717,-41.7597029080543));
#7388=CARTESIAN_POINT('Ctrl Pts',(-7.19694242566336,31.1063476018283,-41.7591541896062));
#7389=CARTESIAN_POINT('Ctrl Pts',(-7.48232115848442,31.132072594606,-41.7592083834384));
#7390=CARTESIAN_POINT('Ctrl Pts',(-7.76768785499374,31.1577975873838,-41.7269153797925));
#7391=CARTESIAN_POINT('Ctrl Pts',(-8.04547998041187,31.1835225801615,-41.6621391624701));
#7392=CARTESIAN_POINT('Ctrl Pts',(-8.64466735471657,31.2390104412853,-41.5224192495448));
#7393=CARTESIAN_POINT('Ctrl Pts',(-9.20861411295591,31.2944983024092,-41.2315715106402));
#7394=CARTESIAN_POINT('Ctrl Pts',(-9.66986062920809,31.349986163533,-40.8243876766859));
#7395=CARTESIAN_POINT('Ctrl Pts',(-10.1311071454603,31.4054740246569,-40.4172038427317));
#7396=CARTESIAN_POINT('Ctrl Pts',(-10.4896534197253,31.4609618857807,-39.8936839137279));
#7397=CARTESIAN_POINT('Ctrl Pts',(-10.7026095018306,31.5164497469046,-39.3164519332734));
#7398=CARTESIAN_POINT('Ctrl Pts',(-10.9155655839359,31.5719376080284,-38.739219952819));
#7399=CARTESIAN_POINT('Ctrl Pts',(-10.9829314738814,31.6274254691523,-38.1082759209138));
#7400=CARTESIAN_POINT('Ctrl Pts',(-10.8966488689771,31.6829133302761,-37.4990941977335));
#7401=CARTESIAN_POINT('Ctrl Pts',(-10.8103662640727,31.7384011914,-36.8899124745531));
#7402=CARTESIAN_POINT('Ctrl Pts',(-10.5704351643184,31.7938890525238,-36.3024930600976));
#7403=CARTESIAN_POINT('Ctrl Pts',(-10.2055563890319,31.8493769136477,-35.8071037927086));
#7404=CARTESIAN_POINT('Ctrl Pts',(-9.84067761374536,31.9048647747715,-35.3117145253195));
#7405=CARTESIAN_POINT('Ctrl Pts',(-9.35085116292667,31.9603526358954,-34.9083554049969));
#7406=CARTESIAN_POINT('Ctrl Pts',(-8.79467071806113,32.0158404970192,-34.6452767690329));
#7407=CARTESIAN_POINT('Ctrl Pts',(-8.23849027319559,32.0713283581431,-34.382198133069));
#7408=CARTESIAN_POINT('Ctrl Pts',(-7.6159558342832,32.1268162192669,-34.2593999814637));
#7409=CARTESIAN_POINT('Ctrl Pts',(-7.00153575041077,32.1823040803908,-34.2915715810125));
#7410=CARTESIAN_POINT('Ctrl Pts',(-6.38711566653833,32.2377919415146,-34.3237431805613));
#7411=CARTESIAN_POINT('Ctrl Pts',(-5.78080993770585,32.2932798026385,-34.5108845312641));
#7412=CARTESIAN_POINT('Ctrl Pts',(-5.25514562848471,32.3487676637623,-34.8306095492917));
#7413=CARTESIAN_POINT('Ctrl Pts',(-4.72948131926357,32.4042555248862,-35.1503345673194));
#7414=CARTESIAN_POINT('Ctrl Pts',(-4.28445842965376,32.45974338601,-35.6026432526717));
#7415=CARTESIAN_POINT('Ctrl Pts',(-3.97331115967877,32.5152312471339,-36.1334298661365));
#7416=CARTESIAN_POINT('Ctrl Pts',(-3.66216388970377,32.5707191082577,-36.6642164796014));
#7417=CARTESIAN_POINT('Ctrl Pts',(-3.48489223936359,32.6262069693816,-37.2734810211786));
#7418=CARTESIAN_POINT('Ctrl Pts',(-3.46270166930064,32.6816948305054,-37.8883424943874));
#7419=CARTESIAN_POINT('Ctrl Pts',(-3.44051109923768,32.7371826916293,-38.5032039675961));
#7420=CARTESIAN_POINT('Ctrl Pts',(-3.57340160945196,32.7926705527531,-39.1236623724363));
#7421=CARTESIAN_POINT('Ctrl Pts',(-3.8454766680472,32.848158413877,-39.6754976877634));
#7422=CARTESIAN_POINT('Ctrl Pts',(-4.11755172664243,32.9036462750008,-40.2273330030905));
#7423=CARTESIAN_POINT('Ctrl Pts',(-4.52881133361863,32.9591341361247,-40.7105452289045));
#7424=CARTESIAN_POINT('Ctrl Pts',(-5.03006009383852,33.0146219972485,-41.0673319061709));
#7425=CARTESIAN_POINT('Ctrl Pts',(-5.5313088540584,33.0701098583724,-41.4241185834373));
#7426=CARTESIAN_POINT('Ctrl Pts',(-6.12254676752196,33.1255977194962,-41.6544797121562));
#7427=CARTESIAN_POINT('Ctrl Pts',(-6.73304920494267,33.1810855806201,-41.7308592021736));
#7428=CARTESIAN_POINT('Ctrl Pts',(-6.88682197389917,33.1950618099117,-41.7500975949326));
#7429=CARTESIAN_POINT('Ctrl Pts',(-7.04181694304506,33.2090380392033,-41.7595669226267));
#7430=CARTESIAN_POINT('Ctrl Pts',(-7.19683028458633,33.2230142684949,-41.7594155252407));
#7431=CARTESIAN_POINT('Origin',(-7.19692262037256,34.0000000000001,-38.0231118608881));
#7432=CARTESIAN_POINT('',(-7.19694136657059,35.3396809351616,-41.7597548895378));
#7433=CARTESIAN_POINT('',(-7.19684850696605,34.551985731505,-41.7592610702645));
#7434=CARTESIAN_POINT('',(-7.19692262037256,34.0000000000001,-41.7594518608881));
#7435=CARTESIAN_POINT('Ctrl Pts',(-7.19684850696605,34.551985731505,-41.7592610702645));
#7436=CARTESIAN_POINT('Ctrl Pts',(-6.98435635720442,34.5328294046806,-41.7594167635123));
#7437=CARTESIAN_POINT('Ctrl Pts',(-6.7718900569421,34.5136730778562,-41.7415838850373));
#7438=CARTESIAN_POINT('Ctrl Pts',(-6.56256370679931,34.4945167510318,-41.7055238166185));
#7439=CARTESIAN_POINT('Ctrl Pts',(-5.95623288185845,34.4390288899079,-41.6010728909856));
#7440=CARTESIAN_POINT('Ctrl Pts',(-5.37624681665851,34.3835410287841,-41.3436924850929));
#7441=CARTESIAN_POINT('Ctrl Pts',(-4.89198414606733,34.3280531676602,-40.9641707870346));
#7442=CARTESIAN_POINT('Ctrl Pts',(-4.40772147547614,34.2725653065364,-40.5846490889763));
#7443=CARTESIAN_POINT('Ctrl Pts',(-4.01918219949369,34.2170774454126,-40.0829860987525));
#7444=CARTESIAN_POINT('Ctrl Pts',(-3.77284389483726,34.1615895842887,-39.5191913708616));
#7445=CARTESIAN_POINT('Ctrl Pts',(-3.52650559018082,34.1061017231649,-38.9553966429706));
#7446=CARTESIAN_POINT('Ctrl Pts',(-3.4223682568504,34.050613862041,-38.3294701774124));
#7447=CARTESIAN_POINT('Ctrl Pts',(-3.47288892709681,33.9951260009171,-37.7162860955132));
#7448=CARTESIAN_POINT('Ctrl Pts',(-3.52340959734323,33.9396381397933,-37.103102013614));
#7449=CARTESIAN_POINT('Ctrl Pts',(-3.7285882711665,33.8841502786694,-36.5026603153737));
#7450=CARTESIAN_POINT('Ctrl Pts',(-4.06388121909935,33.8286624175456,-35.986786596066));
#7451=CARTESIAN_POINT('Ctrl Pts',(-4.39917416703221,33.7731745564218,-35.4709128767584));
#7452=CARTESIAN_POINT('Ctrl Pts',(-4.86458138907466,33.7176866952979,-35.0396071363835));
#7453=CARTESIAN_POINT('Ctrl Pts',(-5.40443028155777,33.662198834174,-34.7444627152959));
#7454=CARTESIAN_POINT('Ctrl Pts',(-5.94427917404086,33.6067109730502,-34.4493182942082));
#7455=CARTESIAN_POINT('Ctrl Pts',(-6.55856973696463,33.5512231119263,-34.2903351924079));
#7456=CARTESIAN_POINT('Ctrl Pts',(-7.17381975528214,33.4957352508025,-34.2865311696717));
#7457=CARTESIAN_POINT('Ctrl Pts',(-7.78906977359964,33.4402473896786,-34.2827271469355));
#7458=CARTESIAN_POINT('Ctrl Pts',(-8.4052792473109,33.3847595285548,-34.4341022032634));
#7459=CARTESIAN_POINT('Ctrl Pts',(-8.94873641745501,33.329271667431,-34.7225486626836));
#7460=CARTESIAN_POINT('Ctrl Pts',(-9.49219358759911,33.2737838063071,-35.0109951221037));
#7461=CARTESIAN_POINT('Ctrl Pts',(-9.96289845417606,33.2182959451833,-35.4365129846162));
#7462=CARTESIAN_POINT('Ctrl Pts',(-10.3045447047293,33.1628080840594,-35.9482012640118));
#7463=CARTESIAN_POINT('Ctrl Pts',(-10.6461909552826,33.1073202229356,-36.4598895434073));
#7464=CARTESIAN_POINT('Ctrl Pts',(-10.8587785898122,33.0518323618117,-37.057748239686));
#7465=CARTESIAN_POINT('Ctrl Pts',(-10.9168776053602,32.9963445006879,-37.6702607375707));
#7466=CARTESIAN_POINT('Ctrl Pts',(-10.9749766209083,32.940856639564,-38.2827732354553));
#7467=CARTESIAN_POINT('Ctrl Pts',(-10.8785870174747,32.8853687784402,-38.9099395349458));
#7468=CARTESIAN_POINT('Ctrl Pts',(-10.6392390427487,32.8298809173163,-39.4767372084393));
#7469=CARTESIAN_POINT('Ctrl Pts',(-10.3998910680227,32.7743930561925,-40.0435348819328));
#7470=CARTESIAN_POINT('Ctrl Pts',(-10.0175847220042,32.7189051950686,-40.5499639294294));
#7471=CARTESIAN_POINT('Ctrl Pts',(-9.5380519721785,32.6634173339448,-40.9354446656806));
#7472=CARTESIAN_POINT('Ctrl Pts',(-9.05851922235279,32.6079294728209,-41.3209254019319));
#7473=CARTESIAN_POINT('Ctrl Pts',(-8.48176006871986,32.5524416116971,-41.5854578269379));
#7474=CARTESIAN_POINT('Ctrl Pts',(-7.87676717724628,32.4969537505732,-41.6973982378291));
#7475=CARTESIAN_POINT('Ctrl Pts',(-7.65276294771724,32.4764088553283,-41.738845213237));
#7476=CARTESIAN_POINT('Ctrl Pts',(-7.42488810055084,32.4558639600833,-41.7593730547885));
#7477=CARTESIAN_POINT('Ctrl Pts',(-7.1969875384402,32.4353190648384,-41.759228595754));
#7478=CARTESIAN_POINT('Ctrl Pts',(-7.19683028458633,33.2230142684949,-41.7594155252407));
#7479=CARTESIAN_POINT('Ctrl Pts',(-7.65724465164311,33.2645259003272,-41.7589658508388));
#7480=CARTESIAN_POINT('Ctrl Pts',(-8.11782109718203,33.3060375321594,-41.6736436007151));
#7481=CARTESIAN_POINT('Ctrl Pts',(-8.54701656767608,33.3475491639916,-41.5073356232293));
#7482=CARTESIAN_POINT('Ctrl Pts',(-9.1207145316109,33.4030370251155,-41.2850347029519));
#7483=CARTESIAN_POINT('Ctrl Pts',(-9.63834349810271,33.4585248862393,-40.9180350110813));
#7484=CARTESIAN_POINT('Ctrl Pts',(-10.0379840320974,33.5140127473632,-40.450237516693));
#7485=CARTESIAN_POINT('Ctrl Pts',(-10.4376245660921,33.569500608487,-39.9824400223046));
#7486=CARTESIAN_POINT('Ctrl Pts',(-10.7192766675897,33.6249884696109,-39.4138447253985));
#7487=CARTESIAN_POINT('Ctrl Pts',(-10.8492487589839,33.6804763307347,-38.8124677148292));
#7488=CARTESIAN_POINT('Ctrl Pts',(-10.9792208503781,33.7359641918586,-38.2110907042599));
#7489=CARTESIAN_POINT('Ctrl Pts',(-10.9575129316689,33.7914520529824,-37.5769319800274));
#7490=CARTESIAN_POINT('Ctrl Pts',(-10.7867217235451,33.8469399141063,-36.9858504156645));
#7491=CARTESIAN_POINT('Ctrl Pts',(-10.6159305154213,33.9024277752301,-36.3947688513016));
#7492=CARTESIAN_POINT('Ctrl Pts',(-10.2960560178829,33.957915636354,-35.8467644468084));
#7493=CARTESIAN_POINT('Ctrl Pts',(-9.86536204081322,34.0134034974778,-35.4073901775381));
#7494=CARTESIAN_POINT('Ctrl Pts',(-9.43466806374353,34.0688913586017,-34.9680159082678));
#7495=CARTESIAN_POINT('Ctrl Pts',(-8.89315460714258,34.1243792197255,-34.6372717742203));
#7496=CARTESIAN_POINT('Ctrl Pts',(-8.30559816153399,34.1798670808494,-34.4547218211785));
#7497=CARTESIAN_POINT('Ctrl Pts',(-7.7180417159254,34.2353549419732,-34.2721718681367));
#7498=CARTESIAN_POINT('Ctrl Pts',(-7.08444228130917,34.290842803097,-34.2378160961006));
#7499=CARTESIAN_POINT('Ctrl Pts',(-6.48059190033737,34.3463306642209,-34.3557641583942));
#7500=CARTESIAN_POINT('Ctrl Pts',(-5.87674151936557,34.4018185253448,-34.4737122206877));
#7501=CARTESIAN_POINT('Ctrl Pts',(-5.30264019203819,34.4573063864686,-34.743964117311));
#7502=CARTESIAN_POINT('Ctrl Pts',(-4.82696248915453,34.5127942475925,-35.134192031999));
#7503=CARTESIAN_POINT('Ctrl Pts',(-4.35128478627086,34.5682821087163,-35.5244199466869));
#7504=CARTESIAN_POINT('Ctrl Pts',(-3.97403070783091,34.6237699698401,-36.0346238794395));
#7505=CARTESIAN_POINT('Ctrl Pts',(-3.74032819689058,34.679257830964,-36.6037724665273));
#7506=CARTESIAN_POINT('Ctrl Pts',(-3.50662568595026,34.7347456920878,-37.1729210536151));
#7507=CARTESIAN_POINT('Ctrl Pts',(-3.41647474250956,34.7902335532117,-37.8010142950381));
#7508=CARTESIAN_POINT('Ctrl Pts',(-3.48065863855789,34.8457214143356,-38.4129191385845));
#7509=CARTESIAN_POINT('Ctrl Pts',(-3.54484253460621,34.9012092754594,-39.024823982131));
#7510=CARTESIAN_POINT('Ctrl Pts',(-3.76336127014357,34.9566971365832,-39.620540427801));
#7511=CARTESIAN_POINT('Ctrl Pts',(-4.11007682547803,35.0121849977071,-40.1288075772905));
#7512=CARTESIAN_POINT('Ctrl Pts',(-4.45679238081249,35.0676728588309,-40.6370747267801));
#7513=CARTESIAN_POINT('Ctrl Pts',(-4.93170475594406,35.1231607199548,-41.0578925800892));
#7514=CARTESIAN_POINT('Ctrl Pts',(-5.4780012417026,35.1786485810787,-41.3409235118013));
#7515=CARTESIAN_POINT('Ctrl Pts',(-6.00647363997239,35.2323260324396,-41.6147199559771));
#7516=CARTESIAN_POINT('Ctrl Pts',(-6.60174802179379,35.2860034838006,-41.7595739844065));
#7517=CARTESIAN_POINT('Ctrl Pts',(-7.19694136657059,35.3396809351616,-41.7597548895378));
#7518=CARTESIAN_POINT('Origin',(-7.19692262037256,34.0000000000001,-38.0231118608881));
#7519=CARTESIAN_POINT('',(-7.19311309125519,37.4563476018283,-41.7552557880866));
#7520=CARTESIAN_POINT('',(-7.19697473039891,36.6686523981717,-41.7596855097701));
#7521=CARTESIAN_POINT('',(-7.19692262037256,34.0000000000001,-41.7594518608881));
#7522=CARTESIAN_POINT('Ctrl Pts',(-7.19697473039891,36.6686523981717,-41.7596855097701));
#7523=CARTESIAN_POINT('Ctrl Pts',(-7.15962068464775,36.6652827104018,-41.7596992464238));
#7524=CARTESIAN_POINT('Ctrl Pts',(-7.12226607447895,36.6619130226319,-41.7591451972543));
#7525=CARTESIAN_POINT('Ctrl Pts',(-7.08492723705965,36.6585433348619,-41.7580198398664));
#7526=CARTESIAN_POINT('Ctrl Pts',(-6.47007732611591,36.6030554737381,-41.739488842719));
#7527=CARTESIAN_POINT('Ctrl Pts',(-5.85950426549303,36.5475676126142,-41.5660451121331));
#7528=CARTESIAN_POINT('Ctrl Pts',(-5.32677573784821,36.4920797514904,-41.2581573331492));
#7529=CARTESIAN_POINT('Ctrl Pts',(-4.79404721020339,36.4365918903665,-40.9502695541654));
#7530=CARTESIAN_POINT('Ctrl Pts',(-4.33916321553664,36.3811040292427,-40.5079377267836));
#7531=CARTESIAN_POINT('Ctrl Pts',(-4.01628556267619,36.3256161681188,-39.9842066997789));
#7532=CARTESIAN_POINT('Ctrl Pts',(-3.69340790981574,36.270128306995,-39.4604756727742));
#7533=CARTESIAN_POINT('Ctrl Pts',(-3.50253659876159,36.2146404458711,-38.8553454461467));
#7534=CARTESIAN_POINT('Ctrl Pts',(-3.46662368477222,36.1591525847473,-38.2411394539763));
#7535=CARTESIAN_POINT('Ctrl Pts',(-3.43071077078285,36.1036647236234,-37.6269334618059));
#7536=CARTESIAN_POINT('Ctrl Pts',(-3.54975625385826,36.0481768624996,-37.0036517040926));
#7537=CARTESIAN_POINT('Ctrl Pts',(-3.80946282198997,35.9926890013757,-36.4458818869205));
#7538=CARTESIAN_POINT('Ctrl Pts',(-4.06916939012168,35.9372011402519,-35.8881120697484));
#7539=CARTESIAN_POINT('Ctrl Pts',(-4.46953704330968,35.881713279128,-35.3958541931175));
#7540=CARTESIAN_POINT('Ctrl Pts',(-4.96270036194365,35.8262254180042,-35.0279785305928));
#7541=CARTESIAN_POINT('Ctrl Pts',(-5.45586368057761,35.7707375568803,-34.6601028680681));
#7542=CARTESIAN_POINT('Ctrl Pts',(-6.04182266465751,35.7152496957565,-34.4166094196496));
#7543=CARTESIAN_POINT('Ctrl Pts',(-6.65047129153495,35.6597618346326,-34.3266319482181));
#7544=CARTESIAN_POINT('Ctrl Pts',(-7.25911991841238,35.6042739735088,-34.2366544767865));
#7545=CARTESIAN_POINT('Ctrl Pts',(-7.89045818808735,35.5487861123849,-34.3001929823421));
#7546=CARTESIAN_POINT('Ctrl Pts',(-8.46897073225106,35.4932982512611,-34.5096436911851));
#7547=CARTESIAN_POINT('Ctrl Pts',(-9.04748327641476,35.4378103901372,-34.7190944000281));
#7548=CARTESIAN_POINT('Ctrl Pts',(-9.57317009506719,35.3823225290134,-35.0744573121586));
#7549=CARTESIAN_POINT('Ctrl Pts',(-9.98314495731956,35.3268346678895,-35.5332249947622));
#7550=CARTESIAN_POINT('Ctrl Pts',(-10.3931198195719,35.2713468067657,-35.9919926773658));
#7551=CARTESIAN_POINT('Ctrl Pts',(-10.6873827254242,35.2158589456418,-36.5541651304426));
#7552=CARTESIAN_POINT('Ctrl Pts',(-10.830734954953,35.160371084518,-37.15249384552));
#7553=CARTESIAN_POINT('Ctrl Pts',(-10.9740871844817,35.1048832233941,-37.7508225605974));
#7554=CARTESIAN_POINT('Ctrl Pts',(-10.9665287376869,35.0493953622703,-38.3853075376754));
#7555=CARTESIAN_POINT('Ctrl Pts',(-10.8089631086554,34.9939075011464,-38.9800512249605));
#7556=CARTESIAN_POINT('Ctrl Pts',(-10.651397479624,34.9384196400226,-39.5747949122456));
#7557=CARTESIAN_POINT('Ctrl Pts',(-10.3438246683559,34.8829317788987,-40.1297973097379));
#7558=CARTESIAN_POINT('Ctrl Pts',(-9.92303723672452,34.8274439177749,-40.5786681627786));
#7559=CARTESIAN_POINT('Ctrl Pts',(-9.50224980509314,34.771956056651,-41.0275390158193));
#7560=CARTESIAN_POINT('Ctrl Pts',(-8.96824775309849,34.7164681955272,-41.3702783244085));
#7561=CARTESIAN_POINT('Ctrl Pts',(-8.38490893476026,34.6609803344033,-41.5658872560166));
#7562=CARTESIAN_POINT('Ctrl Pts',(-8.00295883148736,34.6246488001039,-41.6939652259374));
#7563=CARTESIAN_POINT('Ctrl Pts',(-7.59985717862773,34.5883172658045,-41.7589657853373));
#7564=CARTESIAN_POINT('Ctrl Pts',(-7.19684850696605,34.551985731505,-41.7592610702645));
#7565=CARTESIAN_POINT('Ctrl Pts',(-7.19694136657059,35.3396809351616,-41.7597548895378));
#7566=CARTESIAN_POINT('Ctrl Pts',(-7.21701578916057,35.3414913449245,-41.7597609910275));
#7567=CARTESIAN_POINT('Ctrl Pts',(-7.23709011956697,35.3433017546873,-41.7596025197964));
#7568=CARTESIAN_POINT('Ctrl Pts',(-7.2571617917058,35.3451121644502,-41.7592788723084));
#7569=CARTESIAN_POINT('Ctrl Pts',(-7.87234525956501,35.400600025574,-41.7493592909883));
#7570=CARTESIAN_POINT('Ctrl Pts',(-8.48503159889795,35.4560878866979,-41.5842761182331));
#7571=CARTESIAN_POINT('Ctrl Pts',(-9.02191682769434,35.5115757478217,-41.2837818546965));
#7572=CARTESIAN_POINT('Ctrl Pts',(-9.55880205649075,35.5670636089456,-40.9832875911599));
#7573=CARTESIAN_POINT('Ctrl Pts',(-10.0198861747506,35.6225514700694,-40.5473822368421));
#7574=CARTESIAN_POINT('Ctrl Pts',(-10.3500424591029,35.6780393311933,-40.0281987371167));
#7575=CARTESIAN_POINT('Ctrl Pts',(-10.6801987434552,35.7335271923171,-39.5090152373914));
#7576=CARTESIAN_POINT('Ctrl Pts',(-10.8794271938999,35.789015053441,-38.9065535922586));
#7577=CARTESIAN_POINT('Ctrl Pts',(-10.9238353924842,35.8445029145649,-38.2929033353436));
#7578=CARTESIAN_POINT('Ctrl Pts',(-10.9682435910684,35.8999907756887,-37.6792530784287));
#7579=CARTESIAN_POINT('Ctrl Pts',(-10.8578315377922,35.9554786368125,-37.0544142097315));
#7580=CARTESIAN_POINT('Ctrl Pts',(-10.6059340294138,36.0109664979364,-36.4930838249147));
#7581=CARTESIAN_POINT('Ctrl Pts',(-10.3540365210354,36.0664543590602,-35.931753440098));
#7582=CARTESIAN_POINT('Ctrl Pts',(-9.96065355755466,36.1219422201841,-35.4339315391617));
#7583=CARTESIAN_POINT('Ctrl Pts',(-9.47257463431148,36.177430081308,-35.0592669025493));
#7584=CARTESIAN_POINT('Ctrl Pts',(-8.98449571106831,36.2329179424318,-34.6846022659369));
#7585=CARTESIAN_POINT('Ctrl Pts',(-8.40172082806265,36.2884058035556,-34.4330948936484));
#7586=CARTESIAN_POINT('Ctrl Pts',(-7.79452489604525,36.3438936646795,-34.3346228158597));
#7587=CARTESIAN_POINT('Ctrl Pts',(-7.18732896402785,36.3993815258033,-34.236150738071));
#7588=CARTESIAN_POINT('Ctrl Pts',(-6.55571198299871,36.4548693869272,-34.2907139547821));
#7589=CARTESIAN_POINT('Ctrl Pts',(-5.97404596161307,36.510357248051,-34.4922221521107));
#7590=CARTESIAN_POINT('Ctrl Pts',(-5.39237994022742,36.5658451091749,-34.6937303494392));
#7591=CARTESIAN_POINT('Ctrl Pts',(-4.86066487848527,36.6213329702987,-35.0421835273852));
#7592=CARTESIAN_POINT('Ctrl Pts',(-4.44499313948343,36.6768208314226,-35.4949797282853));
#7593=CARTESIAN_POINT('Ctrl Pts',(-4.02932140048159,36.7323086925464,-35.9477759291855));
#7594=CARTESIAN_POINT('Ctrl Pts',(-3.72969298422006,36.7877965536703,-36.5049151530397));
#7595=CARTESIAN_POINT('Ctrl Pts',(-3.5768225935361,36.8432844147941,-37.1016902485218));
#7596=CARTESIAN_POINT('Ctrl Pts',(-3.42395220285214,36.898772275918,-37.6984653440039));
#7597=CARTESIAN_POINT('Ctrl Pts',(-3.41783983774575,36.9542601370418,-38.334876311114));
#7598=CARTESIAN_POINT('Ctrl Pts',(-3.56879732195822,37.0097479981657,-38.9304654360795));
#7599=CARTESIAN_POINT('Ctrl Pts',(-3.87071229038316,37.1207237204134,-40.1216436860106));
#7600=CARTESIAN_POINT('Ctrl Pts',(-4.80090665608357,37.2316994426611,-41.1495345673639));
#7601=CARTESIAN_POINT('Ctrl Pts',(-5.95617830905809,37.3426751649088,-41.5544307042434));
#7602=CARTESIAN_POINT('Ctrl Pts',(-6.35062657647441,37.3805659772153,-41.6926757475321));
#7603=CARTESIAN_POINT('Ctrl Pts',(-6.77131361817113,37.4184567895218,-41.7582941003356));
#7604=CARTESIAN_POINT('Ctrl Pts',(-7.19311309125519,37.4563476018283,-41.7552557880866));
#7605=CARTESIAN_POINT('Origin',(-7.19692262037256,34.0000000000001,-38.0231118608881));
#7606=CARTESIAN_POINT('',(-7.19686607075844,39.5730142684949,-41.7591978681327));
#7607=CARTESIAN_POINT('',(-7.19697665331157,38.7853190648384,-41.7594713710571));
#7608=CARTESIAN_POINT('',(-7.19692262037256,34.0000000000001,-41.7594518608881));
#7609=CARTESIAN_POINT('Ctrl Pts',(-7.19697665331157,38.7853190648384,-41.7594713710571));
#7610=CARTESIAN_POINT('Ctrl Pts',(-6.71883678817204,38.7422481549991,-41.7590338253681));
#7611=CARTESIAN_POINT('Ctrl Pts',(-6.240352984059,38.6991772451598,-41.6670744929441));
#7612=CARTESIAN_POINT('Ctrl Pts',(-5.79799679408171,38.6561063353205,-41.4883062416871));
#7613=CARTESIAN_POINT('Ctrl Pts',(-5.22811334076438,38.6006184741966,-41.2580007307027));
#7614=CARTESIAN_POINT('Ctrl Pts',(-4.71819065157416,38.5451306130728,-40.8836190267342));
#7615=CARTESIAN_POINT('Ctrl Pts',(-4.32376652210422,38.489642751949,-40.4103965307547));
#7616=CARTESIAN_POINT('Ctrl Pts',(-3.92934239263428,38.4341548908251,-39.9371740347751));
#7617=CARTESIAN_POINT('Ctrl Pts',(-3.65041682288463,38.3786670297013,-39.3651107467845));
#7618=CARTESIAN_POINT('Ctrl Pts',(-3.53086427132448,38.3231791685774,-38.7624318616726));
#7619=CARTESIAN_POINT('Ctrl Pts',(-3.29175916820419,38.2122034463297,-37.5570740914487));
#7620=CARTESIAN_POINT('Ctrl Pts',(-3.69014613784195,38.101227724082,-36.2292539327397));
#7621=CARTESIAN_POINT('Ctrl Pts',(-4.55942651204533,37.9902520018343,-35.3673119536791));
#7622=CARTESIAN_POINT('Ctrl Pts',(-5.42870688624871,37.8792762795866,-34.5053699746185));
#7623=CARTESIAN_POINT('Ctrl Pts',(-6.7688806650177,37.7683005573389,-34.1093061752064));
#7624=CARTESIAN_POINT('Ctrl Pts',(-7.96705406680276,37.6573248350912,-34.3602500802865));
#7625=CARTESIAN_POINT('Ctrl Pts',(-9.1652274685878,37.5463491128435,-34.6111939853666));
#7626=CARTESIAN_POINT('Ctrl Pts',(-10.2214004933889,37.4353733905958,-35.509145594939));
#7627=CARTESIAN_POINT('Ctrl Pts',(-10.6759237851873,37.3243976683481,-36.650840467394));
#7628=CARTESIAN_POINT('Ctrl Pts',(-10.9031854310866,37.2689098072243,-37.2216879036214));
#7629=CARTESIAN_POINT('Ctrl Pts',(-10.9800346437351,37.2134219461004,-37.8534711555695));
#7630=CARTESIAN_POINT('Ctrl Pts',(-10.906211243402,37.1579340849766,-38.4650756275712));
#7631=CARTESIAN_POINT('Ctrl Pts',(-10.8323878430689,37.1024462238527,-39.076680099573));
#7632=CARTESIAN_POINT('Ctrl Pts',(-10.6078918297542,37.0469583627289,-39.6681057916283));
#7633=CARTESIAN_POINT('Ctrl Pts',(-10.2547496321123,36.991470501605,-40.1711946177807));
#7634=CARTESIAN_POINT('Ctrl Pts',(-9.90160743447048,36.9359826404812,-40.674283443933));
#7635=CARTESIAN_POINT('Ctrl Pts',(-9.41981905250151,36.8804947793573,-41.0890354041825));
#7636=CARTESIAN_POINT('Ctrl Pts',(-8.86936148088473,36.8250069182335,-41.3646022524527));
#7637=CARTESIAN_POINT('Ctrl Pts',(-8.35233230440472,36.7728887448796,-41.6234343731698));
#7638=CARTESIAN_POINT('Ctrl Pts',(-7.77472102763838,36.7207705715256,-41.7594730481576));
#7639=CARTESIAN_POINT('Ctrl Pts',(-7.19697473039891,36.6686523981717,-41.7596855097701));
#7640=CARTESIAN_POINT('Ctrl Pts',(-7.19311309125519,37.4563476018283,-41.7552557880866));
#7641=CARTESIAN_POINT('Ctrl Pts',(-8.00669228439123,37.5294325117695,-41.7493954023209));
#7642=CARTESIAN_POINT('Ctrl Pts',(-8.82441014786733,37.6025174217107,-41.4881059568101));
#7643=CARTESIAN_POINT('Ctrl Pts',(-9.46596047232207,37.6756023316519,-40.999876286555));
#7644=CARTESIAN_POINT('Ctrl Pts',(-10.4401220423629,37.7865780538996,-40.2585243395811));
#7645=CARTESIAN_POINT('Ctrl Pts',(-11.008096242196,37.8975537761473,-38.9939190532273));
#7646=CARTESIAN_POINT('Ctrl Pts',(-10.9280538817555,38.008529498395,-37.7676843726693));
#7647=CARTESIAN_POINT('Ctrl Pts',(-10.8880327015352,38.0640173595188,-37.1545670323903));
#7648=CARTESIAN_POINT('Ctrl Pts',(-10.6860073812466,38.1195052206427,-36.5510423435603));
#7649=CARTESIAN_POINT('Ctrl Pts',(-10.3565931915621,38.1749930817665,-36.03046942593));
#7650=CARTESIAN_POINT('Ctrl Pts',(-10.0271790018776,38.2304809428904,-35.5098965082998));
#7651=CARTESIAN_POINT('Ctrl Pts',(-9.57037594279732,38.2859688040142,-35.0722753618693));
#7652=CARTESIAN_POINT('Ctrl Pts',(-9.03535224175737,38.3414566651381,-34.7696914338759));
#7653=CARTESIAN_POINT('Ctrl Pts',(-8.50032854071742,38.3969445262619,-34.4671075058826));
#7654=CARTESIAN_POINT('Ctrl Pts',(-7.88708419771783,38.4524323873858,-34.2995607963263));
#7655=CARTESIAN_POINT('Ctrl Pts',(-7.27162651976809,38.5079202485096,-34.2872011572572));
#7656=CARTESIAN_POINT('Ctrl Pts',(-6.65616884181835,38.5634081096335,-34.274841518188));
#7657=CARTESIAN_POINT('Ctrl Pts',(-6.03849782891845,38.6188959707573,-34.4176689496059));
#7658=CARTESIAN_POINT('Ctrl Pts',(-5.49124026477953,38.6743838318812,-34.6985475861293));
#7659=CARTESIAN_POINT('Ctrl Pts',(-4.9439827006406,38.729871693005,-34.9794262226527));
#7660=CARTESIAN_POINT('Ctrl Pts',(-4.46713858526264,38.7853595541289,-35.3983560642815));
#7661=CARTESIAN_POINT('Ctrl Pts',(-4.1183478534589,38.8408474152527,-35.9052482132146));
#7662=CARTESIAN_POINT('Ctrl Pts',(-3.76955712165516,38.8963352763766,-36.4121403621476));
#7663=CARTESIAN_POINT('Ctrl Pts',(-3.54881977342564,38.9518231375004,-37.0069948183848));
#7664=CARTESIAN_POINT('Ctrl Pts',(-3.48225581827656,39.0073109986243,-37.618642916167));
#7665=CARTESIAN_POINT('Ctrl Pts',(-3.41569186312749,39.0627988597481,-38.2302910139493));
#7666=CARTESIAN_POINT('Ctrl Pts',(-3.50330130105888,39.118286720872,-38.8587327532767));
#7667=CARTESIAN_POINT('Ctrl Pts',(-3.73473961868595,39.1737745819958,-39.4287985661854));
#7668=CARTESIAN_POINT('Ctrl Pts',(-3.96617793631302,39.2292624431197,-39.9988643790942));
#7669=CARTESIAN_POINT('Ctrl Pts',(-4.34144513363576,39.2847503042435,-40.5105542655843));
#7670=CARTESIAN_POINT('Ctrl Pts',(-4.81558688205535,39.3402381653674,-40.9026566513077));
#7671=CARTESIAN_POINT('Ctrl Pts',(-5.28972863047493,39.3957260264912,-41.294759037031));
#7672=CARTESIAN_POINT('Ctrl Pts',(-5.86274492999135,39.4512138876151,-41.5672739219877));
#7673=CARTESIAN_POINT('Ctrl Pts',(-6.46612145745215,39.5067017487389,-41.6876039574214));
#7674=CARTESIAN_POINT('Ctrl Pts',(-6.70648284513339,39.5288059219909,-41.7355386929974));
#7675=CARTESIAN_POINT('Ctrl Pts',(-6.95166213091951,39.5509100952429,-41.7593230467168));
#7676=CARTESIAN_POINT('Ctrl Pts',(-7.19686607075844,39.5730142684949,-41.7591978681327));
#7677=CARTESIAN_POINT('Origin',(-7.19692262037256,34.0000000000001,-38.0231118608881));
#7678=CARTESIAN_POINT('',(-7.19685867268788,41.6896809351616,-41.7596647628007));
#7679=CARTESIAN_POINT('',(-7.19691807849927,40.901985731505,-41.7591480275505));
#7680=CARTESIAN_POINT('',(-7.19692262037256,34.0000000000001,-41.7594518608881));
#7681=CARTESIAN_POINT('Ctrl Pts',(-7.19691807849927,40.901985731505,-41.7591480275505));
#7682=CARTESIAN_POINT('Ctrl Pts',(-6.89424024046022,40.8747014607202,-41.7591611720447));
#7683=CARTESIAN_POINT('Ctrl Pts',(-6.5915654997238,40.8474171899354,-41.7227927283447));
#7684=CARTESIAN_POINT('Ctrl Pts',(-6.297917857036,40.8201329191506,-41.6500057591319));
#7685=CARTESIAN_POINT('Ctrl Pts',(-5.70072837210093,40.7646450580268,-41.5019793276704));
#7686=CARTESIAN_POINT('Ctrl Pts',(-5.14087416834881,40.7091571969029,-41.2033290874311));
#7687=CARTESIAN_POINT('Ctrl Pts',(-4.68532606678094,40.6536693357791,-40.7897799269005));
#7688=CARTESIAN_POINT('Ctrl Pts',(-4.22977796521308,40.5981814746552,-40.3762307663699));
#7689=CARTESIAN_POINT('Ctrl Pts',(-3.87853596582947,40.5426936135314,-39.847782685548));
#7690=CARTESIAN_POINT('Ctrl Pts',(-3.6736153426843,40.4872057524075,-39.2676493808612));
#7691=CARTESIAN_POINT('Ctrl Pts',(-3.46869471953912,40.4317178912837,-38.6875160761745));
#7692=CARTESIAN_POINT('Ctrl Pts',(-3.41009547263239,40.3762300301598,-38.0556975476229));
#7693=CARTESIAN_POINT('Ctrl Pts',(-3.50482887324811,40.320742169036,-37.447772587543));
#7694=CARTESIAN_POINT('Ctrl Pts',(-3.59956227386382,40.2652543079121,-36.8398476274631));
#7695=CARTESIAN_POINT('Ctrl Pts',(-3.847628322002,40.2097664467883,-36.2558162358549));
#7696=CARTESIAN_POINT('Ctrl Pts',(-4.21934977105193,40.1542785856644,-35.7655412849285));
#7697=CARTESIAN_POINT('Ctrl Pts',(-4.59107122010185,40.0987907245406,-35.2752663340022));
#7698=CARTESIAN_POINT('Ctrl Pts',(-5.08644807006353,40.0433028634168,-34.8787478237578));
#7699=CARTESIAN_POINT('Ctrl Pts',(-5.64622959630054,39.9878150022929,-34.6234171768531));
#7700=CARTESIAN_POINT('Ctrl Pts',(-6.20601112253754,39.9323271411691,-34.3680865299484));
#7701=CARTESIAN_POINT('Ctrl Pts',(-6.83019732504988,39.8768392800452,-34.2539437463834));
#7702=CARTESIAN_POINT('Ctrl Pts',(-7.44410778082574,39.8213514189213,-34.2946440438409));
#7703=CARTESIAN_POINT('Ctrl Pts',(-8.0580182366016,39.7658635577975,-34.3353443412984));
#7704=CARTESIAN_POINT('Ctrl Pts',(-8.66165294564101,39.7103756966736,-34.5308877197783));
#7705=CARTESIAN_POINT('Ctrl Pts',(-9.18283481667056,39.6548878355498,-34.8578802698296));
#7706=CARTESIAN_POINT('Ctrl Pts',(-9.70401668770012,39.5993999744259,-35.1848728198809));
#7707=CARTESIAN_POINT('Ctrl Pts',(-10.1427457207198,39.5439121133021,-35.6433145415036));
#7708=CARTESIAN_POINT('Ctrl Pts',(-10.4464765179618,39.4884242521782,-36.1783718664847));
#7709=CARTESIAN_POINT('Ctrl Pts',(-10.7502073152038,39.4329363910544,-36.7134291914659));
#7710=CARTESIAN_POINT('Ctrl Pts',(-10.9189398766681,39.3774485299306,-37.3251021198055));
#7711=CARTESIAN_POINT('Ctrl Pts',(-10.9326249948859,39.3219606688067,-37.9402093339587));
#7712=CARTESIAN_POINT('Ctrl Pts',(-10.9463101131036,39.2664728076829,-38.555316548112));
#7713=CARTESIAN_POINT('Ctrl Pts',(-10.8049477880749,39.210984946559,-39.173858048079));
#7714=CARTESIAN_POINT('Ctrl Pts',(-10.5251643956517,39.1554970854351,-39.721868834413));
#7715=CARTESIAN_POINT('Ctrl Pts',(-10.2453810032285,39.1000092243113,-40.269879620747));
#7716=CARTESIAN_POINT('Ctrl Pts',(-9.82717654341083,39.0445213631874,-40.747359693448));
#7717=CARTESIAN_POINT('Ctrl Pts',(-9.32117374661778,38.9890335020636,-41.0971381668857));
#7718=CARTESIAN_POINT('Ctrl Pts',(-8.81517094982473,38.9335456409397,-41.4469166403234));
#7719=CARTESIAN_POINT('Ctrl Pts',(-8.22136981605633,38.8780577798159,-41.6689935144979));
#7720=CARTESIAN_POINT('Ctrl Pts',(-7.60954714044991,38.822569918692,-41.7369172925849));
#7721=CARTESIAN_POINT('Ctrl Pts',(-7.47263481036682,38.8101529674075,-41.7521171259626));
#7722=CARTESIAN_POINT('Ctrl Pts',(-7.33482002450561,38.7977360161229,-41.7595975114968));
#7723=CARTESIAN_POINT('Ctrl Pts',(-7.19697665331157,38.7853190648384,-41.7594713710571));
#7724=CARTESIAN_POINT('Ctrl Pts',(-7.19686607075844,39.5730142684949,-41.7591978681327));
#7725=CARTESIAN_POINT('Ctrl Pts',(-7.56719486338953,39.6063979563668,-41.7590088123045));
#7726=CARTESIAN_POINT('Ctrl Pts',(-7.93757989123986,39.6397816442386,-41.7042827681398));
#7727=CARTESIAN_POINT('Ctrl Pts',(-8.29150877532225,39.6731653321105,-41.5958494449237));
#7728=CARTESIAN_POINT('Ctrl Pts',(-8.87978281032638,39.7286531932343,-41.4156197110816));
#7729=CARTESIAN_POINT('Ctrl Pts',(-9.42259412492945,39.7841410543581,-41.0870150574865));
#7730=CARTESIAN_POINT('Ctrl Pts',(-9.85501786097753,39.839628915482,-40.6493438667964));
#7731=CARTESIAN_POINT('Ctrl Pts',(-10.2874415970256,39.8951167766058,-40.2116726761062));
#7732=CARTESIAN_POINT('Ctrl Pts',(-10.6094777545187,39.9506046377297,-39.6649349483208));
#7733=CARTESIAN_POINT('Ctrl Pts',(-10.7826006703396,40.0060924988535,-39.074532011693));
#7734=CARTESIAN_POINT('Ctrl Pts',(-10.9557235861605,40.0615803599774,-38.4841290750652));
#7735=CARTESIAN_POINT('Ctrl Pts',(-10.9799332603092,40.1170682211012,-37.8500609295948));
#7736=CARTESIAN_POINT('Ctrl Pts',(-10.8523352648758,40.1725560822251,-37.2481756733965));
#7737=CARTESIAN_POINT('Ctrl Pts',(-10.7247372694423,40.2280439433489,-36.6462904171982));
#7738=CARTESIAN_POINT('Ctrl Pts',(-10.4453316044266,40.2835318044728,-36.0765880502719));
#7739=CARTESIAN_POINT('Ctrl Pts',(-10.0475403861318,40.3390196655966,-35.6072170621916));
#7740=CARTESIAN_POINT('Ctrl Pts',(-9.64974916783707,40.3945075267205,-35.1378460741112));
#7741=CARTESIAN_POINT('Ctrl Pts',(-9.13357239626331,40.4499953878443,-34.7688064648769));
#7742=CARTESIAN_POINT('Ctrl Pts',(-8.56075614473183,40.5054832489682,-34.544243234575));
#7743=CARTESIAN_POINT('Ctrl Pts',(-7.98793989320036,40.560971110092,-34.3196800042731));
#7744=CARTESIAN_POINT('Ctrl Pts',(-7.35848416171117,40.6164589712159,-34.2395931529036));
#7745=CARTESIAN_POINT('Ctrl Pts',(-6.74768507480052,40.6719468323397,-34.3135627644209));
#7746=CARTESIAN_POINT('Ctrl Pts',(-6.13688598788984,40.7274346934636,-34.3875323759382));
#7747=CARTESIAN_POINT('Ctrl Pts',(-5.54474354555769,40.7829225545875,-34.6155584503422));
#7748=CARTESIAN_POINT('Ctrl Pts',(-5.04209065736337,40.8384104157113,-34.9703642227323));
#7749=CARTESIAN_POINT('Ctrl Pts',(-4.53943776916906,40.8938982768351,-35.3251699951223));
#7750=CARTESIAN_POINT('Ctrl Pts',(-4.12627443511257,40.949386137959,-35.8067554654985));
#7751=CARTESIAN_POINT('Ctrl Pts',(-3.85202373901561,41.0048739990828,-36.3575127678297));
#7752=CARTESIAN_POINT('Ctrl Pts',(-3.57777304291865,41.0603618602067,-36.908270070161));
#7753=CARTESIAN_POINT('Ctrl Pts',(-3.44243498478121,41.1158497213305,-37.5281992044473));
#7754=CARTESIAN_POINT('Ctrl Pts',(-3.46219889276834,41.1713375824544,-38.1431434624455));
#7755=CARTESIAN_POINT('Ctrl Pts',(-3.48196280075547,41.2268254435782,-38.7580877204437));
#7756=CARTESIAN_POINT('Ctrl Pts',(-3.65682867486716,41.2823133047021,-39.3680471021539));
#7757=CARTESIAN_POINT('Ctrl Pts',(-3.9658788289399,41.3378011658259,-39.900057492695));
#7758=CARTESIAN_POINT('Ctrl Pts',(-4.27492898301264,41.3932890269498,-40.4320678832361));
#7759=CARTESIAN_POINT('Ctrl Pts',(-4.71816341704642,41.4487768880736,-40.8861292826082));
#7760=CARTESIAN_POINT('Ctrl Pts',(-5.24256187025957,41.5042647491975,-41.2079262907535));
#7761=CARTESIAN_POINT('Ctrl Pts',(-5.76696032347271,41.5597526103213,-41.5297232988989));
#7762=CARTESIAN_POINT('Ctrl Pts',(-6.37252279586522,41.6152404714452,-41.7192559158175));
#7763=CARTESIAN_POINT('Ctrl Pts',(-6.9868111347196,41.670728332569,-41.7538520094759));
#7764=CARTESIAN_POINT('Ctrl Pts',(-7.05675053244106,41.6770458667666,-41.7577909251299));
#7765=CARTESIAN_POINT('Ctrl Pts',(-7.12680304193199,41.6833634009641,-41.7597214277079));
#7766=CARTESIAN_POINT('Ctrl Pts',(-7.19685867268788,41.6896809351616,-41.7596647628007));
#7767=CARTESIAN_POINT('Origin',(-7.19692262037256,34.0000000000001,-38.0231118608881));
#7768=CARTESIAN_POINT('',(-7.19700580246737,43.8063476018283,-41.7595679620495));
#7769=CARTESIAN_POINT('',(-7.19683206741106,43.0186523981717,-41.7594996718923));
#7770=CARTESIAN_POINT('',(-7.19692262037256,34.0000000000001,-41.7594518608881));
#7771=CARTESIAN_POINT('',(-5.7361241522985,45.,-34.5841724268078));
#7772=CARTESIAN_POINT('Ctrl Pts',(-7.19700580246737,43.8063476018283,-41.7595679620495));
#7773=CARTESIAN_POINT('Ctrl Pts',(-7.30201731469364,43.8158167066853,-41.759669882906));
#7774=CARTESIAN_POINT('Ctrl Pts',(-7.4070204570446,43.8252858115422,-41.7553297710355));
#7775=CARTESIAN_POINT('Ctrl Pts',(-7.51164300443583,43.8347549163992,-41.7464865103652));
#7776=CARTESIAN_POINT('Ctrl Pts',(-8.12471905204143,43.890242777523,-41.6946660239133));
#7777=CARTESIAN_POINT('Ctrl Pts',(-8.72472613599697,43.9457306386469,-41.4882153026957));
#7778=CARTESIAN_POINT('Ctrl Pts',(-9.23988683521674,44.0012184997707,-41.1518290482477));
#7779=CARTESIAN_POINT('Ctrl Pts',(-9.75504753443651,44.0567063608946,-40.8154427937996));
#7780=CARTESIAN_POINT('Ctrl Pts',(-10.1853618489205,44.1121942220184,-40.3491210061211));
#7781=CARTESIAN_POINT('Ctrl Pts',(-10.4793630580237,44.1676820831422,-39.808648208888));
#7782=CARTESIAN_POINT('Ctrl Pts',(-10.7733642671269,44.2231699442661,-39.2681754116548));
#7783=CARTESIAN_POINT('Ctrl Pts',(-10.9310523708493,44.27865780539,-38.653551604867));
#7784=CARTESIAN_POINT('Ctrl Pts',(-10.9335476656111,44.3341456665138,-38.038293613215));
#7785=CARTESIAN_POINT('Ctrl Pts',(-10.9360429603729,44.3896335276377,-37.4230356215631));
#7786=CARTESIAN_POINT('Ctrl Pts',(-10.7833454461741,44.4451213887615,-36.807143445047));
#7787=CARTESIAN_POINT('Ctrl Pts',(-10.4937566741666,44.5006092498854,-36.2643023692069));
#7788=CARTESIAN_POINT('Ctrl Pts',(-10.2041679021592,44.5560971110092,-35.7214612933668));
#7789=CARTESIAN_POINT('Ctrl Pts',(-9.77768787234315,44.611584972133,-35.2516713182027));
#7790=CARTESIAN_POINT('Ctrl Pts',(-9.26525884605108,44.6670728332569,-34.9111081241665));
#7791=CARTESIAN_POINT('Ctrl Pts',(-8.752829819759,44.7225606943807,-34.5705449301303));
#7792=CARTESIAN_POINT('Ctrl Pts',(-8.15445179699089,44.7780485555046,-34.3592085172219));
#7793=CARTESIAN_POINT('Ctrl Pts',(-7.54188407434063,44.8335364166284,-34.3024626124488));
#7794=CARTESIAN_POINT('Ctrl Pts',(-6.92931635169036,44.8890242777523,-34.2457167076756));
#7795=CARTESIAN_POINT('Ctrl Pts',(-6.30255892915792,44.9445121388761,-34.3435613110376));
#7796=CARTESIAN_POINT('Ctrl Pts',(-5.73612415229848,45.,-34.5841724268078));
#7797=CARTESIAN_POINT('',(-5.73596850433899,45.,-41.4622208283748));
#7798=CARTESIAN_POINT('Origin',(-7.19692262037256,45.,-38.0231118608881));
#7799=CARTESIAN_POINT('Ctrl Pts',(-5.73596850433899,45.,-41.4622208283748));
#7800=CARTESIAN_POINT('Ctrl Pts',(-5.67376228730748,44.9939075011464,-41.4358560203139));
#7801=CARTESIAN_POINT('Ctrl Pts',(-5.61228191050726,44.9878150022929,-41.4077906588824));
#7802=CARTESIAN_POINT('Ctrl Pts',(-5.55162592651931,44.9817225034393,-41.3780456573541));
#7803=CARTESIAN_POINT('Ctrl Pts',(-4.99919729308732,44.9262346423155,-41.1071409672418));
#7804=CARTESIAN_POINT('Ctrl Pts',(-4.51515025887923,44.8707467811916,-40.6969137669969));
#7805=CARTESIAN_POINT('Ctrl Pts',(-4.15731125881171,44.8152589200678,-40.1964246551048));
#7806=CARTESIAN_POINT('Ctrl Pts',(-3.79947225874419,44.7597710589439,-39.6959355432128));
#7807=CARTESIAN_POINT('Ctrl Pts',(-3.56784129281724,44.7042831978201,-39.1051845196736));
#7808=CARTESIAN_POINT('Ctrl Pts',(-3.49016319252035,44.6487953366962,-38.4948446706518));
#7809=CARTESIAN_POINT('Ctrl Pts',(-3.41248509222346,44.5933074755724,-37.88450482163));
#7810=CARTESIAN_POINT('Ctrl Pts',(-3.48875985755663,44.5378196144485,-37.2545761471255));
#7811=CARTESIAN_POINT('Ctrl Pts',(-3.70984602950288,44.4823317533247,-36.6804085193903));
#7812=CARTESIAN_POINT('Ctrl Pts',(-3.93093220144914,44.4268438922008,-36.1062408916551));
#7813=CARTESIAN_POINT('Ctrl Pts',(-4.29682978000848,44.371356031077,-35.5878343106893));
#7814=CARTESIAN_POINT('Ctrl Pts',(-4.76377790609863,44.3158681699531,-35.1872026732218));
#7815=CARTESIAN_POINT('Ctrl Pts',(-5.23072603218878,44.2603803088293,-34.7865710357543));
#7816=CARTESIAN_POINT('Ctrl Pts',(-5.79872470580974,44.2048924477054,-34.5037143417853));
#7817=CARTESIAN_POINT('Ctrl Pts',(-6.39982527467334,44.1494045865816,-34.3724675836611));
#7818=CARTESIAN_POINT('Ctrl Pts',(-7.00092584353694,44.0939167254577,-34.2412208255369));
#7819=CARTESIAN_POINT('Ctrl Pts',(-7.63512830764318,44.0384288643339,-34.2615840032575));
#7820=CARTESIAN_POINT('Ctrl Pts',(-8.22657043294898,43.98294100321,-34.4311215731189));
#7821=CARTESIAN_POINT('Ctrl Pts',(-8.81801255825478,43.9274531420862,-34.6006591429802));
#7822=CARTESIAN_POINT('Ctrl Pts',(-9.36669434476014,43.8719652809623,-34.9193711049823));
#7823=CARTESIAN_POINT('Ctrl Pts',(-9.80698089328201,43.8164774198385,-35.3491325755191));
#7824=CARTESIAN_POINT('Ctrl Pts',(-10.2472674418039,43.7609895587146,-35.778894046056));
#7825=CARTESIAN_POINT('Ctrl Pts',(-10.5791587523423,43.7055016975908,-36.3197050251277));
#7826=CARTESIAN_POINT('Ctrl Pts',(-10.7629539878149,43.650013836467,-36.9068730913141));
#7827=CARTESIAN_POINT('Ctrl Pts',(-10.9467492232875,43.5945259753431,-37.4940411575005));
#7828=CARTESIAN_POINT('Ctrl Pts',(-10.9824483836943,43.5390381142192,-38.1275663108017));
#7829=CARTESIAN_POINT('Ctrl Pts',(-10.8657808894941,43.4835502530954,-38.7316654342679));
#7830=CARTESIAN_POINT('Ctrl Pts',(-10.7491133952938,43.4280623919715,-39.3357645577342));
#7831=CARTESIAN_POINT('Ctrl Pts',(-10.4800792464864,43.3725745308477,-39.9104376513655));
#7832=CARTESIAN_POINT('Ctrl Pts',(-10.0908607444375,43.3170866697239,-40.3869416077603));
#7833=CARTESIAN_POINT('Ctrl Pts',(-9.70164224238866,43.2615988086,-40.8634455641551));
#7834=CARTESIAN_POINT('Ctrl Pts',(-9.19223938709827,43.2061109474762,-41.2417803833134));
#7835=CARTESIAN_POINT('Ctrl Pts',(-8.62358754856422,43.1506230863523,-41.4766891666296));
#7836=CARTESIAN_POINT('Ctrl Pts',(-8.17276597578216,43.1066328569588,-41.6629225347094));
#7837=CARTESIAN_POINT('Ctrl Pts',(-7.68470545649081,43.0626426275652,-41.7590103140488));
#7838=CARTESIAN_POINT('Ctrl Pts',(-7.19683206741106,43.0186523981717,-41.7594996718923));
#7839=CARTESIAN_POINT('Origin',(-7.19692262037256,49.4126639386774,-38.0231118608881));
#7840=CARTESIAN_POINT('',(-7.19701164657386,30.0040027279893,-42.9764446562477));
#7841=CARTESIAN_POINT('',(-7.19692262037247,30.,-42.9761118608881));
#7842=CARTESIAN_POINT('',(-7.19692262037247,49.4126639386774,-42.9761118608881));
#7843=CARTESIAN_POINT('',(-7.1381719006141,30.,-42.976050949275));
#7844=CARTESIAN_POINT('Origin',(-7.19692262037256,30.,-38.0231118608881));
#7845=CARTESIAN_POINT('Ctrl Pts',(-7.19701164657386,30.0040027279893,-42.9764446562477));
#7846=CARTESIAN_POINT('Ctrl Pts',(-7.17739812029149,30.0026684853262,-42.9764311571635));
#7847=CARTESIAN_POINT('Ctrl Pts',(-7.15778441380294,30.0013342426631,-42.9762998265678));
#7848=CARTESIAN_POINT('Ctrl Pts',(-7.1381719006141,30.,-42.976050949275));
#7849=CARTESIAN_POINT('Origin',(-7.19692262037256,49.4126639386774,-38.0231118608881));
#7850=CARTESIAN_POINT('',(-7.19700867763419,32.1206693946559,-42.975815894191));
#7851=CARTESIAN_POINT('',(-7.19694887483695,31.4209972720107,-42.9757172592568));
#7852=CARTESIAN_POINT('',(-7.19692262037247,49.4126639386774,-42.9761118608881));
#7853=CARTESIAN_POINT('',(-11.5571654944102,30.,-35.6735393296807));
#7854=CARTESIAN_POINT('Ctrl Pts',(-7.19694887483694,31.4209972720107,-42.9757172592567));
#7855=CARTESIAN_POINT('Ctrl Pts',(-6.75926246132537,31.3912344036646,-42.9756341419767));
#7856=CARTESIAN_POINT('Ctrl Pts',(-5.50552218480972,31.3059836741946,-42.8109888174311));
#7857=CARTESIAN_POINT('Ctrl Pts',(-3.64574576795684,31.1652450836008,-41.7655349354786));
#7858=CARTESIAN_POINT('Ctrl Pts',(-2.2956119437871,30.9987815002293,-39.6336366028903));
#7859=CARTESIAN_POINT('Ctrl Pts',(-2.1181001874397,30.8323179168577,-37.1164400592262));
#7860=CARTESIAN_POINT('Ctrl Pts',(-3.15561651126059,30.6658543334862,-34.8161415689019));
#7861=CARTESIAN_POINT('Ctrl Pts',(-5.1600736497712,30.4993907501146,-33.2831214927446));
#7862=CARTESIAN_POINT('Ctrl Pts',(-7.65164154498767,30.3329271667431,-32.8840374375543));
#7863=CARTESIAN_POINT('Ctrl Pts',(-10.0347949331004,30.1664635833715,-33.7146025212482));
#7864=CARTESIAN_POINT('Ctrl Pts',(-11.1701625773944,30.0554878611238,-34.9553547711123));
#7865=CARTESIAN_POINT('Ctrl Pts',(-11.5571654944102,30.,-35.6735393296807));
#7866=CARTESIAN_POINT('Origin',(-7.19692262037256,30.,-38.0231118608881));
#7867=CARTESIAN_POINT('Ctrl Pts',(-7.19700867763419,32.1206693946559,-42.975815894191));
#7868=CARTESIAN_POINT('Ctrl Pts',(-6.68317428707152,32.085726428777,-42.9754901906506));
#7869=CARTESIAN_POINT('Ctrl Pts',(-5.35313875460813,31.9952956017743,-42.769493678921));
#7870=CARTESIAN_POINT('Ctrl Pts',(-3.47694336497273,31.8493769136477,-41.5977938646534));
#7871=CARTESIAN_POINT('Ctrl Pts',(-2.22656291198052,31.6829133302761,-39.4059064203215));
#7872=CARTESIAN_POINT('Ctrl Pts',(-2.16530367717329,31.5164497469046,-36.8831956401827));
#7873=CARTESIAN_POINT('Ctrl Pts',(-3.30782222320283,31.349986163533,-34.6332014316915));
#7874=CARTESIAN_POINT('Ctrl Pts',(-5.38077794266185,31.1835225801615,-33.1942177271978));
#7875=CARTESIAN_POINT('Ctrl Pts',(-7.88823496347551,31.0170589967899,-32.9105114509873));
#7876=CARTESIAN_POINT('Ctrl Pts',(-10.2302959463468,30.8505954134184,-33.849955498995));
#7877=CARTESIAN_POINT('Ctrl Pts',(-11.8466549339714,30.6841318300468,-35.7877984983208));
#7878=CARTESIAN_POINT('Ctrl Pts',(-12.3505792882095,30.5176682466753,-38.2604183931281));
#7879=CARTESIAN_POINT('Ctrl Pts',(-11.6215737404862,30.3512046633037,-40.6762752559449));
#7880=CARTESIAN_POINT('Ctrl Pts',(-9.833911309988,30.1847410799322,-42.4573596362509));
#7881=CARTESIAN_POINT('Ctrl Pts',(-8.15255467152648,30.069007101494,-42.9581279046394));
#7882=CARTESIAN_POINT('Ctrl Pts',(-7.26695858009027,30.0087609841797,-42.9764927974915));
#7883=CARTESIAN_POINT('Ctrl Pts',(-7.19701164657386,30.0040027279893,-42.9764446562477));
#7884=CARTESIAN_POINT('Origin',(-7.19692262037256,49.4126639386774,-38.0231118608881));
#7885=CARTESIAN_POINT('',(-7.19682437350461,34.2373360613226,-42.9758589433381));
#7886=CARTESIAN_POINT('',(-7.19680021739289,33.5376639386774,-42.9760636933066));
#7887=CARTESIAN_POINT('',(-7.19692262037247,49.4126639386774,-42.9761118608881));
#7888=CARTESIAN_POINT('Ctrl Pts',(-7.19680021739289,33.5376639386774,-42.9760636933066));
#7889=CARTESIAN_POINT('Ctrl Pts',(-6.99131006375219,33.5236877093858,-42.9762643900453));
#7890=CARTESIAN_POINT('Ctrl Pts',(-5.97011224867171,33.4542236189703,-42.9138749021495));
#7891=CARTESIAN_POINT('Ctrl Pts',(-4.20517498232594,33.329271667431,-42.226211050534));
#7892=CARTESIAN_POINT('Ctrl Pts',(-2.5696422149495,33.1628080840594,-40.3045308866919));
#7893=CARTESIAN_POINT('Ctrl Pts',(-2.04115174264936,32.9963445006878,-37.8370382501758));
#7894=CARTESIAN_POINT('Ctrl Pts',(-2.74614097071873,32.8298809173163,-35.4140623370371));
#7895=CARTESIAN_POINT('Ctrl Pts',(-4.51594648004394,32.6634173339447,-33.6152820451871));
#7896=CARTESIAN_POINT('Ctrl Pts',(-6.92715553080533,32.4969537505732,-32.8710421392648));
#7897=CARTESIAN_POINT('Ctrl Pts',(-9.40290431913806,32.3304901672017,-33.3593964471444));
#7898=CARTESIAN_POINT('Ctrl Pts',(-11.3508885049228,32.1640265838301,-34.9635098760277));
#7899=CARTESIAN_POINT('Ctrl Pts',(-12.3050672496969,31.9975630004586,-37.2996101986414));
#7900=CARTESIAN_POINT('Ctrl Pts',(-12.0371607533125,31.831099417087,-39.8088029835803));
#7901=CARTESIAN_POINT('Ctrl Pts',(-10.6112629256779,31.6646358337155,-41.8907823069468));
#7902=CARTESIAN_POINT('Ctrl Pts',(-8.76950373874133,31.5279351186901,-42.8406441286546));
#7903=CARTESIAN_POINT('Ctrl Pts',(-7.57525514880094,31.4467222647885,-42.9757891001628));
#7904=CARTESIAN_POINT('Ctrl Pts',(-7.19694887483694,31.4209972720107,-42.9757172592567));
#7905=CARTESIAN_POINT('Ctrl Pts',(-7.19682437350461,34.2373360613226,-42.9758589433381));
#7906=CARTESIAN_POINT('Ctrl Pts',(-6.91513865492192,34.2181797344982,-42.9760653347951));
#7907=CARTESIAN_POINT('Ctrl Pts',(-5.81766082984713,34.1435355465499,-42.8839510152093));
#7908=CARTESIAN_POINT('Ctrl Pts',(-4.0145360504322,34.0134034974778,-42.0837783637491));
#7909=CARTESIAN_POINT('Ctrl Pts',(-2.46935946001936,33.8469399141063,-40.0887216045313));
#7910=CARTESIAN_POINT('Ctrl Pts',(-2.05521710788952,33.6804763307347,-37.5994831113192));
#7911=CARTESIAN_POINT('Ctrl Pts',(-2.87118940011665,33.5140127473632,-35.2115946444898));
#7912=CARTESIAN_POINT('Ctrl Pts',(-4.72206108532962,33.3475491639916,-33.4963406803884));
#7913=CARTESIAN_POINT('Ctrl Pts',(-7.16502491476812,33.1810855806201,-32.8640829335957));
#7914=CARTESIAN_POINT('Ctrl Pts',(-9.61562003455795,33.0146219972485,-33.4660843472723));
#7915=CARTESIAN_POINT('Ctrl Pts',(-11.4875598506526,32.848158413877,-35.1583205782022));
#7916=CARTESIAN_POINT('Ctrl Pts',(-12.3329967384827,32.6816948305054,-37.5359367394737));
#7917=CARTESIAN_POINT('Ctrl Pts',(-11.9496662285669,32.5152312471339,-40.0301059114789));
#7918=CARTESIAN_POINT('Ctrl Pts',(-10.4292772930073,32.3487676637623,-42.0441167393882));
#7919=CARTESIAN_POINT('Ctrl Pts',(-8.61705157560783,32.2172470462697,-42.87529984357));
#7920=CARTESIAN_POINT('Ctrl Pts',(-7.49912023175775,32.1412142899009,-42.976007393251));
#7921=CARTESIAN_POINT('Ctrl Pts',(-7.19700867763419,32.1206693946559,-42.975815894191));
#7922=CARTESIAN_POINT('Origin',(-7.19692262037256,49.4126639386774,-38.0231118608881));
#7923=CARTESIAN_POINT('',(-7.19699169892554,36.3540027279893,-42.9764215925808));
#7924=CARTESIAN_POINT('',(-7.19694747087304,35.6543306053441,-42.9765135644006));
#7925=CARTESIAN_POINT('',(-7.19692262037247,49.4126639386774,-42.9761118608881));
#7926=CARTESIAN_POINT('Ctrl Pts',(-7.19694747087304,35.6543306053441,-42.9765135644006));
#7927=CARTESIAN_POINT('Ctrl Pts',(-6.40794201722602,35.6006531539831,-42.9762737513442));
#7928=CARTESIAN_POINT('Ctrl Pts',(-4.80310140345354,35.4914878414982,-42.585751943265));
#7929=CARTESIAN_POINT('Ctrl Pts',(-2.93496946017631,35.3268346678896,-40.9304081046248));
#7930=CARTESIAN_POINT('Ctrl Pts',(-2.06594525698562,35.160371084518,-38.5613114308182));
#7931=CARTESIAN_POINT('Ctrl Pts',(-2.42446532437385,34.9939075011465,-36.0634559159819));
#7932=CARTESIAN_POINT('Ctrl Pts',(-3.92476196534849,34.8274439177749,-34.034432797965));
#7933=CARTESIAN_POINT('Ctrl Pts',(-6.20789776743221,34.6609803344034,-32.9596716863088));
#7934=CARTESIAN_POINT('Ctrl Pts',(-8.72765078748996,34.4945167510318,-33.0963006913472));
#7935=CARTESIAN_POINT('Ctrl Pts',(-10.8811883273374,34.3280531676603,-34.4116325636637));
#7936=CARTESIAN_POINT('Ctrl Pts',(-12.1532928892679,34.1615895842887,-36.5909838663729));
#7937=CARTESIAN_POINT('Ctrl Pts',(-12.2396228175131,33.9951260009172,-39.1129611177395));
#7938=CARTESIAN_POINT('Ctrl Pts',(-11.1195243853166,33.8286624175456,-41.3742000619277));
#7939=CARTESIAN_POINT('Ctrl Pts',(-9.23380808878255,33.6761750634657,-42.711175665271));
#7940=CARTESIAN_POINT('Ctrl Pts',(-7.80713877331451,33.5791755705096,-42.975467591958));
#7941=CARTESIAN_POINT('Ctrl Pts',(-7.19680021739289,33.5376639386774,-42.9760636933066));
#7942=CARTESIAN_POINT('Ctrl Pts',(-7.19699169892554,36.3540027279893,-42.9764215925808));
#7943=CARTESIAN_POINT('Ctrl Pts',(-7.14747409918742,36.3506330402193,-42.9764398022848));
#7944=CARTESIAN_POINT('Ctrl Pts',(-6.28254868639276,36.2917754913256,-42.9636110990947));
#7945=CARTESIAN_POINT('Ctrl Pts',(-4.61460905121572,36.1774300813079,-42.4898042914015));
#7946=CARTESIAN_POINT('Ctrl Pts',(-2.80558704659265,36.0109664979364,-40.7307008310455));
#7947=CARTESIAN_POINT('Ctrl Pts',(-2.04651351180902,35.8445029145648,-38.3241666191005));
#7948=CARTESIAN_POINT('Ctrl Pts',(-2.51994388297905,35.6780393311933,-35.8454458287385));
#7949=CARTESIAN_POINT('Ctrl Pts',(-4.11216058668392,35.5115757478218,-33.887792138534));
#7950=CARTESIAN_POINT('Ctrl Pts',(-6.44245294349388,35.3451121644502,-32.9194463375493));
#7951=CARTESIAN_POINT('Ctrl Pts',(-8.95321356728625,35.1786485810786,-33.1721317607308));
#7952=CARTESIAN_POINT('Ctrl Pts',(-11.0438103647823,35.0121849977071,-34.5853697185576));
#7953=CARTESIAN_POINT('Ctrl Pts',(-12.2140605342153,34.8457214143355,-36.8210657420106));
#7954=CARTESIAN_POINT('Ctrl Pts',(-12.1840014494093,34.679257830964,-39.3443404639046));
#7955=CARTESIAN_POINT('Ctrl Pts',(-10.9608192971875,34.5127942475924,-41.5515219903014));
#7956=CARTESIAN_POINT('Ctrl Pts',(-9.08154133340007,34.3654869910453,-42.75770168109));
#7957=CARTESIAN_POINT('Ctrl Pts',(-7.7310642849528,34.273667595622,-42.9754675051274));
#7958=CARTESIAN_POINT('Ctrl Pts',(-7.19682437350461,34.2373360613226,-42.9758589433381));
#7959=CARTESIAN_POINT('Origin',(-7.19692262037256,49.4126639386774,-38.0231118608881));
#7960=CARTESIAN_POINT('',(-7.19699424799402,38.4706693946559,-42.9761377241304));
#7961=CARTESIAN_POINT('',(-7.19187259876905,37.7709972720107,-42.9705494258352));
#7962=CARTESIAN_POINT('',(-7.19692262037247,49.4126639386774,-42.9761118608881));
#7963=CARTESIAN_POINT('Ctrl Pts',(-7.19187259876905,37.7709972720107,-42.9705494258351));
#7964=CARTESIAN_POINT('Ctrl Pts',(-6.6327230593306,37.7331064597042,-42.9745771001285));
#7965=CARTESIAN_POINT('Ctrl Pts',(-4.44171368259249,37.5842399251501,-42.6328256031044));
#7966=CARTESIAN_POINT('Ctrl Pts',(-2.1710561009727,37.3798855294719,-40.1236852461155));
#7967=CARTESIAN_POINT('Ctrl Pts',(-2.20346701044235,37.1579340849766,-36.7491063586524));
#7968=CARTESIAN_POINT('Ctrl Pts',(-3.39505520563607,36.991470501605,-34.5334269164041));
#7969=CARTESIAN_POINT('Ctrl Pts',(-5.50962564152427,36.8250069182335,-33.1476681869793));
#7970=CARTESIAN_POINT('Ctrl Pts',(-8.02149466873056,36.6585433348619,-32.9306764685835));
#7971=CARTESIAN_POINT('Ctrl Pts',(-10.3391242170536,36.4920797514904,-33.9308927349927));
#7972=CARTESIAN_POINT('Ctrl Pts',(-11.9035636027517,36.3256161681188,-35.9106739181859));
#7973=CARTESIAN_POINT('Ctrl Pts',(-12.3426598037481,36.1591525847473,-38.395587162155));
#7974=CARTESIAN_POINT('Ctrl Pts',(-11.5503508743792,35.9926890013757,-40.7915087284547));
#7975=CARTESIAN_POINT('Ctrl Pts',(-9.71667168211542,35.8262254180042,-42.5250548350213));
#7976=CARTESIAN_POINT('Ctrl Pts',(-8.06578275655952,35.7134392859936,-42.9698729486323));
#7977=CARTESIAN_POINT('Ctrl Pts',(-7.22355870408206,35.6561410151069,-42.9765216527112));
#7978=CARTESIAN_POINT('Ctrl Pts',(-7.19694747087304,35.6543306053441,-42.9765135644006));
#7979=CARTESIAN_POINT('Ctrl Pts',(-7.19699424799402,38.4706693946559,-42.9761377241304));
#7980=CARTESIAN_POINT('Ctrl Pts',(-6.56315826089537,38.4275984848166,-42.9755577009534));
#7981=CARTESIAN_POINT('Ctrl Pts',(-5.11171382779089,38.3290397138535,-42.6966060207262));
#7982=CARTESIAN_POINT('Ctrl Pts',(-3.23507586097228,38.1749930817665,-41.3187914330577));
#7983=CARTESIAN_POINT('Ctrl Pts',(-1.75606876100809,37.9530416372711,-38.2854170983691));
#7984=CARTESIAN_POINT('Ctrl Pts',(-3.07635188608225,37.6756023316519,-33.8849254099214));
#7985=CARTESIAN_POINT('Ctrl Pts',(-8.40607085671351,37.3426751649087,-32.3098246440744));
#7986=CARTESIAN_POINT('Ctrl Pts',(-11.9063043685459,37.0652358592895,-35.2857009844315));
#7987=CARTESIAN_POINT('Ctrl Pts',(-12.3137984940786,36.8432844147941,-38.6357413414643));
#7988=CARTESIAN_POINT('Ctrl Pts',(-11.4210033357569,36.6768208314226,-40.9877741752669));
#7989=CARTESIAN_POINT('Ctrl Pts',(-9.54377118585604,36.513726935821,-42.6038067388433));
#7990=CARTESIAN_POINT('Ctrl Pts',(-7.96286884346459,36.4061209013432,-42.9761399473433));
#7991=CARTESIAN_POINT('Ctrl Pts',(-7.19699169892554,36.3540027279893,-42.9764215925808));
#7992=CARTESIAN_POINT('Origin',(-7.19692262037256,49.4126639386774,-38.0231118608881));
#7993=CARTESIAN_POINT('',(-7.19691659953445,40.5873360613226,-42.9757090906582));
#7994=CARTESIAN_POINT('',(-7.19684765657419,39.8876639386774,-42.9757751607705));
#7995=CARTESIAN_POINT('',(-7.19692262037247,49.4126639386774,-42.9761118608881));
#7996=CARTESIAN_POINT('Ctrl Pts',(-7.19684765657419,39.8876639386774,-42.9757751607705));
#7997=CARTESIAN_POINT('Ctrl Pts',(-6.87179824618265,39.8655597654254,-42.9759411011097));
#7998=CARTESIAN_POINT('Ctrl Pts',(-5.73089562725117,39.7879677310495,-42.8652644125749));
#7999=CARTESIAN_POINT('Ctrl Pts',(-3.90908437131926,39.6548878355498,-41.9988480728618));
#8000=CARTESIAN_POINT('Ctrl Pts',(-2.41668933098067,39.4884242521782,-39.9639154855286));
#8001=CARTESIAN_POINT('Ctrl Pts',(-2.06827654247041,39.3219606688067,-37.4646740340907));
#8002=CARTESIAN_POINT('Ctrl Pts',(-2.94612391646276,39.1554970854351,-35.0990053943982));
#8003=CARTESIAN_POINT('Ctrl Pts',(-4.84247882806099,38.9890335020636,-33.4329689745963));
#8004=CARTESIAN_POINT('Ctrl Pts',(-7.29888632327813,38.822569918692,-32.8649604947901));
#8005=CARTESIAN_POINT('Ctrl Pts',(-9.73768945485362,38.6561063353205,-33.5312747374169));
#8006=CARTESIAN_POINT('Ctrl Pts',(-11.5543433607815,38.4896427519489,-35.2716443544246));
#8007=CARTESIAN_POINT('Ctrl Pts',(-12.6255857117342,38.2676913074536,-38.4718432482889));
#8008=CARTESIAN_POINT('Ctrl Pts',(-11.0003512953949,38.0281428141408,-42.0904583809317));
#8009=CARTESIAN_POINT('Ctrl Pts',(-8.2703766277393,37.8440821819519,-42.9627807295448));
#8010=CARTESIAN_POINT('Ctrl Pts',(-7.19187259876905,37.7709972720107,-42.9705494258351));
#8011=CARTESIAN_POINT('Ctrl Pts',(-7.19691659953446,40.5873360613226,-42.9757090906582));
#8012=CARTESIAN_POINT('Ctrl Pts',(-6.79567813306527,40.5600517905378,-42.9757265153785));
#8013=CARTESIAN_POINT('Ctrl Pts',(-5.57845581169786,40.4772796586292,-42.8294689143733));
#8014=CARTESIAN_POINT('Ctrl Pts',(-3.72920665928286,40.3390196655966,-41.8430001160155));
#8015=CARTESIAN_POINT('Ctrl Pts',(-2.33235710361045,40.1725560822251,-39.7414220923523));
#8016=CARTESIAN_POINT('Ctrl Pts',(-2.09931455133009,40.0060924988536,-37.2287515335308));
#8017=CARTESIAN_POINT('Ctrl Pts',(-3.08584506228069,39.839628915482,-34.9061249931445));
#8018=CARTESIAN_POINT('Ctrl Pts',(-5.05590255533018,39.6731653321105,-33.3292158939399));
#8019=CARTESIAN_POINT('Ctrl Pts',(-7.53822021997812,39.5067017487389,-32.8752830021282));
#8020=CARTESIAN_POINT('Ctrl Pts',(-9.93880692825856,39.3402381653674,-33.6529368186526));
#8021=CARTESIAN_POINT('Ctrl Pts',(-11.6835824844552,39.1737745819958,-35.4761074994771));
#8022=CARTESIAN_POINT('Ctrl Pts',(-12.3546127254926,39.0073109986243,-37.9086612933497));
#8023=CARTESIAN_POINT('Ctrl Pts',(-11.7924308074654,38.8408474152527,-40.3685306168078));
#8024=CARTESIAN_POINT('Ctrl Pts',(-10.1292791487751,38.6743838318812,-42.2674146584808));
#8025=CARTESIAN_POINT('Ctrl Pts',(-8.37881044410667,38.5509911583489,-42.9220759519106));
#8026=CARTESIAN_POINT('Ctrl Pts',(-7.37972339403641,38.4830863459405,-42.9763049395331));
#8027=CARTESIAN_POINT('Ctrl Pts',(-7.19699424799402,38.4706693946559,-42.9761377241304));
#8028=CARTESIAN_POINT('Origin',(-7.19692262037256,49.4126639386774,-38.0231118608881));
#8029=CARTESIAN_POINT('',(-7.19680258075662,42.7040027279893,-42.9761752405334));
#8030=CARTESIAN_POINT('',(-7.19683784947858,42.0043306053441,-42.9763940898001));
#8031=CARTESIAN_POINT('',(-7.19692262037247,49.4126639386774,-42.9761118608881));
#8032=CARTESIAN_POINT('Ctrl Pts',(-7.19683784947858,42.0043306053441,-42.9763940898001));
#8033=CARTESIAN_POINT('Ctrl Pts',(-7.10397008607001,41.9980130711465,-42.9764692064344));
#8034=CARTESIAN_POINT('Ctrl Pts',(-6.19547114926586,41.9362076758252,-42.9514328508157));
#8035=CARTESIAN_POINT('Ctrl Pts',(-4.4985723143766,41.8189144193799,-42.4203271573733));
#8036=CARTESIAN_POINT('Ctrl Pts',(-2.73587928983707,41.6524508360083,-40.6145765208494));
#8037=CARTESIAN_POINT('Ctrl Pts',(-2.04045756070491,41.4859872526368,-38.1888373073862));
#8038=CARTESIAN_POINT('Ctrl Pts',(-2.57868165322972,41.3195236692653,-35.7234495197757));
#8039=CARTESIAN_POINT('Ctrl Pts',(-4.22178532707777,41.1530600858937,-33.8082387776272));
#8040=CARTESIAN_POINT('Ctrl Pts',(-6.57666859535989,40.9865965025222,-32.901404967115));
#8041=CARTESIAN_POINT('Ctrl Pts',(-9.0799425785086,40.8201329191506,-33.2199012828943));
#8042=CARTESIAN_POINT('Ctrl Pts',(-11.1327189984314,40.653669335779,-34.6875299124123));
#8043=CARTESIAN_POINT('Ctrl Pts',(-12.2438836077734,40.4872057524075,-36.953171548387));
#8044=CARTESIAN_POINT('Ctrl Pts',(-12.1476044821648,40.320742169036,-39.4747885782997));
#8045=CARTESIAN_POINT('Ctrl Pts',(-10.8669032440041,40.1542785856644,-41.6491024515452));
#8046=CARTESIAN_POINT('Ctrl Pts',(-8.99485108599705,40.0099191755449,-42.7823969027553));
#8047=CARTESIAN_POINT('Ctrl Pts',(-7.68776617841687,39.9210476265492,-42.9755245429153));
#8048=CARTESIAN_POINT('Ctrl Pts',(-7.19684765657419,39.8876639386774,-42.9757751607705));
#8049=CARTESIAN_POINT('Ctrl Pts',(-7.19680258075662,42.7040027279893,-42.9761752405334));
#8050=CARTESIAN_POINT('Ctrl Pts',(-7.02776579098547,42.692505096259,-42.9763447916521));
#8051=CARTESIAN_POINT('Ctrl Pts',(-6.04305191295239,42.6255196034048,-42.9268955878597));
#8052=CARTESIAN_POINT('Ctrl Pts',(-4.2986697864003,42.5030462494267,-42.2912176963577));
#8053=CARTESIAN_POINT('Ctrl Pts',(-2.62112225556015,42.3365826660552,-40.4061032550267));
#8054=CARTESIAN_POINT('Ctrl Pts',(-2.0383008188613,42.1701190826837,-37.950875912541));
#8055=CARTESIAN_POINT('Ctrl Pts',(-2.68964113538709,42.0036554993121,-35.51293048051));
#8056=CARTESIAN_POINT('Ctrl Pts',(-4.41931490671293,41.8371919159406,-33.6755272069776));
#8057=CARTESIAN_POINT('Ctrl Pts',(-6.81351058650391,41.670728332569,-32.878251109504));
#8058=CARTESIAN_POINT('Ctrl Pts',(-9.29943473900993,41.5042647491975,-33.3118445428584));
#8059=CARTESIAN_POINT('Ctrl Pts',(-11.2823485505567,41.337801165826,-34.8725735158776));
#8060=CARTESIAN_POINT('Ctrl Pts',(-12.2878547258009,41.1713375824544,-37.1870452689182));
#8061=CARTESIAN_POINT('Ctrl Pts',(-12.0753933498333,41.0048739990828,-39.7015397174607));
#8062=CARTESIAN_POINT('Ctrl Pts',(-10.6957943637395,40.8384104157113,-41.8144828211076));
#8063=CARTESIAN_POINT('Ctrl Pts',(-8.84244161784784,40.6992311031245,-42.8227175957061));
#8064=CARTESIAN_POINT('Ctrl Pts',(-7.61167444392827,40.6155396516617,-42.9756910788272));
#8065=CARTESIAN_POINT('Ctrl Pts',(-7.19691659953446,40.5873360613226,-42.9757090906582));
#8066=CARTESIAN_POINT('Origin',(-7.19692262037256,49.4126639386774,-38.0231118608881));
#8067=CARTESIAN_POINT('',(-7.19699726750041,44.8206693946559,-42.9764124074365));
#8068=CARTESIAN_POINT('',(-7.19703288895512,44.1209972720107,-42.9762657679341));
#8069=CARTESIAN_POINT('',(-7.19692262037247,49.4126639386774,-42.9761118608881));
#8070=CARTESIAN_POINT('',(-9.71078422250396,45.,-42.290746902141));
#8071=CARTESIAN_POINT('Ctrl Pts',(-9.71078422250397,45.,-42.290746902141));
#8072=CARTESIAN_POINT('Ctrl Pts',(-9.00785329026553,44.9445121388761,-42.7048102094349));
#8073=CARTESIAN_POINT('Ctrl Pts',(-8.13861510597949,44.8847352704281,-42.959954872187));
#8074=CARTESIAN_POINT('Ctrl Pts',(-7.26003792820082,44.8249584019801,-42.9764479548021));
#8075=CARTESIAN_POINT('Ctrl Pts',(-7.19699726750041,44.8206693946559,-42.9764124074365));
#8076=CARTESIAN_POINT('',(-9.71078422250394,45.,-33.7554768196352));
#8077=CARTESIAN_POINT('Origin',(-7.19692262037256,45.,-38.0231118608881));
#8078=CARTESIAN_POINT('Ctrl Pts',(-9.71101803853357,45.,-33.7552808340341));
#8079=CARTESIAN_POINT('Ctrl Pts',(-9.78822458415694,44.9939075011464,-33.8006756525116));
#8080=CARTESIAN_POINT('Ctrl Pts',(-10.5559842286575,44.932327141169,-34.2808313291145));
#8081=CARTESIAN_POINT('Ctrl Pts',(-11.7487678668887,44.8152589200678,-35.5947446582391));
#8082=CARTESIAN_POINT('Ctrl Pts',(-12.3560285453816,44.6487953366962,-38.0440779231061));
#8083=CARTESIAN_POINT('Ctrl Pts',(-11.7289208589261,44.4823317533247,-40.4883670255593));
#8084=CARTESIAN_POINT('Ctrl Pts',(-10.017609683038,44.3158681699531,-42.3428758344778));
#8085=CARTESIAN_POINT('Ctrl Pts',(-8.29110212224458,44.1954233428485,-42.9369333725382));
#8086=CARTESIAN_POINT('Ctrl Pts',(-7.33623917640665,44.1304663768677,-42.9764008771593));
#8087=CARTESIAN_POINT('Ctrl Pts',(-7.19703288895513,44.1209972720107,-42.9762657679341));
#8088=CARTESIAN_POINT('Origin',(-7.19692262037256,49.4126639386774,-38.0231118608881));
#8089=CARTESIAN_POINT('Ctrl Pts',(-7.19703288895513,44.1209972720107,-42.9762657679341));
#8090=CARTESIAN_POINT('Ctrl Pts',(-6.52050640521441,44.0749785157438,-42.9756091526998));
#8091=CARTESIAN_POINT('Ctrl Pts',(-5.02766911771511,43.9734718983531,-42.6673892680321));
#8092=CARTESIAN_POINT('Ctrl Pts',(-3.14301205102012,43.8164774198385,-41.2141005680468));
#8093=CARTESIAN_POINT('Ctrl Pts',(-2.11455215132335,43.6500138364669,-38.9097373822212));
#8094=CARTESIAN_POINT('Ctrl Pts',(-2.30201039895759,43.4835502530954,-36.3932553292016));
#8095=CARTESIAN_POINT('Ctrl Pts',(-3.66054035700929,43.3170866697238,-34.2667044419939));
#8096=CARTESIAN_POINT('Ctrl Pts',(-5.86512313699087,43.1506230863523,-33.0388459157525));
#8097=CARTESIAN_POINT('Ctrl Pts',(-8.3883291150949,42.9841595029808,-33.0034358474326));
#8098=CARTESIAN_POINT('Ctrl Pts',(-10.6264999288283,42.8176959196092,-34.1689457793336));
#8099=CARTESIAN_POINT('Ctrl Pts',(-12.0441699970843,42.6512323362377,-36.2565361849862));
#8100=CARTESIAN_POINT('Ctrl Pts',(-12.3021723001608,42.4847687528661,-38.7667666307522));
#8101=CARTESIAN_POINT('Ctrl Pts',(-11.3387817315769,42.3183051694946,-41.0990832256388));
#8102=CARTESIAN_POINT('Ctrl Pts',(-9.45865077937806,42.1581591203205,-42.6349104291007));
#8103=CARTESIAN_POINT('Ctrl Pts',(-7.91964173861353,42.0535009322704,-42.9758094456412));
#8104=CARTESIAN_POINT('Ctrl Pts',(-7.19683784947858,42.0043306053441,-42.9763940898001));
#8105=CARTESIAN_POINT('Ctrl Pts',(-7.19699726750041,44.8206693946559,-42.9764124074365));
#8106=CARTESIAN_POINT('Ctrl Pts',(-6.4444665939231,44.7694705408563,-42.9759880704669));
#8107=CARTESIAN_POINT('Ctrl Pts',(-4.87562280717925,44.6627838259327,-42.6131643059762));
#8108=CARTESIAN_POINT('Ctrl Pts',(-3.00022117807632,44.5006092498853,-41.0237717360985));
#8109=CARTESIAN_POINT('Ctrl Pts',(-2.07905112323428,44.3341456665138,-38.6744219823908));
#8110=CARTESIAN_POINT('Ctrl Pts',(-2.38238720562655,44.1676820831423,-36.1692671585626));
#8111=CARTESIAN_POINT('Ctrl Pts',(-3.83752033585915,44.0012184997707,-34.1076230398336));
#8112=CARTESIAN_POINT('Ctrl Pts',(-6.09638657697579,43.8347549163992,-32.9827340801334));
#8113=CARTESIAN_POINT('Ctrl Pts',(-8.61853777685448,43.6682913330276,-33.0637161261333));
#8114=CARTESIAN_POINT('Ctrl Pts',(-10.800582950924,43.501827749656,-34.3311974162162));
#8115=CARTESIAN_POINT('Ctrl Pts',(-12.1204770139081,43.3353641662845,-36.4819412826807));
#8116=CARTESIAN_POINT('Ctrl Pts',(-12.2624485219843,43.1689005829129,-39.0013988943815));
#8117=CARTESIAN_POINT('Ctrl Pts',(-11.1925302551432,43.0024369995414,-41.2868085461444));
#8118=CARTESIAN_POINT('Ctrl Pts',(-9.30661741817799,42.8474710479002,-42.6874808916396));
#8119=CARTESIAN_POINT('Ctrl Pts',(-7.84354160774883,42.7479929573828,-42.9755265336708));
#8120=CARTESIAN_POINT('Ctrl Pts',(-7.19680258075662,42.7040027279893,-42.9761752405334));
#8121=CARTESIAN_POINT('Ctrl Pts',(-5.73612415229848,45.,-34.5841724268078));
#8122=CARTESIAN_POINT('Ctrl Pts',(-6.30255892915792,44.9445121388761,-34.3435613110376));
#8123=CARTESIAN_POINT('Ctrl Pts',(-7.55607377422279,44.8335364166284,-34.1478721043136));
#8124=CARTESIAN_POINT('Ctrl Pts',(-9.3512078425271,44.6670728332569,-34.7818813430386));
#8125=CARTESIAN_POINT('Ctrl Pts',(-10.6306479319752,44.5006092498853,-36.1912512685309));
#8126=CARTESIAN_POINT('Ctrl Pts',(-11.0887404745717,44.3341456665139,-38.0389277980792));
#8127=CARTESIAN_POINT('Ctrl Pts',(-10.6156761634045,44.1676820831422,-39.8827992184427));
#8128=CARTESIAN_POINT('Ctrl Pts',(-9.32473321995251,44.0012184997707,-41.2817645814781));
#8129=CARTESIAN_POINT('Ctrl Pts',(-7.5247119680859,43.8347549163992,-41.9011167451309));
#8130=CARTESIAN_POINT('Ctrl Pts',(-5.64627693431888,43.6682913330276,-41.5926875001899));
#8131=CARTESIAN_POINT('Ctrl Pts',(-4.13881880113284,43.501827749656,-40.4302628292114));
#8132=CARTESIAN_POINT('Ctrl Pts',(-3.36299084602826,43.3353641662845,-38.6919457798015));
#8133=CARTESIAN_POINT('Ctrl Pts',(-3.50440165744875,43.168900582913,-36.7936149592928));
#8134=CARTESIAN_POINT('Ctrl Pts',(-4.52922092324057,43.0024369995414,-35.1894322130966));
#8135=CARTESIAN_POINT('Ctrl Pts',(-6.19226772803693,42.8359734161699,-34.2631861145832));
#8136=CARTESIAN_POINT('Ctrl Pts',(-8.09567080177592,42.6695098327983,-34.2364742117635));
#8137=CARTESIAN_POINT('Ctrl Pts',(-9.78405504126405,42.5030462494267,-35.1156870885975));
#8138=CARTESIAN_POINT('Ctrl Pts',(-10.8534871799331,42.3365826660552,-36.6904796458873));
#8139=CARTESIAN_POINT('Ctrl Pts',(-11.0481135326641,42.1701190826837,-38.5840945103599));
#8140=CARTESIAN_POINT('Ctrl Pts',(-10.3213712114401,42.0036554993121,-40.343498464759));
#8141=CARTESIAN_POINT('Ctrl Pts',(-8.84712788420647,41.8371919159406,-41.5477672439307));
#8142=CARTESIAN_POINT('Ctrl Pts',(-6.97808526825772,41.670728332569,-41.9087885327361));
#8143=CARTESIAN_POINT('Ctrl Pts',(-5.16139785108022,41.5042647491975,-41.3401906819802));
#8144=CARTESIAN_POINT('Ctrl Pts',(-3.83169454897886,41.3378011658259,-39.978006483864));
#8145=CARTESIAN_POINT('Ctrl Pts',(-3.30709692664378,41.1713375824544,-38.1481283387336));
#8146=CARTESIAN_POINT('Ctrl Pts',(-3.71311110105608,41.0048739990828,-36.2883409358746));
#8147=CARTESIAN_POINT('Ctrl Pts',(-4.95260110322556,40.8384104157113,-34.8435845247462));
#8148=CARTESIAN_POINT('Ctrl Pts',(-6.72902843022197,40.6719468323397,-34.1595063015342));
#8149=CARTESIAN_POINT('Ctrl Pts',(-8.61739562468954,40.5054832489682,-34.3997668556425));
#8150=CARTESIAN_POINT('Ctrl Pts',(-10.1659259394108,40.3390196655966,-35.5068856833456));
#8151=CARTESIAN_POINT('Ctrl Pts',(-11.004142934458,40.1725560822251,-37.2159927841245));
#8152=CARTESIAN_POINT('Ctrl Pts',(-10.9315139120117,40.0060924988535,-39.1181972205355));
#8153=CARTESIAN_POINT('Ctrl Pts',(-9.96540543953255,39.839628915482,-40.7584104038915));
#8154=CARTESIAN_POINT('Ctrl Pts',(-8.3369714957233,39.6731653321105,-41.7442243646766));
#8155=CARTESIAN_POINT('Ctrl Pts',(-6.43576122950778,39.5067017487389,-41.8397888069443));
#8156=CARTESIAN_POINT('Ctrl Pts',(-4.71671233095851,39.3402381653674,-41.0222441520744));
#8157=CARTESIAN_POINT('Ctrl Pts',(-3.59091073899026,39.1737745819958,-39.4871744926041));
#8158=CARTESIAN_POINT('Ctrl Pts',(-3.32808242519611,39.0073109986243,-37.601849274622));
#8159=CARTESIAN_POINT('Ctrl Pts',(-3.9902944698847,38.8408474152527,-35.8172859059104));
#8160=CARTESIAN_POINT('Ctrl Pts',(-5.42082681601855,38.6743838318812,-34.5604963810239));
#8161=CARTESIAN_POINT('Ctrl Pts',(-7.27383985471825,38.5079202485096,-34.1320140867701));
#8162=CARTESIAN_POINT('Ctrl Pts',(-9.113572883717,38.3414566651381,-34.6346542154388));
#8163=CARTESIAN_POINT('Ctrl Pts',(-10.483982060958,38.1749930817665,-35.9475176547302));
#8164=CARTESIAN_POINT('Ctrl Pts',(-11.2920833421125,37.9530416372711,-38.3616164100504));
#8165=CARTESIAN_POINT('Ctrl Pts',(-9.87214784252986,37.6756023316518,-41.5231296259348));
#8166=CARTESIAN_POINT('Ctrl Pts',(-5.73110102178398,37.3426751649088,-42.1774254487171));
#8167=CARTESIAN_POINT('Ctrl Pts',(-3.40561510753296,37.0652358592895,-39.607698245334));
#8168=CARTESIAN_POINT('Ctrl Pts',(-3.43006456795854,36.8432844147942,-37.0620543768939));
#8169=CARTESIAN_POINT('Ctrl Pts',(-4.32894981674313,36.6768208314226,-35.3906367053312));
#8170=CARTESIAN_POINT('Ctrl Pts',(-5.92409500196957,36.5103572480511,-34.3452771714933));
#8171=CARTESIAN_POINT('Ctrl Pts',(-7.81894594505699,36.3438936646795,-34.1815875213599));
#8172=CARTESIAN_POINT('Ctrl Pts',(-9.56727059407397,36.177430081308,-34.9361096382255));
#8173=CARTESIAN_POINT('Ctrl Pts',(-10.747419484516,36.0109664979364,-36.4295753410343));
#8174=CARTESIAN_POINT('Ctrl Pts',(-11.0786556443446,35.8445029145649,-38.3040919471259));
#8175=CARTESIAN_POINT('Ctrl Pts',(-10.4809702930104,35.6780393311933,-40.1114768825242));
#8176=CARTESIAN_POINT('Ctrl Pts',(-9.0977179382309,35.5115757478218,-41.4191929454778));
#8177=CARTESIAN_POINT('Ctrl Pts',(-7.2596589202321,35.3451121644502,-41.9144424637436));
#8178=CARTESIAN_POINT('Ctrl Pts',(-5.40661713107563,35.1786485810787,-41.4787104333982));
#8179=CARTESIAN_POINT('Ctrl Pts',(-3.98188000568093,35.0121849977071,-40.216256873471));
#8180=CARTESIAN_POINT('Ctrl Pts',(-3.32632379906887,34.8457214143356,-38.429107536461));
#8181=CARTESIAN_POINT('Ctrl Pts',(-3.59677662939097,34.679257830964,-36.5448278121921));
#8182=CARTESIAN_POINT('Ctrl Pts',(-4.72853886471081,34.5127942475925,-35.0142160139343));
#8183=CARTESIAN_POINT('Ctrl Pts',(-6.45084284669295,34.3463306642209,-34.2034603240645));
#8184=CARTESIAN_POINT('Ctrl Pts',(-8.35164115054164,34.1798670808494,-34.3065276401729));
#8185=CARTESIAN_POINT('Ctrl Pts',(-9.97618152034447,34.0134034974778,-35.2987600423152));
#8186=CARTESIAN_POINT('Ctrl Pts',(-10.9358050129597,33.8469399141063,-36.9427732557949));
#8187=CARTESIAN_POINT('Ctrl Pts',(-11.0009287690873,33.6804763307347,-38.8452494284924));
#8188=CARTESIAN_POINT('Ctrl Pts',(-10.1559724645945,33.5140127473632,-40.5510353192108));
#8189=CARTESIAN_POINT('Ctrl Pts',(-8.60308556511911,33.3475491639916,-41.6520343948225));
#8190=CARTESIAN_POINT('Ctrl Pts',(-6.71378468098556,33.1810855806201,-41.8848408408751));
#8191=CARTESIAN_POINT('Ctrl Pts',(-4.94007094059483,33.0146219972485,-41.1937574547185));
#8192=CARTESIAN_POINT('Ctrl Pts',(-3.70629211966623,32.848158413877,-39.7441207772765));
#8193=CARTESIAN_POINT('Ctrl Pts',(-3.30762058902341,32.6816948305054,-37.8827455627559));
#8194=CARTESIAN_POINT('Ctrl Pts',(-3.83943554004395,32.5152312471339,-36.0549519380241));
#8195=CARTESIAN_POINT('Ctrl Pts',(-5.17450420887338,32.3487676637623,-34.698025881967));
#8196=CARTESIAN_POINT('Ctrl Pts',(-6.99342139537081,32.1823040803908,-34.1366018298584));
#8197=CARTESIAN_POINT('Ctrl Pts',(-8.86102471210797,32.0158404970192,-34.5049962846743));
#8198=CARTESIAN_POINT('Ctrl Pts',(-10.330504064564,31.8493769136477,-35.7150736456421));
#8199=CARTESIAN_POINT('Ctrl Pts',(-11.050297363827,31.6829133302761,-37.4773318890087));
#8200=CARTESIAN_POINT('Ctrl Pts',(-10.8481996939903,31.5164497469046,-39.3701639847241));
#8201=CARTESIAN_POINT('Ctrl Pts',(-9.77256087119524,31.349986163533,-40.9407237717355));
#8202=CARTESIAN_POINT('Ctrl Pts',(-8.08072059647723,31.1835225801615,-41.8132669884495));
#8203=CARTESIAN_POINT('Ctrl Pts',(-6.17743662536703,31.0170589967899,-41.7790432492872));
#8204=CARTESIAN_POINT('Ctrl Pts',(-4.51806049221691,30.8505954134184,-40.8462422930536));
#8205=CARTESIAN_POINT('Ctrl Pts',(-3.49957492536886,30.6841318300468,-39.2380256534446));
#8206=CARTESIAN_POINT('Ctrl Pts',(-3.36566733891397,30.5176682466753,-37.3391558505063));
#8207=CARTESIAN_POINT('Ctrl Pts',(-4.14832708883219,30.3512046633037,-35.6039050406257));
#8208=CARTESIAN_POINT('Ctrl Pts',(-5.66040731998558,30.1847410799322,-34.447457588304));
#8209=CARTESIAN_POINT('Ctrl Pts',(-7.53994392196683,30.0182774965606,-34.1464049497475));
#8210=CARTESIAN_POINT('Ctrl Pts',(-9.33769706756368,29.8518139131891,-34.7729491744213));
#8211=CARTESIAN_POINT('Ctrl Pts',(-10.1941718392337,29.7408381909414,-35.7089217690624));
#8212=CARTESIAN_POINT('Ctrl Pts',(-10.4861109627876,29.6853503298176,-36.2506907360645));
#8213=CARTESIAN_POINT('Ctrl Pts',(-5.57756478991292,45.1048832233941,-34.2108998256466));
#8214=CARTESIAN_POINT('Ctrl Pts',(-6.20548206351283,45.0493953622703,-33.9441720716589));
#8215=CARTESIAN_POINT('Ctrl Pts',(-7.59505709683649,44.9384196400226,-33.7272421828545));
#8216=CARTESIAN_POINT('Ctrl Pts',(-9.58504029695992,44.7719560566511,-34.4300686491682));
#8217=CARTESIAN_POINT('Ctrl Pts',(-11.0033545769464,44.6054924732794,-35.9924157317669));
#8218=CARTESIAN_POINT('Ctrl Pts',(-11.5111698315083,44.439028889908,-38.0406445064215));
#8219=CARTESIAN_POINT('Ctrl Pts',(-10.9867577285784,44.2725653065364,-40.0846551541482));
#8220=CARTESIAN_POINT('Ctrl Pts',(-9.55569204098101,44.1061017231649,-41.635468332478));
#8221=CARTESIAN_POINT('Ctrl Pts',(-7.56029118801671,43.9396381397933,-42.3220468016802));
#8222=CARTESIAN_POINT('Ctrl Pts',(-5.47796529062532,43.7731745564217,-41.9801397393074));
#8223=CARTESIAN_POINT('Ctrl Pts',(-3.80688321776194,43.6067109730502,-40.6915420754899));
#8224=CARTESIAN_POINT('Ctrl Pts',(-2.94684461445995,43.4402473896786,-38.7645429806081));
#8225=CARTESIAN_POINT('Ctrl Pts',(-3.10360457128503,43.2737838063071,-36.6601617492624));
#8226=CARTESIAN_POINT('Ctrl Pts',(-4.2396607344968,43.1073202229356,-34.8818562893957));
#8227=CARTESIAN_POINT('Ctrl Pts',(-6.08321953102158,42.940856639564,-33.855072714973));
#8228=CARTESIAN_POINT('Ctrl Pts',(-8.19322357288224,42.7743930561925,-33.8254614236532));
#8229=CARTESIAN_POINT('Ctrl Pts',(-10.0648700037855,42.6079294728209,-34.8001066521762));
#8230=CARTESIAN_POINT('Ctrl Pts',(-11.2503814523168,42.4414658894494,-36.5458318255869));
#8231=CARTESIAN_POINT('Ctrl Pts',(-11.4661331218297,42.2750023060778,-38.6449852171573));
#8232=CARTESIAN_POINT('Ctrl Pts',(-10.6605080514857,42.1085387227063,-40.5953600517189));
#8233=CARTESIAN_POINT('Ctrl Pts',(-9.02624601730786,41.9420751393347,-41.9303437063095));
#8234=CARTESIAN_POINT('Ctrl Pts',(-6.95433201839074,41.7756115559632,-42.3305513076773));
#8235=CARTESIAN_POINT('Ctrl Pts',(-4.94045600551235,41.6091479725917,-41.7002361737779));
#8236=CARTESIAN_POINT('Ctrl Pts',(-3.46642279593159,41.44268438922,-40.1901964961925));
#8237=CARTESIAN_POINT('Ctrl Pts',(-2.88488380466416,41.2762208058486,-38.1616979949511));
#8238=CARTESIAN_POINT('Ctrl Pts',(-3.33496795178063,41.109757222477,-36.100043797175));
#8239=CARTESIAN_POINT('Ctrl Pts',(-4.70899584450963,40.9432936391055,-34.4984692757065));
#8240=CARTESIAN_POINT('Ctrl Pts',(-6.67824181860128,40.7768300557339,-33.7401391900611));
#8241=CARTESIAN_POINT('Ctrl Pts',(-8.77157794262923,40.6103664723624,-34.0064783313931));
#8242=CARTESIAN_POINT('Ctrl Pts',(-10.4881902924177,40.4439028889908,-35.2337670930345));
#8243=CARTESIAN_POINT('Ctrl Pts',(-11.4173898255631,40.2774393056192,-37.1283857055453));
#8244=CARTESIAN_POINT('Ctrl Pts',(-11.3368774353961,40.1109757222477,-39.2370610064569));
#8245=CARTESIAN_POINT('Ctrl Pts',(-10.2659047076897,39.9445121388761,-41.0553077531094));
#8246=CARTESIAN_POINT('Ctrl Pts',(-8.46071575389076,39.7780485555046,-42.1481248607824));
#8247=CARTESIAN_POINT('Ctrl Pts',(-6.35314253333188,39.611584972133,-42.2540621486984));
#8248=CARTESIAN_POINT('Ctrl Pts',(-4.44750301107876,39.4451213887615,-41.3477787923368));
#8249=CARTESIAN_POINT('Ctrl Pts',(-3.19950360298707,39.2786578053899,-39.6460881569122));
#8250=CARTESIAN_POINT('Ctrl Pts',(-2.90814713095421,39.1121942220184,-37.5561241944449));
#8251=CARTESIAN_POINT('Ctrl Pts',(-3.64223761874405,38.9457306386468,-35.5778590687397));
#8252=CARTESIAN_POINT('Ctrl Pts',(-5.22804415336603,38.7792670552753,-34.1846539122147));
#8253=CARTESIAN_POINT('Ctrl Pts',(-7.28218867757154,38.6128034719037,-33.7096628894434));
#8254=CARTESIAN_POINT('Ctrl Pts',(-9.32161174076254,38.4463398885322,-34.2668610560982));
#8255=CARTESIAN_POINT('Ctrl Pts',(-10.8407691608991,38.2798763051607,-35.7222265546283));
#8256=CARTESIAN_POINT('Ctrl Pts',(-11.7365841319864,38.0579248606653,-38.3983586894633));
#8257=CARTESIAN_POINT('Ctrl Pts',(-10.1625246568089,37.780485555046,-41.9030318487894));
#8258=CARTESIAN_POINT('Ctrl Pts',(-5.57199643403778,37.4475583883029,-42.6283468646632));
#8259=CARTESIAN_POINT('Ctrl Pts',(-2.99409543867954,37.1701190826837,-39.7796939122612));
#8260=CARTESIAN_POINT('Ctrl Pts',(-3.02119871545314,36.9481676381883,-36.9577383708134));
#8261=CARTESIAN_POINT('Ctrl Pts',(-4.01765161304078,36.7817040548167,-35.1049001090222));
#8262=CARTESIAN_POINT('Ctrl Pts',(-5.7859385484878,36.6152404714452,-33.9460741766553));
#8263=CARTESIAN_POINT('Ctrl Pts',(-7.88646218628152,36.4487768880736,-33.7646171704344));
#8264=CARTESIAN_POINT('Ctrl Pts',(-9.82455513506716,36.2823133047021,-34.6010373371479));
#8265=CARTESIAN_POINT('Ctrl Pts',(-11.1328008572613,36.1158497213305,-36.2566082000848));
#8266=CARTESIAN_POINT('Ctrl Pts',(-11.4999903641458,35.949386137959,-38.3345903521356));
#8267=CARTESIAN_POINT('Ctrl Pts',(-10.8374304868,35.7829225545874,-40.338154164501));
#8268=CARTESIAN_POINT('Ctrl Pts',(-9.30403585285907,35.6164589712159,-41.7878135753256));
#8269=CARTESIAN_POINT('Ctrl Pts',(-7.26646850274575,35.4499953878443,-42.3368189329862));
#8270=CARTESIAN_POINT('Ctrl Pts',(-5.21229210742432,35.2835318044728,-41.8537912664443));
#8271=CARTESIAN_POINT('Ctrl Pts',(-3.63290982384606,35.1170682211012,-40.4543072838556));
#8272=CARTESIAN_POINT('Ctrl Pts',(-2.90619761837445,34.9506046377297,-38.4731755012467));
#8273=CARTESIAN_POINT('Ctrl Pts',(-3.20600619438526,34.7841410543581,-36.3843705134554));
#8274=CARTESIAN_POINT('Ctrl Pts',(-4.46061323159003,34.6176774709866,-34.6876216086112));
#8275=CARTESIAN_POINT('Ctrl Pts',(-6.36986115360604,34.4512138876151,-33.7888641114793));
#8276=CARTESIAN_POINT('Ctrl Pts',(-8.47697769619108,34.2847503042435,-33.9031186572309));
#8277=CARTESIAN_POINT('Ctrl Pts',(-10.2778504560088,34.118286720872,-35.0030508827647));
#8278=CARTESIAN_POINT('Ctrl Pts',(-11.3416343050624,33.9518231375004,-36.8255101259875));
#8279=CARTESIAN_POINT('Ctrl Pts',(-11.4138267852293,33.7853595541289,-38.9344866582414));
#8280=CARTESIAN_POINT('Ctrl Pts',(-10.4771564381685,33.6188959707573,-40.825423566783));
#8281=CARTESIAN_POINT('Ctrl Pts',(-8.7557146271027,33.4524323873858,-42.045928320441));
#8282=CARTESIAN_POINT('Ctrl Pts',(-6.66134346798616,33.2859688040142,-42.3040042629041));
#8283=CARTESIAN_POINT('Ctrl Pts',(-4.69510562117186,33.1195052206427,-41.5379086533236));
#8284=CARTESIAN_POINT('Ctrl Pts',(-3.32740881809399,32.9530416372711,-39.9309241470817));
#8285=CARTESIAN_POINT('Ctrl Pts',(-2.88546430689873,32.7865780538996,-37.8675097918958));
#8286=CARTESIAN_POINT('Ctrl Pts',(-3.47500401693554,32.620114470528,-35.8413220710284));
#8287=CARTESIAN_POINT('Ctrl Pts',(-4.95498496593023,32.4536508871565,-34.337111269707));
#8288=CARTESIAN_POINT('Ctrl Pts',(-6.97133277384898,32.2871873037849,-33.7147485996605));
#8289=CARTESIAN_POINT('Ctrl Pts',(-9.04165124778467,32.1207237204134,-34.1231296721643));
#8290=CARTESIAN_POINT('Ctrl Pts',(-10.6706322113503,31.9542601370419,-35.464552389104));
#8291=CARTESIAN_POINT('Ctrl Pts',(-11.4685539924503,31.7877965536703,-37.4180913255529));
#8292=CARTESIAN_POINT('Ctrl Pts',(-11.2445200470977,31.6213329702987,-39.5163769843428));
#8293=CARTESIAN_POINT('Ctrl Pts',(-10.0521282226895,31.4548693869272,-41.2574099501393));
#8294=CARTESIAN_POINT('Ctrl Pts',(-8.17665062832725,31.2884058035556,-42.2246615740153));
#8295=CARTESIAN_POINT('Ctrl Pts',(-6.06677861684502,31.1219422201841,-42.1867230895417));
#8296=CARTESIAN_POINT('Ctrl Pts',(-4.22728891746355,30.9554786368125,-41.1526731738619));
#8297=CARTESIAN_POINT('Ctrl Pts',(-3.09825393150827,30.789015053441,-39.3698959699266));
#8298=CARTESIAN_POINT('Ctrl Pts',(-2.94981162175588,30.6225514700694,-37.2649172534129));
#8299=CARTESIAN_POINT('Ctrl Pts',(-3.81742356297499,30.4560878866979,-35.3413172167177));
#8300=CARTESIAN_POINT('Ctrl Pts',(-5.49362942991412,30.2896243033264,-34.0593455564509));
#8301=CARTESIAN_POINT('Ctrl Pts',(-7.57717646297378,30.1231607199548,-33.7256157790165));
#8302=CARTESIAN_POINT('Ctrl Pts',(-9.57006302274259,29.9566971365833,-34.420166956697));
#8303=CARTESIAN_POINT('Ctrl Pts',(-10.5195020852873,29.8457214143356,-35.4577327697457));
#8304=CARTESIAN_POINT('Ctrl Pts',(-10.8431291399951,29.7902335532117,-36.0583069339366));
#8305=CARTESIAN_POINT('Ctrl Pts',(-5.41900542752736,45.2097664467883,-33.8376272244854));
#8306=CARTESIAN_POINT('Ctrl Pts',(-6.10840519786773,45.1542785856644,-33.5447828322801));
#8307=CARTESIAN_POINT('Ctrl Pts',(-7.6340404194502,45.0433028634168,-33.3066122613954));
#8308=CARTESIAN_POINT('Ctrl Pts',(-9.81887275139273,44.8768392800452,-34.0782559552979));
#8309=CARTESIAN_POINT('Ctrl Pts',(-11.3760612219175,44.7103756966736,-35.793580195003));
#8310=CARTESIAN_POINT('Ctrl Pts',(-11.9335991884449,44.5439121133021,-38.0423612147638));
#8311=CARTESIAN_POINT('Ctrl Pts',(-11.3578392937523,44.3774485299305,-40.2865110898537));
#8312=CARTESIAN_POINT('Ctrl Pts',(-9.78665086200952,44.210984946559,-41.9891720834779));
#8313=CARTESIAN_POINT('Ctrl Pts',(-7.59587040794753,44.0445213631874,-42.7429768582296));
#8314=CARTESIAN_POINT('Ctrl Pts',(-5.30965364693175,43.8780577798159,-42.3675919784249));
#8315=CARTESIAN_POINT('Ctrl Pts',(-3.47494763439103,43.7115941964444,-40.9528213217683));
#8316=CARTESIAN_POINT('Ctrl Pts',(-2.53069838289165,43.5451306130728,-38.8371401814147));
#8317=CARTESIAN_POINT('Ctrl Pts',(-2.70280748512131,43.3786670297013,-36.526708539232));
#8318=CARTESIAN_POINT('Ctrl Pts',(-3.95010054575304,43.2122034463297,-34.5742803656948));
#8319=CARTESIAN_POINT('Ctrl Pts',(-5.97417133400623,43.0457398629581,-33.4469593153628));
#8320=CARTESIAN_POINT('Ctrl Pts',(-8.29077634398857,42.8792762795866,-33.4144486355429));
#8321=CARTESIAN_POINT('Ctrl Pts',(-10.3456849663069,42.712812696215,-34.4845262157549));
#8322=CARTESIAN_POINT('Ctrl Pts',(-11.6472757247006,42.5463491128435,-36.4011840052866));
#8323=CARTESIAN_POINT('Ctrl Pts',(-11.8841527109952,42.379885529472,-38.7058759239547));
#8324=CARTESIAN_POINT('Ctrl Pts',(-10.9996448915313,42.2134219461004,-40.8472216386788));
#8325=CARTESIAN_POINT('Ctrl Pts',(-9.20536415040925,42.0469583627289,-42.3129201686882));
#8326=CARTESIAN_POINT('Ctrl Pts',(-6.93057876852376,41.8804947793573,-42.7523140826184));
#8327=CARTESIAN_POINT('Ctrl Pts',(-4.71951415994448,41.7140311959858,-42.0602816655756));
#8328=CARTESIAN_POINT('Ctrl Pts',(-3.10115104288433,41.5475676126142,-40.402386508521));
#8329=CARTESIAN_POINT('Ctrl Pts',(-2.46267068268454,41.3811040292427,-38.1752676511687));
#8330=CARTESIAN_POINT('Ctrl Pts',(-2.95682480250517,41.2146404458711,-35.9117466584754));
#8331=CARTESIAN_POINT('Ctrl Pts',(-4.4653905857937,41.0481768624996,-34.1533540266669));
#8332=CARTESIAN_POINT('Ctrl Pts',(-6.62745520698059,40.881713279128,-33.3207720785881));
#8333=CARTESIAN_POINT('Ctrl Pts',(-8.92576026056891,40.7152496957565,-33.6131898071437));
#8334=CARTESIAN_POINT('Ctrl Pts',(-10.8104546454246,40.5487861123849,-34.9606485027234));
#8335=CARTESIAN_POINT('Ctrl Pts',(-11.8306367166683,40.3823225290134,-37.0407786269662));
#8336=CARTESIAN_POINT('Ctrl Pts',(-11.7422409587804,40.2158589456418,-39.3559247923783));
#8337=CARTESIAN_POINT('Ctrl Pts',(-10.5664039758469,40.0493953622703,-41.3522051023273));
#8338=CARTESIAN_POINT('Ctrl Pts',(-8.58446001205822,39.8829317788987,-42.5520253568881));
#8339=CARTESIAN_POINT('Ctrl Pts',(-6.27052383715599,39.7164681955272,-42.6683354904526));
#8340=CARTESIAN_POINT('Ctrl Pts',(-4.17829369119902,39.5500046121557,-41.6733134325993));
#8341=CARTESIAN_POINT('Ctrl Pts',(-2.80809646698387,39.3835410287841,-39.8050018212204));
#8342=CARTESIAN_POINT('Ctrl Pts',(-2.48821183671231,39.2170774454126,-37.5103991142678));
#8343=CARTESIAN_POINT('Ctrl Pts',(-3.29418076760341,39.050613862041,-35.3384322315689));
#8344=CARTESIAN_POINT('Ctrl Pts',(-5.03526149071351,38.8841502786695,-33.8088114434055));
#8345=CARTESIAN_POINT('Ctrl Pts',(-7.29053750042483,38.7176866952978,-33.2873116921168));
#8346=CARTESIAN_POINT('Ctrl Pts',(-9.52965059780808,38.5512231119264,-33.8990678967576));
#8347=CARTESIAN_POINT('Ctrl Pts',(-11.1975562608403,38.3847595285548,-35.4969354545264));
#8348=CARTESIAN_POINT('Ctrl Pts',(-12.1810849218603,38.1628080840594,-38.4351009688761));
#8349=CARTESIAN_POINT('Ctrl Pts',(-10.4529014710879,37.8853687784401,-42.282934071644));
#8350=CARTESIAN_POINT('Ctrl Pts',(-5.41289184629159,37.5524416116971,-43.0792682806092));
#8351=CARTESIAN_POINT('Ctrl Pts',(-2.58257576982612,37.2750023060778,-39.9516895791884));
#8352=CARTESIAN_POINT('Ctrl Pts',(-2.61233286294775,37.0530508615824,-36.8534223647329));
#8353=CARTESIAN_POINT('Ctrl Pts',(-3.70635340933843,36.8865872782109,-34.8191635127132));
#8354=CARTESIAN_POINT('Ctrl Pts',(-5.64778209500604,36.7201236948393,-33.5468711818173));
#8355=CARTESIAN_POINT('Ctrl Pts',(-7.95397842750605,36.5536601114678,-33.347646819509));
#8356=CARTESIAN_POINT('Ctrl Pts',(-10.0818396760604,36.3871965280962,-34.2659650360703));
#8357=CARTESIAN_POINT('Ctrl Pts',(-11.5181822300065,36.2207329447247,-36.0836410591353));
#8358=CARTESIAN_POINT('Ctrl Pts',(-11.921325083947,36.0542693613531,-38.3650887571453));
#8359=CARTESIAN_POINT('Ctrl Pts',(-11.1938906805896,35.8878057779816,-40.5648314464778));
#8360=CARTESIAN_POINT('Ctrl Pts',(-9.51035376748725,35.72134219461,-42.1564342051735));
#8361=CARTESIAN_POINT('Ctrl Pts',(-7.27327808525939,35.5548786112385,-42.7591954022288));
#8362=CARTESIAN_POINT('Ctrl Pts',(-5.01796708377301,35.3884150278669,-42.2288720994904));
#8363=CARTESIAN_POINT('Ctrl Pts',(-3.28393964201119,35.2219514444954,-40.6923576942402));
#8364=CARTESIAN_POINT('Ctrl Pts',(-2.48607143768003,35.0554878611238,-38.5172434660324));
#8365=CARTESIAN_POINT('Ctrl Pts',(-2.81523575937956,34.8890242777523,-36.2239132147186));
#8366=CARTESIAN_POINT('Ctrl Pts',(-4.19268759846926,34.7225606943808,-34.3610272032881));
#8367=CARTESIAN_POINT('Ctrl Pts',(-6.28887946051912,34.5560971110092,-33.3742678988941));
#8368=CARTESIAN_POINT('Ctrl Pts',(-8.60231424184052,34.3896335276376,-33.4997096742891));
#8369=CARTESIAN_POINT('Ctrl Pts',(-10.5795193916731,34.2231699442661,-34.7073417232142));
#8370=CARTESIAN_POINT('Ctrl Pts',(-11.7474635971652,34.0567063608946,-36.7082469961802));
#8371=CARTESIAN_POINT('Ctrl Pts',(-11.8267248013712,33.890242777523,-39.0237238879904));
#8372=CARTESIAN_POINT('Ctrl Pts',(-10.7983404117426,33.7237791941515,-41.0998118143554));
#8373=CARTESIAN_POINT('Ctrl Pts',(-8.9083436890863,33.5573156107799,-42.4398222460596));
#8374=CARTESIAN_POINT('Ctrl Pts',(-6.60890225498675,33.3908520274084,-42.7231676849331));
#8375=CARTESIAN_POINT('Ctrl Pts',(-4.4501403017489,33.2243884440368,-41.8820598519288));
#8376=CARTESIAN_POINT('Ctrl Pts',(-2.94852551652174,33.0579248606653,-40.1177275168868));
#8377=CARTESIAN_POINT('Ctrl Pts',(-2.46330802477405,32.8914612772937,-37.8522740210358));
#8378=CARTESIAN_POINT('Ctrl Pts',(-3.11057249382714,32.7249976939222,-35.6276922040328));
#8379=CARTESIAN_POINT('Ctrl Pts',(-4.73546572298708,32.5585341105506,-33.9761966574471));
#8380=CARTESIAN_POINT('Ctrl Pts',(-6.94924415232716,32.3920705271791,-33.2928953694627));
#8381=CARTESIAN_POINT('Ctrl Pts',(-9.22227778346136,32.2256069438075,-33.7412630596543));
#8382=CARTESIAN_POINT('Ctrl Pts',(-11.0107603581366,32.059143360436,-35.2140311325658));
#8383=CARTESIAN_POINT('Ctrl Pts',(-11.8868106210736,31.8926797770644,-37.3588507620971));
#8384=CARTESIAN_POINT('Ctrl Pts',(-11.6408404002051,31.7262161936929,-39.6625899839615));
#8385=CARTESIAN_POINT('Ctrl Pts',(-10.3316955741837,31.5597526103213,-41.574096128543));
#8386=CARTESIAN_POINT('Ctrl Pts',(-8.27258066017727,31.3932890269498,-42.6360561595812));
#8387=CARTESIAN_POINT('Ctrl Pts',(-5.956120608323,31.2268254435782,-42.5944029297962));
#8388=CARTESIAN_POINT('Ctrl Pts',(-3.9365173427102,31.0603618602067,-41.4591040546702));
#8389=CARTESIAN_POINT('Ctrl Pts',(-2.69693293764769,30.8938982768351,-39.5017662864084));
#8390=CARTESIAN_POINT('Ctrl Pts',(-2.53395590459779,30.7274346934636,-37.1906786563196));
#8391=CARTESIAN_POINT('Ctrl Pts',(-3.48652003711779,30.560971110092,-35.0787293928098));
#8392=CARTESIAN_POINT('Ctrl Pts',(-5.32685153984265,30.3945075267205,-33.6712335245977));
#8393=CARTESIAN_POINT('Ctrl Pts',(-7.61440900398073,30.228043943349,-33.3048266082854));
#8394=CARTESIAN_POINT('Ctrl Pts',(-9.8024289779215,30.0615803599774,-34.0673847389726));
#8395=CARTESIAN_POINT('Ctrl Pts',(-10.8448323313409,29.9506046377297,-35.206543770429));
#8396=CARTESIAN_POINT('Ctrl Pts',(-11.2001473172027,29.8951167766058,-35.8659231318087));
#8397=CARTESIAN_POINT('Ctrl Pts',(-5.2604460651418,45.3146496701824,-33.4643546233242));
#8398=CARTESIAN_POINT('Ctrl Pts',(-6.01132833222263,45.2591618090586,-33.1453935929014));
#8399=CARTESIAN_POINT('Ctrl Pts',(-7.67302374206389,45.1481860868109,-32.8859823399362));
#8400=CARTESIAN_POINT('Ctrl Pts',(-10.0527052058256,44.9817225034393,-33.7264432614275));
#8401=CARTESIAN_POINT('Ctrl Pts',(-11.7487678668887,44.8152589200678,-35.5947446582391));
#8402=CARTESIAN_POINT('Ctrl Pts',(-12.3560285453816,44.6487953366962,-38.0440779231061));
#8403=CARTESIAN_POINT('Ctrl Pts',(-11.7289208589261,44.4823317533247,-40.4883670255593));
#8404=CARTESIAN_POINT('Ctrl Pts',(-10.017609683038,44.3158681699531,-42.3428758344778));
#8405=CARTESIAN_POINT('Ctrl Pts',(-7.63144962787834,44.1494045865816,-43.1639069147789));
#8406=CARTESIAN_POINT('Ctrl Pts',(-5.14134200323818,43.98294100321,-42.7550442175424));
#8407=CARTESIAN_POINT('Ctrl Pts',(-3.14301205102012,43.8164774198385,-41.2141005680468));
#8408=CARTESIAN_POINT('Ctrl Pts',(-2.11455215132335,43.6500138364669,-38.9097373822212));
#8409=CARTESIAN_POINT('Ctrl Pts',(-2.30201039895759,43.4835502530954,-36.3932553292016));
#8410=CARTESIAN_POINT('Ctrl Pts',(-3.66054035700929,43.3170866697238,-34.2667044419939));
#8411=CARTESIAN_POINT('Ctrl Pts',(-5.86512313699087,43.1506230863523,-33.0388459157525));
#8412=CARTESIAN_POINT('Ctrl Pts',(-8.3883291150949,42.9841595029808,-33.0034358474326));
#8413=CARTESIAN_POINT('Ctrl Pts',(-10.6264999288283,42.8176959196092,-34.1689457793336));
#8414=CARTESIAN_POINT('Ctrl Pts',(-12.0441699970843,42.6512323362377,-36.2565361849862));
#8415=CARTESIAN_POINT('Ctrl Pts',(-12.3021723001608,42.4847687528661,-38.7667666307522));
#8416=CARTESIAN_POINT('Ctrl Pts',(-11.3387817315769,42.3183051694946,-41.0990832256388));
#8417=CARTESIAN_POINT('Ctrl Pts',(-9.38448228351064,42.151841586123,-42.695496631067));
#8418=CARTESIAN_POINT('Ctrl Pts',(-6.90682551865677,41.9853780027515,-43.1740768575595));
#8419=CARTESIAN_POINT('Ctrl Pts',(-4.4985723143766,41.8189144193799,-42.4203271573733));
#8420=CARTESIAN_POINT('Ctrl Pts',(-2.73587928983707,41.6524508360083,-40.6145765208494));
#8421=CARTESIAN_POINT('Ctrl Pts',(-2.04045756070491,41.4859872526368,-38.1888373073862));
#8422=CARTESIAN_POINT('Ctrl Pts',(-2.57868165322972,41.3195236692653,-35.7234495197757));
#8423=CARTESIAN_POINT('Ctrl Pts',(-4.22178532707777,41.1530600858937,-33.8082387776272));
#8424=CARTESIAN_POINT('Ctrl Pts',(-6.57666859535989,40.9865965025222,-32.901404967115));
#8425=CARTESIAN_POINT('Ctrl Pts',(-9.0799425785086,40.8201329191506,-33.2199012828943));
#8426=CARTESIAN_POINT('Ctrl Pts',(-11.1327189984314,40.653669335779,-34.6875299124123));
#8427=CARTESIAN_POINT('Ctrl Pts',(-12.2438836077734,40.4872057524075,-36.953171548387));
#8428=CARTESIAN_POINT('Ctrl Pts',(-12.1476044821648,40.320742169036,-39.4747885782997));
#8429=CARTESIAN_POINT('Ctrl Pts',(-10.8669032440041,40.1542785856644,-41.6491024515452));
#8430=CARTESIAN_POINT('Ctrl Pts',(-8.70820427022566,39.9878150022929,-42.9559258529939));
#8431=CARTESIAN_POINT('Ctrl Pts',(-6.1879051409801,39.8213514189213,-43.0826088322067));
#8432=CARTESIAN_POINT('Ctrl Pts',(-3.90908437131926,39.6548878355498,-41.9988480728618));
#8433=CARTESIAN_POINT('Ctrl Pts',(-2.41668933098067,39.4884242521782,-39.9639154855286));
#8434=CARTESIAN_POINT('Ctrl Pts',(-2.06827654247041,39.3219606688067,-37.4646740340907));
#8435=CARTESIAN_POINT('Ctrl Pts',(-2.94612391646276,39.1554970854351,-35.0990053943982));
#8436=CARTESIAN_POINT('Ctrl Pts',(-4.84247882806099,38.9890335020636,-33.4329689745963));
#8437=CARTESIAN_POINT('Ctrl Pts',(-7.29888632327813,38.822569918692,-32.8649604947901));
#8438=CARTESIAN_POINT('Ctrl Pts',(-9.73768945485362,38.6561063353205,-33.5312747374169));
#8439=CARTESIAN_POINT('Ctrl Pts',(-11.5543433607815,38.4896427519489,-35.2716443544246));
#8440=CARTESIAN_POINT('Ctrl Pts',(-12.6255857117342,38.2676913074536,-38.4718432482889));
#8441=CARTESIAN_POINT('Ctrl Pts',(-10.7432782853669,37.9902520018342,-42.6628362944986));
#8442=CARTESIAN_POINT('Ctrl Pts',(-5.25378725854541,37.6573248350913,-43.5301896965553));
#8443=CARTESIAN_POINT('Ctrl Pts',(-2.1710561009727,37.3798855294719,-40.1236852461155));
#8444=CARTESIAN_POINT('Ctrl Pts',(-2.20346701044235,37.1579340849766,-36.7491063586524));
#8445=CARTESIAN_POINT('Ctrl Pts',(-3.39505520563607,36.991470501605,-34.5334269164041));
#8446=CARTESIAN_POINT('Ctrl Pts',(-5.50962564152427,36.8250069182335,-33.1476681869793));
#8447=CARTESIAN_POINT('Ctrl Pts',(-8.02149466873056,36.6585433348619,-32.9306764685835));
#8448=CARTESIAN_POINT('Ctrl Pts',(-10.3391242170536,36.4920797514904,-33.9308927349927));
#8449=CARTESIAN_POINT('Ctrl Pts',(-11.9035636027517,36.3256161681188,-35.9106739181859));
#8450=CARTESIAN_POINT('Ctrl Pts',(-12.3426598037481,36.1591525847473,-38.395587162155));
#8451=CARTESIAN_POINT('Ctrl Pts',(-11.5503508743792,35.9926890013757,-40.7915087284547));
#8452=CARTESIAN_POINT('Ctrl Pts',(-9.71667168211542,35.8262254180042,-42.5250548350213));
#8453=CARTESIAN_POINT('Ctrl Pts',(-7.28008766777304,35.6597618346326,-43.1815718714715));
#8454=CARTESIAN_POINT('Ctrl Pts',(-4.82364206012171,35.4932982512611,-42.6039529325365));
#8455=CARTESIAN_POINT('Ctrl Pts',(-2.93496946017631,35.3268346678896,-40.9304081046248));
#8456=CARTESIAN_POINT('Ctrl Pts',(-2.06594525698562,35.160371084518,-38.5613114308182));
#8457=CARTESIAN_POINT('Ctrl Pts',(-2.42446532437385,34.9939075011465,-36.0634559159819));
#8458=CARTESIAN_POINT('Ctrl Pts',(-3.92476196534849,34.8274439177749,-34.034432797965));
#8459=CARTESIAN_POINT('Ctrl Pts',(-6.20789776743221,34.6609803344034,-32.9596716863088));
#8460=CARTESIAN_POINT('Ctrl Pts',(-8.72765078748996,34.4945167510318,-33.0963006913472));
#8461=CARTESIAN_POINT('Ctrl Pts',(-10.8811883273374,34.3280531676603,-34.4116325636637));
#8462=CARTESIAN_POINT('Ctrl Pts',(-12.1532928892679,34.1615895842887,-36.5909838663729));
#8463=CARTESIAN_POINT('Ctrl Pts',(-12.2396228175131,33.9951260009172,-39.1129611177395));
#8464=CARTESIAN_POINT('Ctrl Pts',(-11.1195243853166,33.8286624175456,-41.3742000619277));
#8465=CARTESIAN_POINT('Ctrl Pts',(-9.06097275106988,33.6621988341741,-42.8337161716781));
#8466=CARTESIAN_POINT('Ctrl Pts',(-6.55646104198735,33.4957352508025,-43.142331106962));
#8467=CARTESIAN_POINT('Ctrl Pts',(-4.20517498232594,33.329271667431,-42.226211050534));
#8468=CARTESIAN_POINT('Ctrl Pts',(-2.5696422149495,33.1628080840594,-40.3045308866919));
#8469=CARTESIAN_POINT('Ctrl Pts',(-2.04115174264936,32.9963445006878,-37.8370382501758));
#8470=CARTESIAN_POINT('Ctrl Pts',(-2.74614097071873,32.8298809173163,-35.4140623370371));
#8471=CARTESIAN_POINT('Ctrl Pts',(-4.51594648004394,32.6634173339447,-33.6152820451871));
#8472=CARTESIAN_POINT('Ctrl Pts',(-6.92715553080533,32.4969537505732,-32.8710421392648));
#8473=CARTESIAN_POINT('Ctrl Pts',(-9.40290431913806,32.3304901672017,-33.3593964471444));
#8474=CARTESIAN_POINT('Ctrl Pts',(-11.3508885049228,32.1640265838301,-34.9635098760277));
#8475=CARTESIAN_POINT('Ctrl Pts',(-12.3050672496969,31.9975630004586,-37.2996101986414));
#8476=CARTESIAN_POINT('Ctrl Pts',(-12.0371607533125,31.831099417087,-39.8088029835803));
#8477=CARTESIAN_POINT('Ctrl Pts',(-10.6112629256779,31.6646358337155,-41.8907823069468));
#8478=CARTESIAN_POINT('Ctrl Pts',(-8.36851069202729,31.498172250344,-43.0474507451469));
#8479=CARTESIAN_POINT('Ctrl Pts',(-5.84546259980099,31.3317086669724,-43.0020827700507));
#8480=CARTESIAN_POINT('Ctrl Pts',(-3.64574576795684,31.1652450836008,-41.7655349354786));
#8481=CARTESIAN_POINT('Ctrl Pts',(-2.2956119437871,30.9987815002293,-39.6336366028903));
#8482=CARTESIAN_POINT('Ctrl Pts',(-2.1181001874397,30.8323179168577,-37.1164400592262));
#8483=CARTESIAN_POINT('Ctrl Pts',(-3.15561651126059,30.6658543334862,-34.8161415689019));
#8484=CARTESIAN_POINT('Ctrl Pts',(-5.1600736497712,30.4993907501146,-33.2831214927446));
#8485=CARTESIAN_POINT('Ctrl Pts',(-7.65164154498767,30.3329271667431,-32.8840374375543));
#8486=CARTESIAN_POINT('Ctrl Pts',(-10.0347949331004,30.1664635833715,-33.7146025212482));
#8487=CARTESIAN_POINT('Ctrl Pts',(-11.1701625773944,30.0554878611238,-34.9553547711123));
#8488=CARTESIAN_POINT('Ctrl Pts',(-11.5571654944102,30.,-35.6735393296807));
#8489=CARTESIAN_POINT('Ctrl Pts',(-11.5571654944102,30.,-35.6735393296807));
#8490=CARTESIAN_POINT('Ctrl Pts',(-11.4667511074307,30.,-35.5767626483469));
#8491=CARTESIAN_POINT('Ctrl Pts',(-11.3724792216526,30.,-35.484003438276));
#8492=CARTESIAN_POINT('Ctrl Pts',(-11.2745998745847,30.,-35.3954780858029));
#8493=CARTESIAN_POINT('Ctrl Pts',(-11.1775243374051,30.,-35.3076797258551));
#8494=CARTESIAN_POINT('Ctrl Pts',(-11.0768994796684,30.,-35.2240458773687));
#8495=CARTESIAN_POINT('Ctrl Pts',(-10.9729655376103,30.,-35.1448384360876));
#8496=CARTESIAN_POINT('Ctrl Pts',(-10.8677361454888,30.,-35.0646437399906));
#8497=CARTESIAN_POINT('Ctrl Pts',(-10.7591137676068,30.,-34.9889862750654));
#8498=CARTESIAN_POINT('Ctrl Pts',(-10.647357221514,30.,-34.9181926749919));
#8499=CARTESIAN_POINT('Ctrl Pts',(-10.5413815688008,30.,-34.8510610550733));
#8500=CARTESIAN_POINT('Ctrl Pts',(-10.4325870396609,30.,-34.7883035419214));
#8501=CARTESIAN_POINT('Ctrl Pts',(-10.3212131508175,30.,-34.7302451062497));
#8502=CARTESIAN_POINT('Ctrl Pts',(-10.2812744901368,30.,-34.7094253594847));
#8503=CARTESIAN_POINT('Ctrl Pts',(-10.2410043618881,30.,-34.6892103069058));
#8504=CARTESIAN_POINT('Ctrl Pts',(-10.2004146484613,30.,-34.6696163399759));
#8505=CARTESIAN_POINT('Ctrl Pts',(-10.1738938105863,30.,-34.6568138741192));
#8506=CARTESIAN_POINT('Ctrl Pts',(-10.1472365464668,30.,-34.6442765747856));
#8507=CARTESIAN_POINT('Ctrl Pts',(-10.1204462924713,30.,-34.6320091828531));
#8508=CARTESIAN_POINT('Ctrl Pts',(-10.1018145746883,30.,-34.6234776256511));
#8509=CARTESIAN_POINT('Ctrl Pts',(-10.0831262433396,30.,-34.6150801642255));
#8510=CARTESIAN_POINT('Ctrl Pts',(-10.0643854582408,30.,-34.6068192969016));
#8511=CARTESIAN_POINT('Ctrl Pts',(-9.95454408999444,30.,-34.5584016364368));
#8512=CARTESIAN_POINT('Ctrl Pts',(-9.84286471816149,30.,-34.5146564886078));
#8513=CARTESIAN_POINT('Ctrl Pts',(-9.72956483117292,30.,-34.4758268319814));
#8514=CARTESIAN_POINT('Ctrl Pts',(-9.67585861529837,30.,-34.4574208655101));
#8515=CARTESIAN_POINT('Ctrl Pts',(-9.62178853194925,30.,-34.440120078361));
#8516=CARTESIAN_POINT('Ctrl Pts',(-9.5673794658523,30.,-34.4239540940859));
#8517=CARTESIAN_POINT('Ctrl Pts',(-9.45435059274893,30.,-34.3903710330945));
#8518=CARTESIAN_POINT('Ctrl Pts',(-9.33985638683551,30.,-34.3616830366931));
#8519=CARTESIAN_POINT('Ctrl Pts',(-9.22424096921131,30.,-34.338042271698));
#8520=CARTESIAN_POINT('Ctrl Pts',(-9.16271226324134,30.,-34.3254610285716));
#8521=CARTESIAN_POINT('Ctrl Pts',(-9.1008665936191,30.,-34.3143098951621));
#8522=CARTESIAN_POINT('Ctrl Pts',(-9.03876048181923,30.,-34.3046157984021));
#8523=CARTESIAN_POINT('Ctrl Pts',(-8.99245705609882,30.,-34.297388331149));
#8524=CARTESIAN_POINT('Ctrl Pts',(-8.94600893027576,30.,-34.2909708152505));
#8525=CARTESIAN_POINT('Ctrl Pts',(-8.89944090035678,30.,-34.2853753026515));
#8526=CARTESIAN_POINT('Ctrl Pts',(-8.87912102418674,30.,-34.2829337107843));
#8527=CARTESIAN_POINT('Ctrl Pts',(-8.85878687634383,30.,-34.2806496780144));
#8528=CARTESIAN_POINT('Ctrl Pts',(-8.83844329110223,30.,-34.2785240852489));
#8529=CARTESIAN_POINT('Ctrl Pts',(-8.72826197788831,30.,-34.2670118272331));
#8530=CARTESIAN_POINT('Ctrl Pts',(-8.61777169418052,30.,-34.260140598178));
#8531=CARTESIAN_POINT('Ctrl Pts',(-8.50726940375548,30.,-34.2580138802165));
#8532=CARTESIAN_POINT('Ctrl Pts',(-8.39839425722687,30.,-34.2559184781321));
#8533=CARTESIAN_POINT('Ctrl Pts',(-8.28950687753278,30.,-34.2584293963516));
#8534=CARTESIAN_POINT('Ctrl Pts',(-8.18092996742967,30.,-34.2656774103979));
#8535=CARTESIAN_POINT('Ctrl Pts',(-8.07483748486065,30.,-34.2727595773443));
#8536=CARTESIAN_POINT('Ctrl Pts',(-7.96904104208271,30.,-34.2843650941807));
#8537=CARTESIAN_POINT('Ctrl Pts',(-7.86388580773777,30.,-34.3006386894954));
#8538=CARTESIAN_POINT('Ctrl Pts',(-7.81832797400397,30.,-34.3076891207385));
#8539=CARTESIAN_POINT('Ctrl Pts',(-7.77289109758718,30.,-34.3156159944593));
#8540=CARTESIAN_POINT('Ctrl Pts',(-7.72760616544795,30.,-34.3244320288812));
#8541=CARTESIAN_POINT('Ctrl Pts',(-5.73612415229848,45.,-34.5841724268078));
#8542=CARTESIAN_POINT('Ctrl Pts',(-5.81524918289293,45.,-34.5123377961985));
#8543=CARTESIAN_POINT('Ctrl Pts',(-5.8975240912088,45.,-34.4442193143686));
#8544=CARTESIAN_POINT('Ctrl Pts',(-5.98254467429197,45.,-34.379859030209));
#8545=CARTESIAN_POINT('Ctrl Pts',(-6.0690787184986,45.,-34.3143530612701));
#8546=CARTESIAN_POINT('Ctrl Pts',(-6.15845708014735,45.,-34.252739583565));
#8547=CARTESIAN_POINT('Ctrl Pts',(-6.25030740907694,45.,-34.1950536252212));
#8548=CARTESIAN_POINT('Ctrl Pts',(-6.34373714667707,45.,-34.1363757302796));
#8549=CARTESIAN_POINT('Ctrl Pts',(-6.43972474885221,45.,-34.0817608601645));
#8550=CARTESIAN_POINT('Ctrl Pts',(-6.53793219950972,45.,-34.0312472433264));
#8551=CARTESIAN_POINT('Ctrl Pts',(-6.62140962918831,45.,-33.9883101049609));
#8552=CARTESIAN_POINT('Ctrl Pts',(-6.70649199295602,45.,-33.9483359985045));
#8553=CARTESIAN_POINT('Ctrl Pts',(-6.79299967605689,45.,-33.9113549731047));
#8554=CARTESIAN_POINT('Ctrl Pts',(-6.8381457335551,45.,-33.8920555601602));
#8555=CARTESIAN_POINT('Ctrl Pts',(-6.88368038563384,45.,-33.873571450452));
#8556=CARTESIAN_POINT('Ctrl Pts',(-6.92958060361944,45.,-33.8559080099788));
#8557=CARTESIAN_POINT('Ctrl Pts',(-6.94713863571924,45.,-33.8491512827032));
#8558=CARTESIAN_POINT('Ctrl Pts',(-6.9647501765769,45.,-33.8425146500507));
#8559=CARTESIAN_POINT('Ctrl Pts',(-6.98241399840694,45.,-33.8359984485148));
#8560=CARTESIAN_POINT('Ctrl Pts',(-7.00038411783495,45.,-33.8293692534888));
#8561=CARTESIAN_POINT('Ctrl Pts',(-7.01840053273545,45.,-33.8228676082314));
#8562=CARTESIAN_POINT('Ctrl Pts',(-7.03645744540474,45.,-33.816495047813));
#8563=CARTESIAN_POINT('Ctrl Pts',(-7.14936166435833,45.,-33.7766494235941));
#8564=CARTESIAN_POINT('Ctrl Pts',(-7.26389496975253,45.,-33.7418313922824));
#8565=CARTESIAN_POINT('Ctrl Pts',(-7.37964792263802,45.,-33.7120588212256));
#8566=CARTESIAN_POINT('Ctrl Pts',(-7.45307515299367,45.,-33.6931727593259));
#8567=CARTESIAN_POINT('Ctrl Pts',(-7.52699427533247,45.,-33.676317051318));
#8568=CARTESIAN_POINT('Ctrl Pts',(-7.60131128807987,45.,-33.6614987725983));
#8569=CARTESIAN_POINT('Ctrl Pts',(-7.72056774635118,45.,-33.6377198911221));
#8570=CARTESIAN_POINT('Ctrl Pts',(-7.84084674208944,45.,-33.6191856069896));
#8571=CARTESIAN_POINT('Ctrl Pts',(-7.96181146477831,45.,-33.6057615611033));
#8572=CARTESIAN_POINT('Ctrl Pts',(-8.03483803613559,45.,-33.597657445928));
#8573=CARTESIAN_POINT('Ctrl Pts',(-8.10811540786235,45.,-33.5914163432251));
#8574=CARTESIAN_POINT('Ctrl Pts',(-8.18157649512186,45.,-33.5870144974445));
#8575=CARTESIAN_POINT('Ctrl Pts',(-8.20780772704605,45.,-33.58544270152));
#8576=CARTESIAN_POINT('Ctrl Pts',(-8.23406242740935,45.,-33.5841054613081));
#8577=CARTESIAN_POINT('Ctrl Pts',(-8.26033768179629,45.,-33.583001844814));
#8578=CARTESIAN_POINT('Ctrl Pts',(-8.28381403515222,45.,-33.5820157881083));
#8579=CARTESIAN_POINT('Ctrl Pts',(-8.30730838224603,45.,-33.5812162697555));
#8580=CARTESIAN_POINT('Ctrl Pts',(-8.33079947891002,45.,-33.5806029531579));
#8581=CARTESIAN_POINT('Ctrl Pts',(-8.45962341186165,45.,-33.5772395573412));
#8582=CARTESIAN_POINT('Ctrl Pts',(-8.58847140904196,45.,-33.5794673250103));
#8583=CARTESIAN_POINT('Ctrl Pts',(-8.71695183486889,45.,-33.587101576762));
#8584=CARTESIAN_POINT('Ctrl Pts',(-8.84731776101502,45.,-33.5948478641334));
#8585=CARTESIAN_POINT('Ctrl Pts',(-8.97730581467798,45.,-33.6081600414351));
#8586=CARTESIAN_POINT('Ctrl Pts',(-9.10654936049662,45.,-33.6268791766751));
#8587=CARTESIAN_POINT('Ctrl Pts',(-9.23810870775046,45.,-33.6459337236372));
#8588=CARTESIAN_POINT('Ctrl Pts',(-9.36889730176253,45.,-33.6705902886089));
#8589=CARTESIAN_POINT('Ctrl Pts',(-9.49856271193431,45.,-33.7007230046224));
#8590=CARTESIAN_POINT('Ctrl Pts',(-9.56973743434909,45.,-33.7172631728526));
#8591=CARTESIAN_POINT('Ctrl Pts',(-9.64057427740149,45.,-33.7354540900241));
#8592=CARTESIAN_POINT('Ctrl Pts',(-9.71101803853358,45.,-33.7552808340341));
#8593=CARTESIAN_POINT('Ctrl Pts',(-7.19685867268788,41.6896809351616,-41.7596647628007));
#8594=CARTESIAN_POINT('Ctrl Pts',(-7.74211227315841,41.7388512620879,-41.7592237312327));
#8595=CARTESIAN_POINT('Ctrl Pts',(-8.28755495190132,41.7880215890143,-41.6384051604267));
#8596=CARTESIAN_POINT('Ctrl Pts',(-8.78132800275394,41.8371919159406,-41.4072259955364));
#8597=CARTESIAN_POINT('Ctrl Pts',(-9.33854232661767,41.8926797770644,-41.1463443175402));
#8598=CARTESIAN_POINT('Ctrl Pts',(-9.82995676902887,41.9481676381883,-40.7449213911496));
#8599=CARTESIAN_POINT('Ctrl Pts',(-10.1967877104385,42.0036554993121,-40.2509759355544));
#8600=CARTESIAN_POINT('Ctrl Pts',(-10.5636186518481,42.059143360436,-39.7570304799593));
#8601=CARTESIAN_POINT('Ctrl Pts',(-10.8058660922561,42.1146312215598,-39.1705624951596));
#8602=CARTESIAN_POINT('Ctrl Pts',(-10.8945520870049,42.1701190826837,-38.5617260253476));
#8603=CARTESIAN_POINT('Ctrl Pts',(-10.9832380817538,42.2256069438075,-37.9528895555357));
#8604=CARTESIAN_POINT('Ctrl Pts',(-10.9183626308434,42.2810948049314,-37.3216846007115));
#8605=CARTESIAN_POINT('Ctrl Pts',(-10.7076862156101,42.3365826660552,-36.7436166970844));
#8606=CARTESIAN_POINT('Ctrl Pts',(-10.4970098003767,42.3920705271791,-36.1655487934573));
#8607=CARTESIAN_POINT('Ctrl Pts',(-10.1405324208204,42.4475583883029,-35.6406179410274));
#8608=CARTESIAN_POINT('Ctrl Pts',(-9.68089635779421,42.5030462494268,-35.2316170353401));
#8609=CARTESIAN_POINT('Ctrl Pts',(-9.22126029476802,42.5585341105506,-34.8226161296528));
#8610=CARTESIAN_POINT('Ctrl Pts',(-8.65846554827197,42.6140219716745,-34.5295451707081));
#8611=CARTESIAN_POINT('Ctrl Pts',(-8.05983432940078,42.6695098327983,-34.3874616750391));
#8612=CARTESIAN_POINT('Ctrl Pts',(-7.46120311052959,42.7249976939222,-34.2453781793701));
#8613=CARTESIAN_POINT('Ctrl Pts',(-6.82673541928327,42.780485555046,-34.2542821469766));
#8614=CARTESIAN_POINT('Ctrl Pts',(-6.23232710619404,42.8359734161699,-34.4131084805322));
#8615=CARTESIAN_POINT('Ctrl Pts',(-5.63791879310481,42.8914612772937,-34.5719348140877));
#8616=CARTESIAN_POINT('Ctrl Pts',(-5.08356985817268,42.9469491384176,-34.8806835135922));
#8617=CARTESIAN_POINT('Ctrl Pts',(-4.63559217974131,43.0024369995414,-35.3024216543771));
#8618=CARTESIAN_POINT('Ctrl Pts',(-4.18761450130995,43.0579248606653,-35.724159795162));
#8619=CARTESIAN_POINT('Ctrl Pts',(-3.84600807937935,43.1134127217891,-36.2588873772274));
#8620=CARTESIAN_POINT('Ctrl Pts',(-3.65163639984396,43.168900582913,-36.8426396383449));
#8621=CARTESIAN_POINT('Ctrl Pts',(-3.45726472030858,43.2243884440368,-37.4263918994623));
#8622=CARTESIAN_POINT('Ctrl Pts',(-3.41012778316842,43.2798763051607,-38.0591688396319));
#8623=CARTESIAN_POINT('Ctrl Pts',(-3.51586397378243,43.3353641662845,-38.6652768179517));
#8624=CARTESIAN_POINT('Ctrl Pts',(-3.62160016439645,43.3908520274084,-39.2713847962715));
#8625=CARTESIAN_POINT('Ctrl Pts',(-3.88020948276464,43.4463398885322,-39.8508238127414));
#8626=CARTESIAN_POINT('Ctrl Pts',(-4.26075716414642,43.501827749656,-40.3342807661395));
#8627=CARTESIAN_POINT('Ctrl Pts',(-4.64130484552819,43.5573156107799,-40.8177377195376));
#8628=CARTESIAN_POINT('Ctrl Pts',(-5.14379088992354,43.6128034719037,-41.2052126098637));
#8629=CARTESIAN_POINT('Ctrl Pts',(-5.70810641774905,43.6682913330276,-41.4503549291836));
#8630=CARTESIAN_POINT('Ctrl Pts',(-6.17612046995156,43.7143100892945,-41.6536632639256));
#8631=CARTESIAN_POINT('Ctrl Pts',(-6.68666197806606,43.7603288455614,-41.7590726384548));
#8632=CARTESIAN_POINT('Ctrl Pts',(-7.19700580246737,43.8063476018283,-41.7595679620495));
#8633=CARTESIAN_POINT('Ctrl Pts',(-9.71078422250397,45.,-42.290746902141));
#8634=CARTESIAN_POINT('Ctrl Pts',(-9.00785329026553,44.9445121388761,-42.7048102094349));
#8635=CARTESIAN_POINT('Ctrl Pts',(-7.39411309592422,44.8335364166284,-43.1784861306013));
#8636=CARTESIAN_POINT('Ctrl Pts',(-4.92522128012752,44.6670728332569,-42.655198739112));
#8637=CARTESIAN_POINT('Ctrl Pts',(-3.00022117807632,44.5006092498853,-41.0237717360985));
#8638=CARTESIAN_POINT('Ctrl Pts',(-2.07905112323428,44.3341456665138,-38.6744219823908));
#8639=CARTESIAN_POINT('Ctrl Pts',(-2.38238720562655,44.1676820831423,-36.1692671585626));
#8640=CARTESIAN_POINT('Ctrl Pts',(-3.83752033585915,44.0012184997707,-34.1076230398336));
#8641=CARTESIAN_POINT('Ctrl Pts',(-6.09638657697579,43.8347549163992,-32.9827340801334));
#8642=CARTESIAN_POINT('Ctrl Pts',(-8.61853777685448,43.6682913330276,-33.0637161261333));
#8643=CARTESIAN_POINT('Ctrl Pts',(-10.800582950924,43.501827749656,-34.3311974162162));
#8644=CARTESIAN_POINT('Ctrl Pts',(-12.1204770139081,43.3353641662845,-36.4819412826807));
#8645=CARTESIAN_POINT('Ctrl Pts',(-12.2624485219843,43.1689005829129,-39.0013988943815));
#8646=CARTESIAN_POINT('Ctrl Pts',(-11.1925302551432,43.0024369995414,-41.2868085461444));
#8647=CARTESIAN_POINT('Ctrl Pts',(-9.16669293124874,42.8359734161698,-42.7914031702613));
#8648=CARTESIAN_POINT('Ctrl Pts',(-6.66960264749649,42.6695098327984,-43.1552196710933));
#8649=CARTESIAN_POINT('Ctrl Pts',(-4.2986697864003,42.5030462494267,-42.2912176963577));
#8650=CARTESIAN_POINT('Ctrl Pts',(-2.62112225556015,42.3365826660552,-40.4061032550267));
#8651=CARTESIAN_POINT('Ctrl Pts',(-2.0383008188613,42.1701190826837,-37.950875912541));
#8652=CARTESIAN_POINT('Ctrl Pts',(-2.68964113538709,42.0036554993121,-35.51293048051));
#8653=CARTESIAN_POINT('Ctrl Pts',(-4.41931490671293,41.8371919159406,-33.6755272069776));
#8654=CARTESIAN_POINT('Ctrl Pts',(-6.81351058650391,41.670728332569,-32.878251109504));
#8655=CARTESIAN_POINT('Ctrl Pts',(-9.29943473900993,41.5042647491975,-33.3118445428584));
#8656=CARTESIAN_POINT('Ctrl Pts',(-11.2823485505567,41.337801165826,-34.8725735158776));
#8657=CARTESIAN_POINT('Ctrl Pts',(-12.2878547258009,41.1713375824544,-37.1870452689182));
#8658=CARTESIAN_POINT('Ctrl Pts',(-12.0753933498333,41.0048739990828,-39.7015397174607));
#8659=CARTESIAN_POINT('Ctrl Pts',(-10.6957943637395,40.8384104157113,-41.8144828211076));
#8660=CARTESIAN_POINT('Ctrl Pts',(-8.47911622674738,40.6719468323397,-43.0203687415088));
#8661=CARTESIAN_POINT('Ctrl Pts',(-5.95568326835826,40.5054832489682,-43.030698216219));
#8662=CARTESIAN_POINT('Ctrl Pts',(-3.72920665928286,40.3390196655966,-41.8430001160155));
#8663=CARTESIAN_POINT('Ctrl Pts',(-2.33235710361045,40.1725560822251,-39.7414220923523));
#8664=CARTESIAN_POINT('Ctrl Pts',(-2.09931455133009,40.0060924988536,-37.2287515335308));
#8665=CARTESIAN_POINT('Ctrl Pts',(-3.08584506228069,39.839628915482,-34.9061249931445));
#8666=CARTESIAN_POINT('Ctrl Pts',(-5.05590255533018,39.6731653321105,-33.3292158939399));
#8667=CARTESIAN_POINT('Ctrl Pts',(-7.53822021997812,39.5067017487389,-32.8752830021282));
#8668=CARTESIAN_POINT('Ctrl Pts',(-9.93880692825856,39.3402381653674,-33.6529368186526));
#8669=CARTESIAN_POINT('Ctrl Pts',(-11.6835824844552,39.1737745819958,-35.4761074994771));
#8670=CARTESIAN_POINT('Ctrl Pts',(-12.3546127254926,39.0073109986243,-37.9086612933497));
#8671=CARTESIAN_POINT('Ctrl Pts',(-11.7924308074654,38.8408474152527,-40.3685306168078));
#8672=CARTESIAN_POINT('Ctrl Pts',(-10.1292791487751,38.6743838318812,-42.2674146584808));
#8673=CARTESIAN_POINT('Ctrl Pts',(-7.76779945295923,38.5079202485096,-43.150589175082));
#8674=CARTESIAN_POINT('Ctrl Pts',(-5.26298050527058,38.3414566651381,-42.8076649668547));
#8675=CARTESIAN_POINT('Ctrl Pts',(-3.23507586097228,38.1749930817665,-41.3187914330577));
#8676=CARTESIAN_POINT('Ctrl Pts',(-1.75606876100809,37.9530416372711,-38.2854170983691));
#8677=CARTESIAN_POINT('Ctrl Pts',(-3.07635188608225,37.6756023316519,-33.8849254099214));
#8678=CARTESIAN_POINT('Ctrl Pts',(-8.40607085671351,37.3426751649087,-32.3098246440744));
#8679=CARTESIAN_POINT('Ctrl Pts',(-11.9063043685459,37.0652358592895,-35.2857009844315));
#8680=CARTESIAN_POINT('Ctrl Pts',(-12.3137984940786,36.8432844147941,-38.6357413414643));
#8681=CARTESIAN_POINT('Ctrl Pts',(-11.4210033357569,36.6768208314226,-40.9877741752669));
#8682=CARTESIAN_POINT('Ctrl Pts',(-9.50498563723998,36.510357248051,-42.6371956351304));
#8683=CARTESIAN_POINT('Ctrl Pts',(-7.04278879604501,36.3438936646795,-43.179570317185));
#8684=CARTESIAN_POINT('Ctrl Pts',(-4.61460905121572,36.1774300813079,-42.4898042914015));
#8685=CARTESIAN_POINT('Ctrl Pts',(-2.80558704659265,36.0109664979364,-40.7307008310455));
#8686=CARTESIAN_POINT('Ctrl Pts',(-2.04651351180902,35.8445029145648,-38.3241666191005));
#8687=CARTESIAN_POINT('Ctrl Pts',(-2.51994388297905,35.6780393311933,-35.8454458287385));
#8688=CARTESIAN_POINT('Ctrl Pts',(-4.11216058668392,35.5115757478218,-33.887792138534));
#8689=CARTESIAN_POINT('Ctrl Pts',(-6.44245294349388,35.3451121644502,-32.9194463375493));
#8690=CARTESIAN_POINT('Ctrl Pts',(-8.95321356728625,35.1786485810786,-33.1721317607308));
#8691=CARTESIAN_POINT('Ctrl Pts',(-11.0438103647823,35.0121849977071,-34.5853697185576));
#8692=CARTESIAN_POINT('Ctrl Pts',(-12.2140605342153,34.8457214143355,-36.8210657420106));
#8693=CARTESIAN_POINT('Ctrl Pts',(-12.1840014494093,34.679257830964,-39.3443404639046));
#8694=CARTESIAN_POINT('Ctrl Pts',(-10.9608192971875,34.5127942475924,-41.5515219903014));
#8695=CARTESIAN_POINT('Ctrl Pts',(-8.8371537607029,34.3463306642209,-42.9145573099797));
#8696=CARTESIAN_POINT('Ctrl Pts',(-6.32107478695135,34.1798670808493,-43.1073510180471));
#8697=CARTESIAN_POINT('Ctrl Pts',(-4.0145360504322,34.0134034974778,-42.0837783637491));
#8698=CARTESIAN_POINT('Ctrl Pts',(-2.46935946001936,33.8469399141063,-40.0887216045313));
#8699=CARTESIAN_POINT('Ctrl Pts',(-2.05521710788952,33.6804763307347,-37.5994831113192));
#8700=CARTESIAN_POINT('Ctrl Pts',(-2.87118940011665,33.5140127473632,-35.2115946444898));
#8701=CARTESIAN_POINT('Ctrl Pts',(-4.72206108532962,33.3475491639916,-33.4963406803884));
#8702=CARTESIAN_POINT('Ctrl Pts',(-7.16502491476812,33.1810855806201,-32.8640829335957));
#8703=CARTESIAN_POINT('Ctrl Pts',(-9.61562003455795,33.0146219972485,-33.4660843472723));
#8704=CARTESIAN_POINT('Ctrl Pts',(-11.4875598506526,32.848158413877,-35.1583205782022));
#8705=CARTESIAN_POINT('Ctrl Pts',(-12.3329967384827,32.6816948305054,-37.5359367394737));
#8706=CARTESIAN_POINT('Ctrl Pts',(-11.9496662285669,32.5152312471339,-40.0301059114789));
#8707=CARTESIAN_POINT('Ctrl Pts',(-10.4292772930073,32.3487676637623,-42.0441167393882));
#8708=CARTESIAN_POINT('Ctrl Pts',(-8.13557161744463,32.1823040803908,-43.0961321617438));
#8709=CARTESIAN_POINT('Ctrl Pts',(-5.61730120174903,32.0158404970192,-42.9344653508275));
#8710=CARTESIAN_POINT('Ctrl Pts',(-3.47694336497273,31.8493769136477,-41.5977938646534));
#8711=CARTESIAN_POINT('Ctrl Pts',(-2.22656291198052,31.6829133302761,-39.4059064203215));
#8712=CARTESIAN_POINT('Ctrl Pts',(-2.16530367717329,31.5164497469046,-36.8831956401827));
#8713=CARTESIAN_POINT('Ctrl Pts',(-3.30782222320283,31.349986163533,-34.6332014316915));
#8714=CARTESIAN_POINT('Ctrl Pts',(-5.38077794266185,31.1835225801615,-33.1942177271978));
#8715=CARTESIAN_POINT('Ctrl Pts',(-7.88823496347551,31.0170589967899,-32.9105114509873));
#8716=CARTESIAN_POINT('Ctrl Pts',(-10.2302959463468,30.8505954134184,-33.849955498995));
#8717=CARTESIAN_POINT('Ctrl Pts',(-11.8466549339714,30.6841318300468,-35.7877984983208));
#8718=CARTESIAN_POINT('Ctrl Pts',(-12.3505792882095,30.5176682466753,-38.2604183931281));
#8719=CARTESIAN_POINT('Ctrl Pts',(-11.6215737404862,30.3512046633037,-40.6762752559449));
#8720=CARTESIAN_POINT('Ctrl Pts',(-9.833911309988,30.1847410799322,-42.4573596362509));
#8721=CARTESIAN_POINT('Ctrl Pts',(-7.41556663074244,30.0182774965607,-43.177629357552));
#8722=CARTESIAN_POINT('Ctrl Pts',(-4.94452181152416,29.8518139131891,-42.6646049978828));
#8723=CARTESIAN_POINT('Ctrl Pts',(-3.65719156427085,29.7408381909414,-41.5823355639467));
#8724=CARTESIAN_POINT('Ctrl Pts',(-3.17992588352059,29.6853503298176,-40.9206877815709));
#8725=CARTESIAN_POINT('Ctrl Pts',(-9.50494837508159,45.1048832233941,-41.9413114859426));
#8726=CARTESIAN_POINT('Ctrl Pts',(-8.8595736678931,45.0493953622703,-42.3214711480753));
#8727=CARTESIAN_POINT('Ctrl Pts',(-7.37796707237051,44.9384196400226,-42.7563623228761));
#8728=CARTESIAN_POINT('Ctrl Pts',(-5.11122896251682,44.771956056651,-42.2759218819036));
#8729=CARTESIAN_POINT('Ctrl Pts',(-3.34384852694126,44.6054924732795,-40.7780766796497));
#8730=CARTESIAN_POINT('Ctrl Pts',(-2.49810419111962,44.4390288899079,-38.621092486972));
#8731=CARTESIAN_POINT('Ctrl Pts',(-2.77660301138096,44.2725653065364,-36.3210605965821));
#8732=CARTESIAN_POINT('Ctrl Pts',(-4.11258934342871,44.1061017231649,-34.4282246031302));
#8733=CARTESIAN_POINT('Ctrl Pts',(-6.18649884446076,43.9396381397933,-33.3954419360277));
#8734=CARTESIAN_POINT('Ctrl Pts',(-8.50213544181947,43.7731745564218,-33.4697931444149));
#8735=CARTESIAN_POINT('Ctrl Pts',(-10.5055140110379,43.6067109730502,-34.6334926331389));
#8736=CARTESIAN_POINT('Ctrl Pts',(-11.7173346968989,43.4402473896787,-36.6081328565202));
#8737=CARTESIAN_POINT('Ctrl Pts',(-11.8476815293566,43.2737838063071,-38.921296417622));
#8738=CARTESIAN_POINT('Ctrl Pts',(-10.8653685359885,43.1073202229356,-41.0195759457618));
#8739=CARTESIAN_POINT('Ctrl Pts',(-9.00540746476846,42.940856639564,-42.4009738476648));
#8740=CARTESIAN_POINT('Ctrl Pts',(-6.71277978715591,42.7743930561925,-42.7350009290269));
#8741=CARTESIAN_POINT('Ctrl Pts',(-4.53597971930162,42.6079294728209,-41.941743731368));
#8742=CARTESIAN_POINT('Ctrl Pts',(-2.99579035380718,42.4414658894494,-40.2109831049767));
#8743=CARTESIAN_POINT('Ctrl Pts',(-2.46069053560043,42.2750023060778,-37.9567906166877));
#8744=CARTESIAN_POINT('Ctrl Pts',(-3.05869888432863,42.1085387227063,-35.718464990117));
#8745=CARTESIAN_POINT('Ctrl Pts',(-4.64674637591685,41.9420751393347,-34.0315089247935));
#8746=CARTESIAN_POINT('Ctrl Pts',(-6.84490449491811,41.7756115559632,-33.2995140667541));
#8747=CARTESIAN_POINT('Ctrl Pts',(-9.12728032792833,41.6091479725916,-33.6976047215483));
#8748=CARTESIAN_POINT('Ctrl Pts',(-10.9478324786664,41.4426843892201,-35.1305406726742));
#8749=CARTESIAN_POINT('Ctrl Pts',(-11.8710074645188,41.2762208058485,-37.2555026873034));
#8750=CARTESIAN_POINT('Ctrl Pts',(-11.6759424986518,41.109757222477,-39.564109470743));
#8751=CARTESIAN_POINT('Ctrl Pts',(-10.4093055491971,40.9432936391055,-41.5040440706897));
#8752=CARTESIAN_POINT('Ctrl Pts',(-8.37412977590062,40.7768300557339,-42.6111916396596));
#8753=CARTESIAN_POINT('Ctrl Pts',(-6.05731637085652,40.6103664723623,-42.6206753334492));
#8754=CARTESIAN_POINT('Ctrl Pts',(-4.0131444277208,40.4439028889908,-41.530226359741));
#8755=CARTESIAN_POINT('Ctrl Pts',(-2.73066939122225,40.2774393056193,-39.6007262631435));
#8756=CARTESIAN_POINT('Ctrl Pts',(-2.51670844279528,40.1109757222477,-37.293794028711));
#8757=CARTESIAN_POINT('Ctrl Pts',(-3.42246149823384,39.9445121388761,-35.1613449435119));
#8758=CARTESIAN_POINT('Ctrl Pts',(-5.23121001022852,39.7780485555046,-33.7135537004644));
#8759=CARTESIAN_POINT('Ctrl Pts',(-7.51027465583948,39.611584972133,-33.296788989025));
#8760=CARTESIAN_POINT('Ctrl Pts',(-9.71430050373252,39.4451213887615,-34.0107682451878));
#8761=CARTESIAN_POINT('Ctrl Pts',(-11.3162132408833,39.2786578053899,-35.6846570873602));
#8762=CARTESIAN_POINT('Ctrl Pts',(-11.9322992963725,39.1121942220184,-37.9180325449482));
#8763=CARTESIAN_POINT('Ctrl Pts',(-11.4161490259924,38.9457306386469,-40.1764869272205));
#8764=CARTESIAN_POINT('Ctrl Pts',(-9.88917679371444,38.7792670552753,-41.9198896943702));
#8765=CARTESIAN_POINT('Ctrl Pts',(-7.72105586273547,38.6128034719038,-42.7307495796121));
#8766=CARTESIAN_POINT('Ctrl Pts',(-5.42133234683191,38.4463398885322,-42.4159041227935));
#8767=CARTESIAN_POINT('Ctrl Pts',(-3.5594732281095,38.2798763051607,-41.0489400629604));
#8768=CARTESIAN_POINT('Ctrl Pts',(-2.20156773513383,38.0579248606652,-38.2639394558471));
#8769=CARTESIAN_POINT('Ctrl Pts',(-3.41374562654807,37.7804855550461,-34.2237615312911));
#8770=CARTESIAN_POINT('Ctrl Pts',(-8.3070653857379,37.4475583883029,-32.7776305546476));
#8771=CARTESIAN_POINT('Ctrl Pts',(-11.5206985809604,37.1701190826837,-35.5098411228627));
#8772=CARTESIAN_POINT('Ctrl Pts',(-11.8948269481803,36.9481676381883,-38.5855790301488));
#8773=CARTESIAN_POINT('Ctrl Pts',(-11.0751341626511,36.7817040548167,-40.7450266114058));
#8774=CARTESIAN_POINT('Ctrl Pts',(-9.31600064833751,36.6152404714452,-42.2593928782309));
#8775=CARTESIAN_POINT('Ctrl Pts',(-7.05540932627627,36.4487768880736,-42.7573577358916));
#8776=CARTESIAN_POINT('Ctrl Pts',(-4.82604976910052,36.2823133047021,-42.1240699881168));
#8777=CARTESIAN_POINT('Ctrl Pts',(-3.16515110468506,36.1158497213306,-40.5090025204976));
#8778=CARTESIAN_POINT('Ctrl Pts',(-2.46823077044183,35.949386137959,-38.2995161525734));
#8779=CARTESIAN_POINT('Ctrl Pts',(-2.90289650096392,35.7829225545875,-36.0237538679521));
#8780=CARTESIAN_POINT('Ctrl Pts',(-4.36474195662184,35.6164589712159,-34.2263935311849));
#8781=CARTESIAN_POINT('Ctrl Pts',(-6.50422917857506,35.4499953878443,-33.3373362154432));
#8782=CARTESIAN_POINT('Ctrl Pts',(-8.80940786411161,35.2835318044728,-33.5693316697864));
#8783=CARTESIAN_POINT('Ctrl Pts',(-10.7288258810948,35.1170682211013,-34.8668532204681));
#8784=CARTESIAN_POINT('Ctrl Pts',(-11.803255566569,34.9506046377297,-36.9194896891802));
#8785=CARTESIAN_POINT('Ctrl Pts',(-11.7756577299036,34.7841410543582,-39.2361578141875));
#8786=CARTESIAN_POINT('Ctrl Pts',(-10.6526301504876,34.6176774709866,-41.262614562611));
#8787=CARTESIAN_POINT('Ctrl Pts',(-8.70285107416987,34.4512138876151,-42.514044084319));
#8788=CARTESIAN_POINT('Ctrl Pts',(-6.39278950698704,34.2847503042435,-42.6910517776575));
#8789=CARTESIAN_POINT('Ctrl Pts',(-4.27511095077433,34.1182867208719,-41.7512896022328));
#8790=CARTESIAN_POINT('Ctrl Pts',(-2.85645394784999,33.9518231375004,-39.9195887725304));
#8791=CARTESIAN_POINT('Ctrl Pts',(-2.47622171309967,33.7853595541288,-37.6341699781642));
#8792=CARTESIAN_POINT('Ctrl Pts',(-3.22538191507435,33.6188959707573,-35.441802635371));
#8793=CARTESIAN_POINT('Ctrl Pts',(-4.92470359392545,33.4524323873858,-33.8669942522618));
#8794=CARTESIAN_POINT('Ctrl Pts',(-7.16763670980821,33.2859688040142,-33.286505985933));
#8795=CARTESIAN_POINT('Ctrl Pts',(-9.41757626337936,33.1195052206427,-33.8392153180453));
#8796=CARTESIAN_POINT('Ctrl Pts',(-11.1362410073527,32.9530416372711,-35.3928906678443));
#8797=CARTESIAN_POINT('Ctrl Pts',(-11.9124532337691,32.7865780538996,-37.5758268049708));
#8798=CARTESIAN_POINT('Ctrl Pts',(-11.5605099570583,32.620114470528,-39.8657725524647));
#8799=CARTESIAN_POINT('Ctrl Pts',(-10.1646109873334,32.4536508871565,-41.7148754852341));
#8800=CARTESIAN_POINT('Ctrl Pts',(-8.05871471665873,32.2871873037849,-42.6807515251438));
#8801=CARTESIAN_POINT('Ctrl Pts',(-5.74664114354743,32.1207237204134,-42.5323220479761));
#8802=CARTESIAN_POINT('Ctrl Pts',(-3.78153653819265,31.9542601370418,-41.3050976800716));
#8803=CARTESIAN_POINT('Ctrl Pts',(-2.63353766417193,31.7877965536703,-39.2926827290448));
#8804=CARTESIAN_POINT('Ctrl Pts',(-2.57729435645405,31.6213329702987,-36.976532370049));
#8805=CARTESIAN_POINT('Ctrl Pts',(-3.62626309333006,31.4548693869272,-34.9107684565779));
#8806=CARTESIAN_POINT('Ctrl Pts',(-5.52948448977697,31.2884058035556,-33.5896092297684));
#8807=CARTESIAN_POINT('Ctrl Pts',(-7.83163007247614,31.1219422201841,-33.3291329204476));
#8808=CARTESIAN_POINT('Ctrl Pts',(-9.98192230136528,30.9554786368126,-34.1916549686269));
#8809=CARTESIAN_POINT('Ctrl Pts',(-11.4659332624818,30.789015053441,-35.9708267206575));
#8810=CARTESIAN_POINT('Ctrl Pts',(-11.9285961183131,30.6225514700695,-38.2409876531379));
#8811=CARTESIAN_POINT('Ctrl Pts',(-11.25928179407,30.4560878866979,-40.4590333300932));
#8812=CARTESIAN_POINT('Ctrl Pts',(-9.6179937745477,30.2896243033263,-42.094281912422));
#8813=CARTESIAN_POINT('Ctrl Pts',(-7.39766398442326,30.1231607199548,-42.755575702697));
#8814=CARTESIAN_POINT('Ctrl Pts',(-5.12894915980423,29.9566971365832,-42.2845579529904));
#8815=CARTESIAN_POINT('Ctrl Pts',(-3.94702595330892,29.8457214143356,-41.2909051103116));
#8816=CARTESIAN_POINT('Ctrl Pts',(-3.50883894966624,29.7902335532117,-40.6834332745611));
#8817=CARTESIAN_POINT('Ctrl Pts',(-9.29911252765921,45.2097664467883,-41.5918760697443));
#8818=CARTESIAN_POINT('Ctrl Pts',(-8.71129404552067,45.1542785856644,-41.9381320867156));
#8819=CARTESIAN_POINT('Ctrl Pts',(-7.36182104881679,45.0433028634168,-42.3342385151509));
#8820=CARTESIAN_POINT('Ctrl Pts',(-5.29723664490611,44.8768392800451,-41.8966450246952));
#8821=CARTESIAN_POINT('Ctrl Pts',(-3.6874758758062,44.7103756966737,-40.5323816232008));
#8822=CARTESIAN_POINT('Ctrl Pts',(-2.91715725900495,44.5439121133021,-38.5677629915532));
#8823=CARTESIAN_POINT('Ctrl Pts',(-3.17081881713538,44.3774485299306,-36.4728540346016));
#8824=CARTESIAN_POINT('Ctrl Pts',(-4.38765835099827,44.210984946559,-34.7488261664268));
#8825=CARTESIAN_POINT('Ctrl Pts',(-6.27661111194572,44.0445213631875,-33.808149791922));
#8826=CARTESIAN_POINT('Ctrl Pts',(-8.38573310678445,43.8780577798159,-33.8758701626966));
#8827=CARTESIAN_POINT('Ctrl Pts',(-10.2104450711517,43.7115941964443,-34.9357878500616));
#8828=CARTESIAN_POINT('Ctrl Pts',(-11.3141923798898,43.5451306130728,-36.7343244303598));
#8829=CARTESIAN_POINT('Ctrl Pts',(-11.4329145367289,43.3786670297012,-38.8411939408624));
#8830=CARTESIAN_POINT('Ctrl Pts',(-10.5382068168338,43.2122034463297,-40.7523433453794));
#8831=CARTESIAN_POINT('Ctrl Pts',(-8.84412199828816,43.0457398629582,-42.0105445250682));
#8832=CARTESIAN_POINT('Ctrl Pts',(-6.75595692681533,42.8792762795866,-42.3147821869605));
#8833=CARTESIAN_POINT('Ctrl Pts',(-4.77328965220294,42.7128126962151,-41.5922697663782));
#8834=CARTESIAN_POINT('Ctrl Pts',(-3.37045845205421,42.5463491128435,-40.0158629549268));
#8835=CARTESIAN_POINT('Ctrl Pts',(-2.88308025233956,42.3798855294719,-37.9627053208344));
#8836=CARTESIAN_POINT('Ctrl Pts',(-3.42775663327017,42.2134219461004,-35.9239994997241));
#8837=CARTESIAN_POINT('Ctrl Pts',(-4.87417784512078,42.0469583627289,-34.3874906426095));
#8838=CARTESIAN_POINT('Ctrl Pts',(-6.87629840333231,41.8804947793573,-33.7207770240041));
#8839=CARTESIAN_POINT('Ctrl Pts',(-8.95512591684674,41.7140311959858,-34.0833649002383));
#8840=CARTESIAN_POINT('Ctrl Pts',(-10.6133164067762,41.5475676126142,-35.3885078294708));
#8841=CARTESIAN_POINT('Ctrl Pts',(-11.4541602032367,41.3811040292427,-37.3239601056886));
#8842=CARTESIAN_POINT('Ctrl Pts',(-11.2764916474703,41.2146404458711,-39.4266792240254));
#8843=CARTESIAN_POINT('Ctrl Pts',(-10.1228167346548,41.0481768624996,-41.1936053202717));
#8844=CARTESIAN_POINT('Ctrl Pts',(-8.26914332505386,40.881713279128,-42.2020145378105));
#8845=CARTESIAN_POINT('Ctrl Pts',(-6.15894947335478,40.7152496957565,-42.2106524506794));
#8846=CARTESIAN_POINT('Ctrl Pts',(-4.29708219615875,40.5487861123849,-41.2174526034664));
#8847=CARTESIAN_POINT('Ctrl Pts',(-3.12898167883406,40.3823225290134,-39.4600304339348));
#8848=CARTESIAN_POINT('Ctrl Pts',(-2.93410233426046,40.2158589456418,-37.3588365238912));
#8849=CARTESIAN_POINT('Ctrl Pts',(-3.75907793418701,40.0493953622703,-35.4165648938792));
#8850=CARTESIAN_POINT('Ctrl Pts',(-5.40651746512686,39.8829317788987,-34.0978915069889));
#8851=CARTESIAN_POINT('Ctrl Pts',(-7.48232909170084,39.7164681955272,-33.7182949759217));
#8852=CARTESIAN_POINT('Ctrl Pts',(-9.48979407920646,39.5500046121557,-34.368599671723));
#8853=CARTESIAN_POINT('Ctrl Pts',(-10.9488439973114,39.3835410287841,-35.8932066752432));
#8854=CARTESIAN_POINT('Ctrl Pts',(-11.5099858672524,39.2170774454125,-37.9274037965466));
#8855=CARTESIAN_POINT('Ctrl Pts',(-11.0398672445193,39.050613862041,-39.9844432376333));
#8856=CARTESIAN_POINT('Ctrl Pts',(-9.64907443865379,38.8841502786695,-41.5723647302596));
#8857=CARTESIAN_POINT('Ctrl Pts',(-7.67431227251171,38.7176866952979,-42.3109099841422));
#8858=CARTESIAN_POINT('Ctrl Pts',(-5.57968418839326,38.5512231119264,-42.0241432787323));
#8859=CARTESIAN_POINT('Ctrl Pts',(-3.88387059524672,38.3847595285548,-40.7790886928631));
#8860=CARTESIAN_POINT('Ctrl Pts',(-2.64706670925956,38.1628080840594,-38.2424618133252));
#8861=CARTESIAN_POINT('Ctrl Pts',(-3.75113936701389,37.8853687784401,-34.5625976526609));
#8862=CARTESIAN_POINT('Ctrl Pts',(-8.20805991476229,37.5524416116971,-33.245436465221));
#8863=CARTESIAN_POINT('Ctrl Pts',(-11.135092793375,37.2750023060778,-35.7339812612939));
#8864=CARTESIAN_POINT('Ctrl Pts',(-11.475855402282,37.0530508615824,-38.5354167188332));
#8865=CARTESIAN_POINT('Ctrl Pts',(-10.7292649895453,36.8865872782109,-40.5022790475447));
#8866=CARTESIAN_POINT('Ctrl Pts',(-9.12701565943503,36.7201236948393,-41.8815901213314));
#8867=CARTESIAN_POINT('Ctrl Pts',(-7.06802985650754,36.5536601114678,-42.3351451545982));
#8868=CARTESIAN_POINT('Ctrl Pts',(-5.03749048698533,36.3871965280962,-41.758335684832));
#8869=CARTESIAN_POINT('Ctrl Pts',(-3.52471516277746,36.2207329447247,-40.2873042099497));
#8870=CARTESIAN_POINT('Ctrl Pts',(-2.88994802907464,36.0542693613531,-38.2748656860463));
#8871=CARTESIAN_POINT('Ctrl Pts',(-3.28584911894879,35.8878057779816,-36.2020619071657));
#8872=CARTESIAN_POINT('Ctrl Pts',(-4.61732332655976,35.7213421946101,-34.5649949238358));
#8873=CARTESIAN_POINT('Ctrl Pts',(-6.56600541365624,35.5548786112385,-33.7552260933371));
#8874=CARTESIAN_POINT('Ctrl Pts',(-8.66560216093696,35.3884150278669,-33.966531578842));
#8875=CARTESIAN_POINT('Ctrl Pts',(-10.4138413974072,35.2219514444954,-35.1483367223786));
#8876=CARTESIAN_POINT('Ctrl Pts',(-11.3924505989228,35.0554878611238,-37.0179136363498));
#8877=CARTESIAN_POINT('Ctrl Pts',(-11.3673140103978,34.8890242777523,-39.1279751644704));
#8878=CARTESIAN_POINT('Ctrl Pts',(-10.3444410037877,34.7225606943807,-40.9737071349206));
#8879=CARTESIAN_POINT('Ctrl Pts',(-8.56854838763684,34.5560971110092,-42.1135308586584));
#8880=CARTESIAN_POINT('Ctrl Pts',(-6.46450422702272,34.3896335276376,-42.2747525372679));
#8881=CARTESIAN_POINT('Ctrl Pts',(-4.53568585111645,34.2231699442661,-41.4188008407165));
#8882=CARTESIAN_POINT('Ctrl Pts',(-3.24354843568062,34.0567063608946,-39.7504559405296));
#8883=CARTESIAN_POINT('Ctrl Pts',(-2.89722631830981,33.890242777523,-37.6688568450093));
#8884=CARTESIAN_POINT('Ctrl Pts',(-3.57957443003206,33.7237791941515,-35.6720106262521));
#8885=CARTESIAN_POINT('Ctrl Pts',(-5.12734610252126,33.5573156107799,-34.2376478241352));
#8886=CARTESIAN_POINT('Ctrl Pts',(-7.17024850484831,33.3908520274084,-33.7089290382702));
#8887=CARTESIAN_POINT('Ctrl Pts',(-9.21953249220075,33.2243884440368,-34.2123462888183));
#8888=CARTESIAN_POINT('Ctrl Pts',(-10.7849221640529,33.0579248606653,-35.6274607574865));
#8889=CARTESIAN_POINT('Ctrl Pts',(-11.4919097290554,32.8914612772937,-37.6157168704678));
#8890=CARTESIAN_POINT('Ctrl Pts',(-11.1713536855498,32.7249976939222,-39.7014391934505));
#8891=CARTESIAN_POINT('Ctrl Pts',(-9.89994468165959,32.5585341105506,-41.38563423108));
#8892=CARTESIAN_POINT('Ctrl Pts',(-7.98185781587283,32.3920705271791,-42.2653708885438));
#8893=CARTESIAN_POINT('Ctrl Pts',(-5.87598108534583,32.2256069438075,-42.1301787451246));
#8894=CARTESIAN_POINT('Ctrl Pts',(-4.08612971141257,32.059143360436,-41.0124014954898));
#8895=CARTESIAN_POINT('Ctrl Pts',(-3.04051241636335,31.8926797770644,-39.1794590377681));
#8896=CARTESIAN_POINT('Ctrl Pts',(-2.98928503573481,31.7262161936929,-37.0698690999153));
#8897=CARTESIAN_POINT('Ctrl Pts',(-3.94470396345729,31.5597526103213,-35.1883354814642));
#8898=CARTESIAN_POINT('Ctrl Pts',(-5.67819103689209,31.3932890269498,-33.9850007323389));
#8899=CARTESIAN_POINT('Ctrl Pts',(-7.77502518147677,31.2268254435782,-33.7477543899078));
#8900=CARTESIAN_POINT('Ctrl Pts',(-9.7335486563838,31.0603618602067,-34.5333544382588));
#8901=CARTESIAN_POINT('Ctrl Pts',(-11.0852115909923,30.8938982768351,-36.1538549429942));
#8902=CARTESIAN_POINT('Ctrl Pts',(-11.5066129484167,30.7274346934636,-38.2215569131476));
#8903=CARTESIAN_POINT('Ctrl Pts',(-10.8969898476539,30.560971110092,-40.2417914042416));
#8904=CARTESIAN_POINT('Ctrl Pts',(-9.40207623910739,30.3945075267205,-41.7312041885932));
#8905=CARTESIAN_POINT('Ctrl Pts',(-7.37976133810409,30.2280439433489,-42.3335220478419));
#8906=CARTESIAN_POINT('Ctrl Pts',(-5.31337650808429,30.0615803599774,-41.904510908098));
#8907=CARTESIAN_POINT('Ctrl Pts',(-4.23686034234699,29.9506046377297,-40.9994746566766));
#8908=CARTESIAN_POINT('Ctrl Pts',(-3.8377520158119,29.8951167766058,-40.4461787675514));
#8909=CARTESIAN_POINT('Ctrl Pts',(-9.09327668023682,45.3146496701824,-41.242440653546));
#8910=CARTESIAN_POINT('Ctrl Pts',(-8.56301442314823,45.2591618090586,-41.554793025356));
#8911=CARTESIAN_POINT('Ctrl Pts',(-7.34567502526308,45.1481860868109,-41.9121147074256));
#8912=CARTESIAN_POINT('Ctrl Pts',(-5.4832443272954,44.9817225034393,-41.5173681674867));
#8913=CARTESIAN_POINT('Ctrl Pts',(-4.03110322467114,44.8152589200678,-40.286686566752));
#8914=CARTESIAN_POINT('Ctrl Pts',(-3.33621032689029,44.6487953366962,-38.5144334961345));
#8915=CARTESIAN_POINT('Ctrl Pts',(-3.56503462288979,44.4823317533247,-36.624647472621));
#8916=CARTESIAN_POINT('Ctrl Pts',(-4.66272735856782,44.3158681699531,-35.0694277297234));
#8917=CARTESIAN_POINT('Ctrl Pts',(-6.36672337943069,44.1494045865816,-34.2208576478162));
#8918=CARTESIAN_POINT('Ctrl Pts',(-8.26933077174943,43.9829410032101,-34.2819471809782));
#8919=CARTESIAN_POINT('Ctrl Pts',(-9.91537613126551,43.8164774198385,-35.2380830669843));
#8920=CARTESIAN_POINT('Ctrl Pts',(-10.9110500628807,43.650013836467,-36.8605160041993));
#8921=CARTESIAN_POINT('Ctrl Pts',(-11.0181475441012,43.4835502530953,-38.7610914641029));
#8922=CARTESIAN_POINT('Ctrl Pts',(-10.2110450976791,43.3170866697239,-40.4851107449968));
#8923=CARTESIAN_POINT('Ctrl Pts',(-8.68283653180788,43.1506230863523,-41.6201152024717));
#8924=CARTESIAN_POINT('Ctrl Pts',(-6.79913406647476,42.9841595029807,-41.8945634448941));
#8925=CARTESIAN_POINT('Ctrl Pts',(-5.01059958510425,42.8176959196092,-41.2427958013885));
#8926=CARTESIAN_POINT('Ctrl Pts',(-3.74512655030125,42.6512323362376,-39.8207428048768));
#8927=CARTESIAN_POINT('Ctrl Pts',(-3.30546996907868,42.4847687528661,-37.9686200249811));
#8928=CARTESIAN_POINT('Ctrl Pts',(-3.79681438221172,42.3183051694946,-36.1295340093311));
#8929=CARTESIAN_POINT('Ctrl Pts',(-5.1016093143247,42.151841586123,-34.7434723604254));
#8930=CARTESIAN_POINT('Ctrl Pts',(-6.90769231174652,41.9853780027515,-34.1420399812542));
#8931=CARTESIAN_POINT('Ctrl Pts',(-8.78297150576515,41.8189144193799,-34.4691250789282));
#8932=CARTESIAN_POINT('Ctrl Pts',(-10.2788003348859,41.6524508360084,-35.6464749862674));
#8933=CARTESIAN_POINT('Ctrl Pts',(-11.0373129419546,41.4859872526368,-37.3924175240739));
#8934=CARTESIAN_POINT('Ctrl Pts',(-10.8770407962888,41.3195236692653,-39.2892489773077));
#8935=CARTESIAN_POINT('Ctrl Pts',(-9.83632792011245,41.1530600858938,-40.8831665698538));
#8936=CARTESIAN_POINT('Ctrl Pts',(-8.1641568742071,40.9865965025222,-41.7928374359614));
#8937=CARTESIAN_POINT('Ctrl Pts',(-6.26058257585305,40.8201329191506,-41.8006295679096));
#8938=CARTESIAN_POINT('Ctrl Pts',(-4.58101996459669,40.6536693357791,-40.9046788471919));
#8939=CARTESIAN_POINT('Ctrl Pts',(-3.52729396644586,40.4872057524075,-39.319334604726));
#8940=CARTESIAN_POINT('Ctrl Pts',(-3.35149622572565,40.320742169036,-37.4238790190714));
#8941=CARTESIAN_POINT('Ctrl Pts',(-4.09569437014017,40.1542785856644,-35.6717848442466));
#8942=CARTESIAN_POINT('Ctrl Pts',(-5.5818249200252,39.9878150022929,-34.4822293135134));
#8943=CARTESIAN_POINT('Ctrl Pts',(-7.45438352756219,39.8213514189213,-34.1398009628185));
#8944=CARTESIAN_POINT('Ctrl Pts',(-9.26528765468041,39.6548878355498,-34.7264310982582));
#8945=CARTESIAN_POINT('Ctrl Pts',(-10.5814747537395,39.4884242521782,-36.1017562631263));
#8946=CARTESIAN_POINT('Ctrl Pts',(-11.0876724381324,39.3219606688067,-37.936775048145));
#8947=CARTESIAN_POINT('Ctrl Pts',(-10.6635854630462,39.1554970854351,-39.792399548046));
#8948=CARTESIAN_POINT('Ctrl Pts',(-9.40897208359314,38.9890335020636,-41.224839766149));
#8949=CARTESIAN_POINT('Ctrl Pts',(-7.62756868228794,38.822569918692,-41.8910703886723));
#8950=CARTESIAN_POINT('Ctrl Pts',(-5.7380360299546,38.6561063353205,-41.6323824346711));
#8951=CARTESIAN_POINT('Ctrl Pts',(-4.20826796238394,38.4896427519489,-40.5092373227658));
#8952=CARTESIAN_POINT('Ctrl Pts',(-3.0925656833853,38.2676913074536,-38.2209841708032));
#8953=CARTESIAN_POINT('Ctrl Pts',(-4.08853310747971,37.9902520018343,-34.9014337740306));
#8954=CARTESIAN_POINT('Ctrl Pts',(-8.10905444378668,37.6573248350913,-33.7132423757942));
#8955=CARTESIAN_POINT('Ctrl Pts',(-10.7494870057895,37.3798855294719,-35.9581213997252));
#8956=CARTESIAN_POINT('Ctrl Pts',(-11.0568838563836,37.1579340849766,-38.4852544075177));
#8957=CARTESIAN_POINT('Ctrl Pts',(-10.3833958164394,36.991470501605,-40.2595314836836));
#8958=CARTESIAN_POINT('Ctrl Pts',(-8.93803067053255,36.8250069182335,-41.5037873644319));
#8959=CARTESIAN_POINT('Ctrl Pts',(-7.0806503867388,36.6585433348619,-41.9129325733049));
#8960=CARTESIAN_POINT('Ctrl Pts',(-5.24893120487014,36.4920797514904,-41.3926013815472));
#8961=CARTESIAN_POINT('Ctrl Pts',(-3.88427922086987,36.3256161681188,-40.0656058994017));
#8962=CARTESIAN_POINT('Ctrl Pts',(-3.31166528770745,36.1591525847473,-38.2502152195191));
#8963=CARTESIAN_POINT('Ctrl Pts',(-3.66880173693366,35.9926890013757,-36.3803699463793));
#8964=CARTESIAN_POINT('Ctrl Pts',(-4.86990469649768,35.8262254180042,-34.9035963164867));
#8965=CARTESIAN_POINT('Ctrl Pts',(-6.62778164873742,35.6597618346326,-34.173115971231));
#8966=CARTESIAN_POINT('Ctrl Pts',(-8.52179645776232,35.4932982512611,-34.3637314878976));
#8967=CARTESIAN_POINT('Ctrl Pts',(-10.0988569137196,35.3268346678895,-35.429820224289));
#8968=CARTESIAN_POINT('Ctrl Pts',(-10.9816456312765,35.160371084518,-37.1163375835194));
#8969=CARTESIAN_POINT('Ctrl Pts',(-10.9589702908921,34.9939075011464,-39.0197925147533));
#8970=CARTESIAN_POINT('Ctrl Pts',(-10.0362518570878,34.8274439177749,-40.6847997072301));
#8971=CARTESIAN_POINT('Ctrl Pts',(-8.43424570110381,34.6609803344033,-41.7130176329977));
#8972=CARTESIAN_POINT('Ctrl Pts',(-6.5362189470584,34.4945167510318,-41.8584532968783));
#8973=CARTESIAN_POINT('Ctrl Pts',(-4.79626075145858,34.3280531676602,-41.0863120792002));
#8974=CARTESIAN_POINT('Ctrl Pts',(-3.63064292351125,34.1615895842887,-39.5813231085287));
#8975=CARTESIAN_POINT('Ctrl Pts',(-3.31823092351996,33.9951260009171,-37.7035437118543));
#8976=CARTESIAN_POINT('Ctrl Pts',(-3.93376694498976,33.8286624175456,-35.9022186171333));
#8977=CARTESIAN_POINT('Ctrl Pts',(-5.32998861111709,33.6621988341741,-34.6083013960086));
#8978=CARTESIAN_POINT('Ctrl Pts',(-7.17286029988839,33.4957352508025,-34.1313520906075));
#8979=CARTESIAN_POINT('Ctrl Pts',(-9.02148872102216,33.3292716674309,-34.5854772595913));
#8980=CARTESIAN_POINT('Ctrl Pts',(-10.433603320753,33.1628080840594,-35.8620308471286));
#8981=CARTESIAN_POINT('Ctrl Pts',(-11.0713662243418,32.9963445006879,-37.6556069359648));
#8982=CARTESIAN_POINT('Ctrl Pts',(-10.7821974140412,32.8298809173163,-39.5371058344363));
#8983=CARTESIAN_POINT('Ctrl Pts',(-9.63527837598573,32.6634173339447,-41.0563929769259));
#8984=CARTESIAN_POINT('Ctrl Pts',(-7.90500091508693,32.4969537505732,-41.8499902519439));
#8985=CARTESIAN_POINT('Ctrl Pts',(-6.00532102714424,32.3304901672017,-41.7280354422732));
#8986=CARTESIAN_POINT('Ctrl Pts',(-4.39072288463248,32.1640265838301,-40.719705310908));
#8987=CARTESIAN_POINT('Ctrl Pts',(-3.44748716855476,31.9975630004586,-39.0662353464914));
#8988=CARTESIAN_POINT('Ctrl Pts',(-3.40127571501557,31.831099417087,-37.1632058297816));
#8989=CARTESIAN_POINT('Ctrl Pts',(-4.26314483358451,31.6646358337155,-35.4659025063506));
#8990=CARTESIAN_POINT('Ctrl Pts',(-5.82689758400721,31.4981722503439,-34.3803922349095));
#8991=CARTESIAN_POINT('Ctrl Pts',(-7.7184202904774,31.3317086669724,-34.1663758593681));
#8992=CARTESIAN_POINT('Ctrl Pts',(-9.48517501140233,31.1652450836008,-34.8750539078908));
#8993=CARTESIAN_POINT('Ctrl Pts',(-10.7044899195028,30.9987815002293,-36.3368831653309));
#8994=CARTESIAN_POINT('Ctrl Pts',(-11.0846297785203,30.8323179168577,-38.2021261731573));
#8995=CARTESIAN_POINT('Ctrl Pts',(-10.5346979012378,30.6658543334862,-40.0245494783899));
#8996=CARTESIAN_POINT('Ctrl Pts',(-9.18615870366708,30.4993907501146,-41.3681264647643));
#8997=CARTESIAN_POINT('Ctrl Pts',(-7.36185869178491,30.3329271667431,-41.9114683929869));
#8998=CARTESIAN_POINT('Ctrl Pts',(-5.49780385636436,30.1664635833715,-41.5244638632056));
#8999=CARTESIAN_POINT('Ctrl Pts',(-4.52669473138506,30.0554878611238,-40.7080442030415));
#9000=CARTESIAN_POINT('Ctrl Pts',(-4.16666508195756,30.,-40.2089242605416));
#9001=CARTESIAN_POINT('Ctrl Pts',(-4.16666508195757,30.,-40.2089242605416));
#9002=CARTESIAN_POINT('Ctrl Pts',(-4.19716730746223,30.,-40.3113478758583));
#9003=CARTESIAN_POINT('Ctrl Pts',(-4.23228838392043,30.,-40.4122230263016));
#9004=CARTESIAN_POINT('Ctrl Pts',(-4.27170427102416,30.,-40.5113044643936));
#9005=CARTESIAN_POINT('Ctrl Pts',(-4.31182180297901,30.,-40.6121496578134));
#9006=CARTESIAN_POINT('Ctrl Pts',(-4.35638806731106,30.,-40.7111373178868));
#9007=CARTESIAN_POINT('Ctrl Pts',(-4.40510263995858,30.,-40.8080446952892));
#9008=CARTESIAN_POINT('Ctrl Pts',(-4.45465488104514,30.,-40.9066184375419));
#9009=CARTESIAN_POINT('Ctrl Pts',(-4.50849907569411,30.,-41.0030404404027));
#9010=CARTESIAN_POINT('Ctrl Pts',(-4.56636583078477,30.,-41.0971029928564));
#9011=CARTESIAN_POINT('Ctrl Pts',(-4.61555323132725,30.,-41.1770572331857));
#9012=CARTESIAN_POINT('Ctrl Pts',(-4.66764780486752,30.,-41.2553074416399));
#9013=CARTESIAN_POINT('Ctrl Pts',(-4.72251144171177,30.,-41.3317349159239));
#9014=CARTESIAN_POINT('Ctrl Pts',(-4.7511432926632,30.,-41.3716203514904));
#9015=CARTESIAN_POINT('Ctrl Pts',(-4.78052971794168,30.,-41.4110094600874));
#9016=CARTESIAN_POINT('Ctrl Pts',(-4.81065379385808,30.,-41.4498857280332));
#9017=CARTESIAN_POINT('Ctrl Pts',(-4.82217710037826,30.,-41.4647569942305));
#9018=CARTESIAN_POINT('Ctrl Pts',(-4.83380836486963,30.,-41.4795532184746));
#9019=CARTESIAN_POINT('Ctrl Pts',(-4.84554671111864,30.,-41.4942734771946));
#9020=CARTESIAN_POINT('Ctrl Pts',(-4.85748853473375,30.,-41.5092489029892));
#9021=CARTESIAN_POINT('Ctrl Pts',(-4.86953600365602,30.,-41.5241391749164));
#9022=CARTESIAN_POINT('Ctrl Pts',(-4.88168495257509,30.,-41.5389399780143));
#9023=CARTESIAN_POINT('Ctrl Pts',(-4.95764860417247,30.,-41.6314848604875));
#9024=CARTESIAN_POINT('Ctrl Pts',(-5.03760900363896,30.,-41.720571914386));
#9025=CARTESIAN_POINT('Ctrl Pts',(-5.12122511113547,30.,-41.8059738696685));
#9026=CARTESIAN_POINT('Ctrl Pts',(-5.17426653837129,30.,-41.8601481398245));
#9027=CARTESIAN_POINT('Ctrl Pts',(-5.22878000128299,30.,-41.9128400456415));
#9028=CARTESIAN_POINT('Ctrl Pts',(-5.28468874107991,30.,-41.9639948652171));
#9029=CARTESIAN_POINT('Ctrl Pts',(-5.37440545464414,30.,-42.0460829665045));
#9030=CARTESIAN_POINT('Ctrl Pts',(-5.46771234582994,30.,-42.1242135451806));
#9031=CARTESIAN_POINT('Ctrl Pts',(-5.56425169843284,30.,-42.1983271675792));
#9032=CARTESIAN_POINT('Ctrl Pts',(-5.62253262414192,30.,-42.2430696524268));
#9033=CARTESIAN_POINT('Ctrl Pts',(-5.68199268226592,30.,-42.2863481162187));
#9034=CARTESIAN_POINT('Ctrl Pts',(-5.74256218027845,30.,-42.3281481496987));
#9035=CARTESIAN_POINT('Ctrl Pts',(-5.76419022823519,30.,-42.3430740308495));
#9036=CARTESIAN_POINT('Ctrl Pts',(-5.78595979546278,30.,-42.3578113903687));
#9037=CARTESIAN_POINT('Ctrl Pts',(-5.80786790600988,30.,-42.3723595166709));
#9038=CARTESIAN_POINT('Ctrl Pts',(-5.82744207167239,30.,-42.3853577820259));
#9039=CARTESIAN_POINT('Ctrl Pts',(-5.84712820898902,30.,-42.3982057757973));
#9040=CARTESIAN_POINT('Ctrl Pts',(-5.86690796890926,30.,-42.4108927870902));
#9041=CARTESIAN_POINT('Ctrl Pts',(-5.97537999882616,30.,-42.4804682457441));
#9042=CARTESIAN_POINT('Ctrl Pts',(-6.08676741205402,30.,-42.5452727261456));
#9043=CARTESIAN_POINT('Ctrl Pts',(-6.20063953456064,30.,-42.6052614599437));
#9044=CARTESIAN_POINT('Ctrl Pts',(-6.31618277173479,30.,-42.6661305501516));
#9045=CARTESIAN_POINT('Ctrl Pts',(-6.43428443663367,30.,-42.7220421833244));
#9046=CARTESIAN_POINT('Ctrl Pts',(-6.55454857444899,30.,-42.7729425070328));
#9047=CARTESIAN_POINT('Ctrl Pts',(-6.67696760690332,30.,-42.8247548635106));
#9048=CARTESIAN_POINT('Ctrl Pts',(-6.8016276493304,30.,-42.8713754423691));
#9049=CARTESIAN_POINT('Ctrl Pts',(-6.92816201900456,30.,-42.912729457324));
#9050=CARTESIAN_POINT('Ctrl Pts',(-6.99761803187647,30.,-42.9354291001358));
#9051=CARTESIAN_POINT('Ctrl Pts',(-7.06763964350971,30.,-42.9565415356362));
#9052=CARTESIAN_POINT('Ctrl Pts',(-7.1381719006141,30.,-42.976050949275));
#9053=CARTESIAN_POINT('Ctrl Pts',(-7.19683206741106,43.0186523981717,-41.7594996718923));
#9054=CARTESIAN_POINT('Ctrl Pts',(-7.06931764805034,43.0071547664414,-41.7596275743003));
#9055=CARTESIAN_POINT('Ctrl Pts',(-6.94181601214451,42.9956571347111,-41.7532248470529));
#9056=CARTESIAN_POINT('Ctrl Pts',(-6.8149953971352,42.9841595029808,-41.7401941305728));
#9057=CARTESIAN_POINT('Ctrl Pts',(-6.20295590601794,42.9286716418569,-41.6773075637256));
#9058=CARTESIAN_POINT('Ctrl Pts',(-5.6067777455611,42.8731837807331,-41.460051682557));
#9059=CARTESIAN_POINT('Ctrl Pts',(-5.09777649286552,42.8176959196092,-41.1144149092208));
#9060=CARTESIAN_POINT('Ctrl Pts',(-4.58877524016992,42.7622080584853,-40.7687781358846));
#9061=CARTESIAN_POINT('Ctrl Pts',(-4.16695089523558,42.7067201973615,-40.2947604703807));
#9062=CARTESIAN_POINT('Ctrl Pts',(-3.88276262589799,42.6512323362376,-39.7490645076461));
#9063=CARTESIAN_POINT('Ctrl Pts',(-3.59857435656039,42.5957444751138,-39.2033685449116));
#9064=CARTESIAN_POINT('Ctrl Pts',(-3.45202216281954,42.54025661399,-38.5859942849464));
#9065=CARTESIAN_POINT('Ctrl Pts',(-3.46063680147128,42.4847687528661,-37.9707928190221));
#9066=CARTESIAN_POINT('Ctrl Pts',(-3.46925144012303,42.4292808917423,-37.3555913530978));
#9067=CARTESIAN_POINT('Ctrl Pts',(-3.63303291116738,42.3737930306184,-36.7425626812144));
#9068=CARTESIAN_POINT('Ctrl Pts',(-3.93238946870839,42.3183051694946,-36.2050380704551));
#9069=CARTESIAN_POINT('Ctrl Pts',(-4.23174602624939,42.2628173083707,-35.6675134596958));
#9070=CARTESIAN_POINT('Ctrl Pts',(-4.66667767028705,42.2073294472469,-35.2054929100606));
#9071=CARTESIAN_POINT('Ctrl Pts',(-5.18515732520951,42.151841586123,-34.8742439053811));
#9072=CARTESIAN_POINT('Ctrl Pts',(-5.70363698013197,42.0963537249992,-34.5429949007016));
#9073=CARTESIAN_POINT('Ctrl Pts',(-6.30566464593924,42.0408658638753,-34.3425174409779));
#9074=CARTESIAN_POINT('Ctrl Pts',(-6.91922501117932,41.9853780027515,-34.2967928940617));
#9075=CARTESIAN_POINT('Ctrl Pts',(-7.5327853764194,41.9298901416276,-34.2510683471456));
#9076=CARTESIAN_POINT('Ctrl Pts',(-8.15787844109228,41.8744022805038,-34.3600967130369));
#9077=CARTESIAN_POINT('Ctrl Pts',(-8.71972977828218,41.8189144193799,-34.6108358805391));
#9078=CARTESIAN_POINT('Ctrl Pts',(-9.28158111547206,41.7634265582561,-34.8615750480413));
#9079=CARTESIAN_POINT('Ctrl Pts',(-9.78019072517896,41.7079386971322,-35.2540250171543));
#9080=CARTESIAN_POINT('Ctrl Pts',(-10.1559142978772,41.6524508360084,-35.7412404246786));
#9081=CARTESIAN_POINT('Ctrl Pts',(-10.5316378705754,41.5969629748845,-36.2284558322029));
#9082=CARTESIAN_POINT('Ctrl Pts',(-10.784475406265,41.5414751137607,-36.8104366781384));
#9083=CARTESIAN_POINT('Ctrl Pts',(-10.8841821498322,41.4859872526368,-37.4175656766451));
#9084=CARTESIAN_POINT('Ctrl Pts',(-10.9838888933994,41.430499391513,-38.0246946751518));
#9085=CARTESIAN_POINT('Ctrl Pts',(-10.9304648448441,41.3750115303891,-38.6569718262298));
#9086=CARTESIAN_POINT('Ctrl Pts',(-10.7303006745371,41.3195236692653,-39.2387633338598));
#9087=CARTESIAN_POINT('Ctrl Pts',(-10.53013650423,41.2640358081414,-39.8205548414897));
#9088=CARTESIAN_POINT('Ctrl Pts',(-10.1832322121712,41.2085479470176,-40.3518607056718));
#9089=CARTESIAN_POINT('Ctrl Pts',(-9.73108489182428,41.1530600858937,-40.7691254487807));
#9090=CARTESIAN_POINT('Ctrl Pts',(-9.27893757147732,41.0975722247699,-41.1863901918897));
#9091=CARTESIAN_POINT('Ctrl Pts',(-8.7215472228422,41.042084363646,-41.4896138139255));
#9092=CARTESIAN_POINT('Ctrl Pts',(-8.12558966546564,40.9865965025222,-41.6425243136015));
#9093=CARTESIAN_POINT('Ctrl Pts',(-7.82267399224857,40.9583929121831,-41.720246269432));
#9094=CARTESIAN_POINT('Ctrl Pts',(-7.50979438060353,40.9301893218441,-41.7591344401642));
#9095=CARTESIAN_POINT('Ctrl Pts',(-7.19691807849927,40.901985731505,-41.7591480275505));
#9096=CARTESIAN_POINT('Ctrl Pts',(-9.71078422250397,45.,-42.290746902141));
#9097=CARTESIAN_POINT('Ctrl Pts',(-9.58332591514392,45.,-42.3267311628001));
#9098=CARTESIAN_POINT('Ctrl Pts',(-9.45464740424573,45.,-42.3572811310891));
#9099=CARTESIAN_POINT('Ctrl Pts',(-9.32507463955249,45.,-42.3823411380355));
#9100=CARTESIAN_POINT('Ctrl Pts',(-9.19656595112025,45.,-42.4071953474244));
#9101=CARTESIAN_POINT('Ctrl Pts',(-9.06717684664748,45.,-42.4266490249678));
#9102=CARTESIAN_POINT('Ctrl Pts',(-8.93724845285024,45.,-42.44060249219));
#9103=CARTESIAN_POINT('Ctrl Pts',(-8.80570061831756,45.,-42.454729876849));
#9104=CARTESIAN_POINT('Ctrl Pts',(-8.67359909241615,45.,-42.463218798528));
#9105=CARTESIAN_POINT('Ctrl Pts',(-8.54133441655647,45.,-42.4659238136711));
#9106=CARTESIAN_POINT('Ctrl Pts',(-8.4159114727905,45.,-42.4684889049168));
#9107=CARTESIAN_POINT('Ctrl Pts',(-8.29034155253736,45.,-42.4658523358202));
#9108=CARTESIAN_POINT('Ctrl Pts',(-8.16499782353943,45.,-42.4578600924879));
#9109=CARTESIAN_POINT('Ctrl Pts',(-8.12004958004307,45.,-42.454994075159));
#9110=CARTESIAN_POINT('Ctrl Pts',(-8.07513083181865,45.,-42.4514391053169));
#9111=CARTESIAN_POINT('Ctrl Pts',(-8.03026023130431,45.,-42.4471873116033));
#9112=CARTESIAN_POINT('Ctrl Pts',(-8.00094232414331,45.,-42.4444092410641));
#9113=CARTESIAN_POINT('Ctrl Pts',(-7.97164498819165,45.,-42.4413336776275));
#9114=CARTESIAN_POINT('Ctrl Pts',(-7.94237361795364,45.,-42.43795834449));
#9115=CARTESIAN_POINT('Ctrl Pts',(-7.9220163473419,45.,-42.4356109118441));
#9116=CARTESIAN_POINT('Ctrl Pts',(-7.90168006926968,45.,-42.4331194440665));
#9117=CARTESIAN_POINT('Ctrl Pts',(-7.88136963614918,45.,-42.4304839574859));
#9118=CARTESIAN_POINT('Ctrl Pts',(-7.76232849018876,45.,-42.415037150377));
#9119=CARTESIAN_POINT('Ctrl Pts',(-7.64413403846679,45.,-42.3946412299301));
#9120=CARTESIAN_POINT('Ctrl Pts',(-7.52709815170566,45.,-42.3692009242333));
#9121=CARTESIAN_POINT('Ctrl Pts',(-7.47162100269915,45.,-42.3571417544439));
#9122=CARTESIAN_POINT('Ctrl Pts',(-7.41640475372581,45.,-42.3439486751614));
#9123=CARTESIAN_POINT('Ctrl Pts',(-7.36148603207767,45.,-42.3296092264751));
#9124=CARTESIAN_POINT('Ctrl Pts',(-7.24739840176073,45.,-42.2998205920792));
#9125=CARTESIAN_POINT('Ctrl Pts',(-7.13459152503502,45.,-42.2650853929841));
#9126=CARTESIAN_POINT('Ctrl Pts',(-7.02343859257831,45.,-42.225451611091));
#9127=CARTESIAN_POINT('Ctrl Pts',(-6.96428475541711,45.,-42.20435913761));
#9128=CARTESIAN_POINT('Ctrl Pts',(-6.90560017721264,45.,-42.1818790496622));
#9129=CARTESIAN_POINT('Ctrl Pts',(-6.84744715524726,45.,-42.1580175738622));
#9130=CARTESIAN_POINT('Ctrl Pts',(-6.80409097241193,45.,-42.1402275696192));
#9131=CARTESIAN_POINT('Ctrl Pts',(-6.76103034190534,45.,-42.121669706352));
#9132=CARTESIAN_POINT('Ctrl Pts',(-6.71829271736415,45.,-42.1023465111389));
#9133=CARTESIAN_POINT('Ctrl Pts',(-6.6996442310642,45.,-42.0939148693461));
#9134=CARTESIAN_POINT('Ctrl Pts',(-6.68106511029395,45.,-42.0853410412081));
#9135=CARTESIAN_POINT('Ctrl Pts',(-6.66255994701956,45.,-42.07662677599));
#9136=CARTESIAN_POINT('Ctrl Pts',(-6.56233555778932,45.,-42.0294301154619));
#9137=CARTESIAN_POINT('Ctrl Pts',(-6.46424970355491,45.,-41.978102925069));
#9138=CARTESIAN_POINT('Ctrl Pts',(-6.36861002405023,45.,-41.9227104228025));
#9139=CARTESIAN_POINT('Ctrl Pts',(-6.27437863188451,45.,-41.8681335711113));
#9140=CARTESIAN_POINT('Ctrl Pts',(-6.18252167337209,45.,-41.8096095169542));
#9141=CARTESIAN_POINT('Ctrl Pts',(-6.09338293993227,45.,-41.7471934541153));
#9142=CARTESIAN_POINT('Ctrl Pts',(-6.00628384889491,45.,-41.6862055745526));
#9143=CARTESIAN_POINT('Ctrl Pts',(-5.92177997220928,45.,-41.6215010820346));
#9144=CARTESIAN_POINT('Ctrl Pts',(-5.84024154588243,45.,-41.5531348646417));
#9145=CARTESIAN_POINT('Ctrl Pts',(-5.80491557786146,45.,-41.5235156664534));
#9146=CARTESIAN_POINT('Ctrl Pts',(-5.77014686564691,45.,-41.4932092669082));
#9147=CARTESIAN_POINT('Ctrl Pts',(-5.73596850433898,45.,-41.4622208283747));
#9148=CARTESIAN_POINT('Origin',(-25.,30.,-37.5));
#9149=CARTESIAN_POINT('',(-2.49999999999999,30.,-47.5));
#9150=CARTESIAN_POINT('',(-50.,30.,-47.5));
#9151=CARTESIAN_POINT('',(-12.5,30.,-47.5));
#9152=CARTESIAN_POINT('',(-2.49999999999999,30.,-25.));
#9153=CARTESIAN_POINT('',(-2.49999999999999,30.,-31.25));
#9154=CARTESIAN_POINT('',(-13.0016582311637,30.,-25.));
#9155=CARTESIAN_POINT('',(4.9960036108132E-15,30.,-25.));
#9156=CARTESIAN_POINT('',(-23.1108144744686,30.,-42.5095722350563));
#9157=CARTESIAN_POINT('',(-22.6232023789906,30.,-41.6650033113032));
#9158=CARTESIAN_POINT('',(-33.6674308845148,30.,-42.5095722350563));
#9159=CARTESIAN_POINT('',(-29.3337154422574,30.,-42.5095722350563));
#9160=CARTESIAN_POINT('',(-33.6674308845148,30.,-25.));
#9161=CARTESIAN_POINT('',(-33.6674308845148,30.,-45.0095722350563));
#9162=CARTESIAN_POINT('',(-47.5,30.,-25.));
#9163=CARTESIAN_POINT('',(-33.6674308845148,30.,-25.));
#9164=CARTESIAN_POINT('',(-50.,30.,-27.5));
#9165=CARTESIAN_POINT('Origin',(-47.5,30.,-27.5));
#9166=CARTESIAN_POINT('',(-50.,30.,-25.));
#9167=CARTESIAN_POINT('Origin',(-7.19692262037256,34.0000000000001,-38.0231118608881));
#9168=CARTESIAN_POINT('Origin',(-42.000000745045,56.25,-48.));
#9169=CARTESIAN_POINT('',(-42.000000745045,60.,-50.0000007450454));
#9170=CARTESIAN_POINT('',(-40.000000745045,60.,-48.));
#9171=CARTESIAN_POINT('Origin',(-42.000000745045,60.,-48.));
#9172=CARTESIAN_POINT('',(-40.000000745045,45.,-48.));
#9173=CARTESIAN_POINT('',(-40.000000745045,56.25,-48.));
#9174=CARTESIAN_POINT('',(-42.000000745045,45.,-50.));
#9175=CARTESIAN_POINT('Origin',(-42.000000745045,45.,-48.));
#9176=CARTESIAN_POINT('',(-42.000000745045,56.25,-50.));
#9177=CARTESIAN_POINT('Origin',(-40.000000745045,57.5,-37.5397222405955));
#9178=CARTESIAN_POINT('',(-40.000000745045,60.,-27.0794437361455));
#9179=CARTESIAN_POINT('',(-40.000000745045,60.,-37.5397222405955));
#9180=CARTESIAN_POINT('',(-40.000000745045,45.,-27.0794437361455));
#9181=CARTESIAN_POINT('',(-40.000000745045,57.5,-27.0794437361455));
#9182=CARTESIAN_POINT('',(-40.000000745045,45.,-37.5198611202977));
#9183=CARTESIAN_POINT('Origin',(-45.000000745045,60.,-37.5397222405955));
#9184=CARTESIAN_POINT('',(-50.000000745045,60.,-50.0000007450454));
#9185=CARTESIAN_POINT('',(-45.000000745045,60.,-50.0000007450454));
#9186=CARTESIAN_POINT('',(-50.000000745045,60.,-27.5794437361455));
#9187=CARTESIAN_POINT('',(-50.000000745045,60.,-37.5397222405955));
#9188=CARTESIAN_POINT('',(-47.5,60.,-25.0794437361455));
#9189=CARTESIAN_POINT('Origin',(-47.5,60.,-27.5794437361455));
#9190=CARTESIAN_POINT('',(-42.000000745045,60.,-25.0794437361455));
#9191=CARTESIAN_POINT('',(-45.000000745045,60.,-25.0794437361455));
#9192=CARTESIAN_POINT('Origin',(-42.000000745045,60.,-27.0794437361455));
#9193=CARTESIAN_POINT('Origin',(-42.000000745045,57.5,-27.0794437361455));
#9194=CARTESIAN_POINT('',(-42.000000745045,45.,-25.0794437361455));
#9195=CARTESIAN_POINT('',(-42.000000745045,57.5,-25.0794437361455));
#9196=CARTESIAN_POINT('Origin',(-42.000000745045,45.,-27.0794437361455));
#9197=CARTESIAN_POINT('Origin',(-45.000000745045,57.5,-25.0794437361455));
#9198=CARTESIAN_POINT('',(-47.5,45.,-25.0794437361455));
#9199=CARTESIAN_POINT('',(-47.5,56.25,-25.0794437361455));
#9200=CARTESIAN_POINT('',(-35.0000003725225,45.,-25.0794437361454));
#9201=CARTESIAN_POINT('Origin',(-12.5,32.5,-47.5));
#9202=CARTESIAN_POINT('',(-50.,32.5,-50.));
#9203=CARTESIAN_POINT('Origin',(-50.,32.5,-47.5));
#9204=CARTESIAN_POINT('',(-2.49999999999999,32.5,-50.));
#9205=CARTESIAN_POINT('',(-12.5,32.5,-50.));
#9206=CARTESIAN_POINT('Origin',(-2.49999999999999,32.5,-47.5));
#9207=CARTESIAN_POINT('Origin',(-2.49999999999999,55.,-47.5));
#9208=CARTESIAN_POINT('',(-2.49999999999999,45.,-50.));
#9209=CARTESIAN_POINT('',(7.49400541621981E-15,45.,-47.5));
#9210=CARTESIAN_POINT('Origin',(-2.49999999999999,45.,-47.5));
#9211=CARTESIAN_POINT('',(7.42461647718073E-15,32.5,-47.5));
#9212=CARTESIAN_POINT('',(7.63278329429795E-15,55.,-47.5));
#9213=CARTESIAN_POINT('Origin',(-2.49999999999999,32.5,-47.5));
#9214=CARTESIAN_POINT('',(-2.49999999999999,55.,-50.));
#9215=CARTESIAN_POINT('Origin',(-2.49999999999999,32.5,-47.5));
#9216=CARTESIAN_POINT('Origin',(-2.49999999999999,32.5,-47.5));
#9217=CARTESIAN_POINT('Origin',(-2.49999999999999,32.5,-31.25));
#9218=CARTESIAN_POINT('',(4.9960036108132E-15,32.5,-25.));
#9219=CARTESIAN_POINT('',(5.62050406216485E-15,32.5,-31.25));
#9220=CARTESIAN_POINT('Origin',(-2.49999999999999,32.5,-25.));
#9221=CARTESIAN_POINT('Origin',(4.9960036108132E-15,55.,-25.));
#9222=CARTESIAN_POINT('',(4.9960036108132E-15,45.,-25.));
#9223=CARTESIAN_POINT('',(5.68989300120393E-15,45.,-31.25));
#9224=CARTESIAN_POINT('',(4.9960036108132E-15,55.,-25.));
#9225=CARTESIAN_POINT('Origin',(-25.,45.,-37.5));
#9226=CARTESIAN_POINT('',(-12.5,45.,-50.));
#9227=CARTESIAN_POINT('',(-50.,45.,-27.5794437361455));
#9228=CARTESIAN_POINT('Origin',(-47.5,45.,-27.5794437361455));
#9229=CARTESIAN_POINT('',(-50.,45.,-27.5));
#9230=CARTESIAN_POINT('',(-50.,45.,-43.75));
#9231=CARTESIAN_POINT('',(-47.5,45.,-25.));
#9232=CARTESIAN_POINT('Origin',(-47.5,45.,-27.5));
#9233=CARTESIAN_POINT('',(-33.6674308845148,45.,-25.));
#9234=CARTESIAN_POINT('',(-37.5,45.,-25.));
#9235=CARTESIAN_POINT('',(-33.6674308845148,45.,-42.5095722350563));
#9236=CARTESIAN_POINT('',(-33.6674308845148,45.,-31.25));
#9237=CARTESIAN_POINT('',(-23.1108144744686,45.,-42.5095722350563));
#9238=CARTESIAN_POINT('',(-29.3337154422574,45.,-42.5095722350563));
#9239=CARTESIAN_POINT('',(-13.0016582311637,45.,-25.));
#9240=CARTESIAN_POINT('',(-22.6232023789906,45.,-41.6650033113032));
#9241=CARTESIAN_POINT('',(-17.5574534426078,45.,-25.));
#9242=CARTESIAN_POINT('Origin',(-47.5,55.,-27.5));
#9243=CARTESIAN_POINT('',(-47.5,55.,-25.));
#9244=CARTESIAN_POINT('',(-50.,55.,-27.5));
#9245=CARTESIAN_POINT('Origin',(-50.,55.,-25.));
#9246=CARTESIAN_POINT('',(-33.6674308845148,55.,-25.));
#9247=CARTESIAN_POINT('Origin',(-47.5,56.25,-27.5794437361455));
#9248=CARTESIAN_POINT('',(-50.,56.25,-27.5794437361455));
#9249=CARTESIAN_POINT('Origin',(-50.,55.,-50.));
#9250=CARTESIAN_POINT('',(-50.,55.,-50.));
#9251=CARTESIAN_POINT('Origin',(7.7715611723761E-15,55.,-50.));
#9252=CARTESIAN_POINT('Origin',(-10.1149068852155,55.,-25.));
#9253=CARTESIAN_POINT('',(-13.0016582311637,55.,-25.));
#9254=CARTESIAN_POINT('Origin',(-23.8325023109556,55.,-43.7595722350563));
#9255=CARTESIAN_POINT('',(-23.1108144744686,55.,-42.5095722350563));
#9256=CARTESIAN_POINT('Origin',(-33.6674308845148,55.,-42.5095722350563));
#9257=CARTESIAN_POINT('',(-33.6674308845148,55.,-42.5095722350563));
#9258=CARTESIAN_POINT('Origin',(-33.6674308845148,55.,-25.));
#9259=CARTESIAN_POINT('',(0.,0.,0.));
#9260=CARTESIAN_POINT('Origin',(-36.1674308845148,65.,-27.5));
#9261=CARTESIAN_POINT('',(-33.6674308845148,90.,-27.5));
#9262=CARTESIAN_POINT('',(-36.1674308845148,90.,-25.));
#9263=CARTESIAN_POINT('Origin',(-36.1674308845148,90.,-27.5));
#9264=CARTESIAN_POINT('',(-36.1674308845148,75.,-25.));
#9265=CARTESIAN_POINT('',(-36.1674308845148,65.,-25.));
#9266=CARTESIAN_POINT('',(-33.6674308845148,75.,-27.5));
#9267=CARTESIAN_POINT('Origin',(-36.1674308845148,75.,-27.5));
#9268=CARTESIAN_POINT('',(-33.6674308845148,65.,-27.5));
#9269=CARTESIAN_POINT('Origin',(-50.,65.,-25.));
#9270=CARTESIAN_POINT('',(-47.5,90.,-25.));
#9271=CARTESIAN_POINT('',(-33.6674308845148,90.,-25.));
#9272=CARTESIAN_POINT('',(-47.5,75.,-25.));
#9273=CARTESIAN_POINT('',(-47.5,65.,-25.));
#9274=CARTESIAN_POINT('',(-37.5,75.,-25.));
#9275=CARTESIAN_POINT('Origin',(-25.,90.,-37.5));
#9276=CARTESIAN_POINT('',(-33.6674308845148,90.,-42.5095722350563));
#9277=CARTESIAN_POINT('',(-33.6674308845148,90.,-45.0095722350563));
#9278=CARTESIAN_POINT('',(-23.1108144744686,90.,-42.5095722350563));
#9279=CARTESIAN_POINT('',(-29.3337154422574,90.,-42.5095722350563));
#9280=CARTESIAN_POINT('',(-13.0016582311637,90.,-25.));
#9281=CARTESIAN_POINT('',(-22.6232023789906,90.,-41.6650033113032));
#9282=CARTESIAN_POINT('',(-2.49999999999999,90.,-25.));
#9283=CARTESIAN_POINT('',(4.9960036108132E-15,90.,-25.));
#9284=CARTESIAN_POINT('',(-2.49999999999999,90.,-47.5));
#9285=CARTESIAN_POINT('',(-2.49999999999999,90.,-31.25));
#9286=CARTESIAN_POINT('',(-50.,90.,-47.5));
#9287=CARTESIAN_POINT('',(-12.5,90.,-47.5));
#9288=CARTESIAN_POINT('',(-50.,90.,-27.5));
#9289=CARTESIAN_POINT('',(-50.,90.,-25.));
#9290=CARTESIAN_POINT('Origin',(-47.5,90.,-27.5));
#9291=CARTESIAN_POINT('Origin',(-42.000000745045,63.75,-48.));
#9292=CARTESIAN_POINT('',(-40.000000745045,60.,-48.));
#9293=CARTESIAN_POINT('',(-42.000000745045,60.,-50.0000007450454));
#9294=CARTESIAN_POINT('Origin',(-42.000000745045,60.,-48.));
#9295=CARTESIAN_POINT('',(-42.000000745045,75.,-50.));
#9296=CARTESIAN_POINT('',(-42.000000745045,63.75,-50.));
#9297=CARTESIAN_POINT('',(-40.000000745045,75.,-48.));
#9298=CARTESIAN_POINT('Origin',(-42.000000745045,75.,-48.));
#9299=CARTESIAN_POINT('',(-40.000000745045,63.75,-48.));
#9300=CARTESIAN_POINT('Origin',(7.7715611723761E-15,65.,-50.));
#9301=CARTESIAN_POINT('',(-2.49999999999999,75.,-50.));
#9302=CARTESIAN_POINT('',(-12.5,75.,-50.));
#9303=CARTESIAN_POINT('',(-50.000000745045,60.,-50.0000007450454));
#9304=CARTESIAN_POINT('',(-45.000000745045,60.,-50.0000007450454));
#9305=CARTESIAN_POINT('',(-50.,87.5,-50.));
#9306=CARTESIAN_POINT('',(-50.,65.,-50.));
#9307=CARTESIAN_POINT('',(-2.49999999999999,87.5,-50.));
#9308=CARTESIAN_POINT('',(-12.5,87.5,-50.));
#9309=CARTESIAN_POINT('',(-2.49999999999999,65.,-50.));
#9310=CARTESIAN_POINT('Origin',(-45.000000745045,60.,-37.5397222405955));
#9311=CARTESIAN_POINT('',(-40.000000745045,60.,-27.0794437361455));
#9312=CARTESIAN_POINT('',(-40.000000745045,60.,-37.5397222405955));
#9313=CARTESIAN_POINT('',(-42.000000745045,60.,-25.0794437361455));
#9314=CARTESIAN_POINT('Origin',(-42.000000745045,60.,-27.0794437361455));
#9315=CARTESIAN_POINT('',(-48.1252258580021,60.,-25.0794437361455));
#9316=CARTESIAN_POINT('',(-45.000000745045,60.,-25.0794437361455));
#9317=CARTESIAN_POINT('',(-50.000000745045,60.,-27.5));
#9318=CARTESIAN_POINT('Origin',(-47.5,60.,-27.5));
#9319=CARTESIAN_POINT('',(-50.000000745045,60.,-37.5397222405955));
#9320=CARTESIAN_POINT('Origin',(-42.000000745045,62.5,-27.0794437361455));
#9321=CARTESIAN_POINT('',(-40.000000745045,75.,-27.0794437361455));
#9322=CARTESIAN_POINT('',(-40.000000745045,62.5,-27.0794437361455));
#9323=CARTESIAN_POINT('',(-42.000000745045,75.,-25.0794437361455));
#9324=CARTESIAN_POINT('Origin',(-42.000000745045,75.,-27.0794437361455));
#9325=CARTESIAN_POINT('',(-42.000000745045,62.5,-25.0794437361455));
#9326=CARTESIAN_POINT('Origin',(-45.000000745045,62.5,-25.0794437361455));
#9327=CARTESIAN_POINT('',(-48.1252258580021,75.,-25.0794437361455));
#9328=CARTESIAN_POINT('',(-35.0000003725225,75.,-25.0794437361454));
#9329=CARTESIAN_POINT('',(-48.1252258580021,65.,-25.0794437361455));
#9330=CARTESIAN_POINT('Origin',(-47.5,65.,-27.5));
#9331=CARTESIAN_POINT('',(-50.,65.,-27.5));
#9332=CARTESIAN_POINT('Origin',(-47.5,75.,-27.5));
#9333=CARTESIAN_POINT('Origin',(-25.,75.,-37.5));
#9334=CARTESIAN_POINT('',(-40.000000745045,75.,-37.5198611202977));
#9335=CARTESIAN_POINT('',(7.49400541621981E-15,75.,-47.5));
#9336=CARTESIAN_POINT('Origin',(-2.49999999999999,75.,-47.5));
#9337=CARTESIAN_POINT('',(4.9960036108132E-15,75.,-25.));
#9338=CARTESIAN_POINT('',(5.68989300120393E-15,75.,-31.25));
#9339=CARTESIAN_POINT('',(-13.0016582311637,75.,-25.));
#9340=CARTESIAN_POINT('',(-17.5574534426078,75.,-25.));
#9341=CARTESIAN_POINT('',(-23.1108144744686,75.,-42.5095722350563));
#9342=CARTESIAN_POINT('',(-22.6232023789906,75.,-41.6650033113032));
#9343=CARTESIAN_POINT('',(-33.6674308845148,75.,-42.5095722350563));
#9344=CARTESIAN_POINT('',(-29.3337154422574,75.,-42.5095722350563));
#9345=CARTESIAN_POINT('',(-33.6674308845148,75.,-31.25));
#9346=CARTESIAN_POINT('Origin',(-2.49999999999999,65.,-47.5));
#9347=CARTESIAN_POINT('',(7.42461647718073E-15,87.5,-47.5));
#9348=CARTESIAN_POINT('Origin',(-2.49999999999999,87.5,-47.5));
#9349=CARTESIAN_POINT('',(7.63278329429795E-15,65.,-47.5));
#9350=CARTESIAN_POINT('Origin',(-12.5,87.5,-47.5));
#9351=CARTESIAN_POINT('Origin',(-50.,87.5,-47.5));
#9352=CARTESIAN_POINT('Origin',(-2.49999999999999,87.5,-47.5));
#9353=CARTESIAN_POINT('Origin',(-2.49999999999999,87.5,-47.5));
#9354=CARTESIAN_POINT('Origin',(-2.49999999999999,87.5,-47.5));
#9355=CARTESIAN_POINT('Origin',(4.9960036108132E-15,65.,-25.));
#9356=CARTESIAN_POINT('',(4.9960036108132E-15,87.5,-25.));
#9357=CARTESIAN_POINT('',(5.62050406216485E-15,87.5,-31.25));
#9358=CARTESIAN_POINT('',(4.9960036108132E-15,65.,-25.));
#9359=CARTESIAN_POINT('Origin',(-2.49999999999999,87.5,-31.25));
#9360=CARTESIAN_POINT('Origin',(-2.49999999999999,87.5,-25.));
#9361=CARTESIAN_POINT('Origin',(-40.000000745045,62.5,-37.5397222405955));
#9362=CARTESIAN_POINT('Origin',(-50.,65.,-50.));
#9363=CARTESIAN_POINT('Origin',(-10.1149068852155,65.,-25.));
#9364=CARTESIAN_POINT('',(-13.0016582311637,65.,-25.));
#9365=CARTESIAN_POINT('Origin',(-23.8325023109556,65.,-43.7595722350563));
#9366=CARTESIAN_POINT('',(-23.1108144744686,65.,-42.5095722350563));
#9367=CARTESIAN_POINT('Origin',(-33.6674308845148,65.,-42.5095722350563));
#9368=CARTESIAN_POINT('',(-33.6674308845148,65.,-42.5095722350563));
#9369=CARTESIAN_POINT('Origin',(-33.6674308845148,65.,-25.));
#9370=CARTESIAN_POINT('Origin',(-49.6000000812808,85.12,-48.0896599689415));
#9371=CARTESIAN_POINT('',(-49.6000000812808,84.640021713845,-48.0850943561948));
#9372=CARTESIAN_POINT('',(-49.6000000812808,85.12,-47.5999506364382));
#9373=CARTESIAN_POINT('Ctrl Pts',(-49.6000000812808,85.12,-47.5999506364382));
#9374=CARTESIAN_POINT('Ctrl Pts',(-49.6000000812808,85.1792153750583,-47.5999506364382));
#9375=CARTESIAN_POINT('Ctrl Pts',(-49.6000000812808,85.248905921263,-47.613826193942));
#9376=CARTESIAN_POINT('Ctrl Pts',(-49.6000000812808,85.3583450822494,-47.6591911221623));
#9377=CARTESIAN_POINT('Ctrl Pts',(-49.6000000812808,85.4174488915579,-47.69872048157));
#9378=CARTESIAN_POINT('Ctrl Pts',(-49.6000000812808,85.5012451863062,-47.7825799849428));
#9379=CARTESIAN_POINT('Ctrl Pts',(-49.6000000812808,85.5407527744903,-47.8417608156661));
#9380=CARTESIAN_POINT('Ctrl Pts',(-49.6000000812808,85.5861215969799,-47.9513673573582));
#9381=CARTESIAN_POINT('Ctrl Pts',(-49.6000000812808,85.6,-48.0211954010888));
#9382=CARTESIAN_POINT('Ctrl Pts',(-49.6000000812808,85.6,-48.1398480782374));
#9383=CARTESIAN_POINT('Ctrl Pts',(-49.6000000812808,85.5861229650742,-48.2096717974328));
#9384=CARTESIAN_POINT('Ctrl Pts',(-49.6000000812808,85.5407556915428,-48.3192654802424));
#9385=CARTESIAN_POINT('Ctrl Pts',(-49.6000000812808,85.5012507362914,-48.3784354917875));
#9386=CARTESIAN_POINT('Ctrl Pts',(-49.6000000812808,85.4174580322037,-48.4622800101025));
#9387=CARTESIAN_POINT('Ctrl Pts',(-49.6000000812808,85.3583551235782,-48.501801172763));
#9388=CARTESIAN_POINT('Ctrl Pts',(-49.6000000812808,85.2489141649385,-48.5471593793456));
#9389=CARTESIAN_POINT('Ctrl Pts',(-49.6000000812808,85.1792188830368,-48.561032709023));
#9390=CARTESIAN_POINT('Ctrl Pts',(-49.6000000812808,85.12,-48.561032709023));
#9391=CARTESIAN_POINT('Ctrl Pts',(-49.6000000812808,85.0607811169632,-48.561032709023));
#9392=CARTESIAN_POINT('Ctrl Pts',(-49.6000000812808,84.9910858350615,-48.5471593793456));
#9393=CARTESIAN_POINT('Ctrl Pts',(-49.6000000812808,84.8816448764218,-48.501801172763));
#9394=CARTESIAN_POINT('Ctrl Pts',(-49.6000000812808,84.8225419677962,-48.4622800101025));
#9395=CARTESIAN_POINT('Ctrl Pts',(-49.6000000812808,84.7387492637086,-48.3784354917875));
#9396=CARTESIAN_POINT('Ctrl Pts',(-49.6000000812808,84.6992443084571,-48.3192654802424));
#9397=CARTESIAN_POINT('Ctrl Pts',(-49.6000000812808,84.6544571983253,-48.2110732976472));
#9398=CARTESIAN_POINT('Ctrl Pts',(-49.6000000812808,84.6405758009375,-48.1434103314015));
#9399=CARTESIAN_POINT('Ctrl Pts',(-49.6000000812808,84.640021713845,-48.0850943561948));
#9400=CARTESIAN_POINT('Ctrl Pts',(-49.6000000812808,84.640021713845,-48.0850943561948));
#9401=CARTESIAN_POINT('Ctrl Pts',(-49.6000000812808,84.6400071749422,-48.0835641810486));
#9402=CARTESIAN_POINT('Ctrl Pts',(-49.6000000812808,84.64,-48.0820404544259));
#9403=CARTESIAN_POINT('Ctrl Pts',(-49.6000000812808,84.64,-48.0211954010888));
#9404=CARTESIAN_POINT('Ctrl Pts',(-49.6000000812808,84.6538784030201,-47.9513673573582));
#9405=CARTESIAN_POINT('Ctrl Pts',(-49.6000000812808,84.6992472255097,-47.8417608156661));
#9406=CARTESIAN_POINT('Ctrl Pts',(-49.6000000812808,84.7387548136937,-47.7825799849428));
#9407=CARTESIAN_POINT('Ctrl Pts',(-49.6000000812808,84.8225511084421,-47.69872048157));
#9408=CARTESIAN_POINT('Ctrl Pts',(-49.6000000812808,84.8816549177506,-47.6591911221623));
#9409=CARTESIAN_POINT('Ctrl Pts',(-49.6000000812808,84.991094078737,-47.613826193942));
#9410=CARTESIAN_POINT('Ctrl Pts',(-49.6000000812808,85.0607846249416,-47.5999506364382));
#9411=CARTESIAN_POINT('Ctrl Pts',(-49.6000000812808,85.12,-47.5999506364382));
#9412=CARTESIAN_POINT('Origin',(-49.2143655718204,85.12,-39.9465046503735));
#9413=CARTESIAN_POINT('',(-56.0000004064042,85.5999999999999,-44.448296864475));
#9414=CARTESIAN_POINT('',(-55.5200006773272,85.12,-44.3011476153818));
#9415=CARTESIAN_POINT('Ctrl Pts',(-56.000000379304,85.5999999999999,-44.4482969543442));
#9416=CARTESIAN_POINT('Ctrl Pts',(-55.9990731597278,85.5999999994242,-44.4480173503039));
#9417=CARTESIAN_POINT('Ctrl Pts',(-55.9981462466724,85.5999973133245,-44.4477378126573));
#9418=CARTESIAN_POINT('Ctrl Pts',(-55.9630021743672,85.5997936484274,-44.4371381056462));
#9419=CARTESIAN_POINT('Ctrl Pts',(-55.9288794691962,85.5959369298732,-44.4268105497997));
#9420=CARTESIAN_POINT('Ctrl Pts',(-55.8621001660084,85.581031550365,-44.4065306348));
#9421=CARTESIAN_POINT('Ctrl Pts',(-55.829568086756,85.5700346142242,-44.3966163445879));
#9422=CARTESIAN_POINT('Ctrl Pts',(-55.7422072432716,85.5296074724688,-44.3699094941143));
#9423=CARTESIAN_POINT('Ctrl Pts',(-55.6911023962136,85.4927438676079,-44.3541841171699));
#9424=CARTESIAN_POINT('Ctrl Pts',(-55.6074719322673,85.4027014588865,-44.328349285285));
#9425=CARTESIAN_POINT('Ctrl Pts',(-55.5749197308772,85.3511207800755,-44.3182400228745));
#9426=CARTESIAN_POINT('Ctrl Pts',(-55.5311895656893,85.2389636210475,-44.3046394319545));
#9427=CARTESIAN_POINT('Ctrl Pts',(-55.5200006773272,85.1798442898992,-44.3011476153818));
#9428=CARTESIAN_POINT('Ctrl Pts',(-55.5200006773272,85.12,-44.3011476153818));
#9429=CARTESIAN_POINT('Origin',(-49.2143655718204,85.12,-39.9465046503735));
#9430=CARTESIAN_POINT('',(-56.0000004064042,84.6400000000001,-44.448296864475));
#9431=CARTESIAN_POINT('Ctrl Pts',(-55.5200006773272,85.12,-44.3011476153818));
#9432=CARTESIAN_POINT('Ctrl Pts',(-55.5200006773272,85.0789302678164,-44.3011476153818));
#9433=CARTESIAN_POINT('Ctrl Pts',(-55.5252713689514,85.0380555558281,-44.3027915980389));
#9434=CARTESIAN_POINT('Ctrl Pts',(-55.5515050430301,84.9379039798893,-44.3109605506335));
#9435=CARTESIAN_POINT('Ctrl Pts',(-55.578881825221,84.8815388324642,-44.3194797476346));
#9436=CARTESIAN_POINT('Ctrl Pts',(-55.650327768363,84.7861868921471,-44.3416010662297));
#9437=CARTESIAN_POINT('Ctrl Pts',(-55.6924919258924,84.7471130813258,-44.3546164430813));
#9438=CARTESIAN_POINT('Ctrl Pts',(-55.7784230546937,84.6917693073121,-44.3809923256954));
#9439=CARTESIAN_POINT('Ctrl Pts',(-55.8199027877772,84.6727771610995,-44.3936762942752));
#9440=CARTESIAN_POINT('Ctrl Pts',(-55.9052333709567,84.6474125019527,-44.4196468437787));
#9441=CARTESIAN_POINT('Ctrl Pts',(-55.9486868995049,84.6407541702387,-44.4328160040001));
#9442=CARTESIAN_POINT('Ctrl Pts',(-55.9949206874393,84.6400201623452,-44.4467649724407));
#9443=CARTESIAN_POINT('Ctrl Pts',(-55.9974604721166,84.6400000017205,-44.4475309446491));
#9444=CARTESIAN_POINT('Ctrl Pts',(-56.0000004064042,84.6400000000001,-44.448296864475));
#9445=CARTESIAN_POINT('Origin',(-56.0000005779621,85.12,-44.4482971939882));
#9446=CARTESIAN_POINT('Origin',(-49.6000000812809,85.12,-28.0896587768486));
#9447=CARTESIAN_POINT('',(-49.6000000812809,85.5999782861549,-28.0942243895952));
#9448=CARTESIAN_POINT('',(-49.6000000812809,85.12,-28.5793681093519));
#9449=CARTESIAN_POINT('Ctrl Pts',(-49.6000000812809,85.12,-28.5793681093519));
#9450=CARTESIAN_POINT('Ctrl Pts',(-49.6000000812809,85.0607846249416,-28.5793681093519));
#9451=CARTESIAN_POINT('Ctrl Pts',(-49.6000000812809,84.991094078737,-28.565492551848));
#9452=CARTESIAN_POINT('Ctrl Pts',(-49.6000000812809,84.8816549177506,-28.5201276236277));
#9453=CARTESIAN_POINT('Ctrl Pts',(-49.6000000812809,84.8225511084421,-28.48059826422));
#9454=CARTESIAN_POINT('Ctrl Pts',(-49.6000000812809,84.7387548136937,-28.3967387608472));
#9455=CARTESIAN_POINT('Ctrl Pts',(-49.6000000812809,84.6992472255097,-28.337557930124));
#9456=CARTESIAN_POINT('Ctrl Pts',(-49.6000000812809,84.6538784030201,-28.2279513884319));
#9457=CARTESIAN_POINT('Ctrl Pts',(-49.6000000812809,84.64,-28.1581233447013));
#9458=CARTESIAN_POINT('Ctrl Pts',(-49.6000000812809,84.64,-28.0394706675527));
#9459=CARTESIAN_POINT('Ctrl Pts',(-49.6000000812809,84.6538770349258,-27.9696469483573));
#9460=CARTESIAN_POINT('Ctrl Pts',(-49.6000000812809,84.6992443084571,-27.8600532655477));
#9461=CARTESIAN_POINT('Ctrl Pts',(-49.6000000812809,84.7387492637086,-27.8008832540026));
#9462=CARTESIAN_POINT('Ctrl Pts',(-49.6000000812809,84.8225419677962,-27.7170387356876));
#9463=CARTESIAN_POINT('Ctrl Pts',(-49.6000000812809,84.8816448764218,-27.6775175730271));
#9464=CARTESIAN_POINT('Ctrl Pts',(-49.6000000812809,84.9910858350615,-27.6321593664445));
#9465=CARTESIAN_POINT('Ctrl Pts',(-49.6000000812809,85.0607811169632,-27.6182860367671));
#9466=CARTESIAN_POINT('Ctrl Pts',(-49.6000000812809,85.12,-27.6182860367671));
#9467=CARTESIAN_POINT('Ctrl Pts',(-49.6000000812809,85.1792188830368,-27.6182860367671));
#9468=CARTESIAN_POINT('Ctrl Pts',(-49.6000000812809,85.2489141649385,-27.6321593664445));
#9469=CARTESIAN_POINT('Ctrl Pts',(-49.6000000812809,85.3583551235782,-27.6775175730271));
#9470=CARTESIAN_POINT('Ctrl Pts',(-49.6000000812809,85.4174580322037,-27.7170387356876));
#9471=CARTESIAN_POINT('Ctrl Pts',(-49.6000000812809,85.5012507362914,-27.8008832540026));
#9472=CARTESIAN_POINT('Ctrl Pts',(-49.6000000812809,85.5407556915428,-27.8600532655477));
#9473=CARTESIAN_POINT('Ctrl Pts',(-49.6000000812809,85.5855428016747,-27.9682454481429));
#9474=CARTESIAN_POINT('Ctrl Pts',(-49.6000000812809,85.5994241990625,-28.0359084143886));
#9475=CARTESIAN_POINT('Ctrl Pts',(-49.6000000812809,85.5999782861549,-28.0942243895952));
#9476=CARTESIAN_POINT('Ctrl Pts',(-49.6000000812809,85.5999782861549,-28.0942243895952));
#9477=CARTESIAN_POINT('Ctrl Pts',(-49.6000000812809,85.5999928250578,-28.0957545647414));
#9478=CARTESIAN_POINT('Ctrl Pts',(-49.6000000812809,85.6,-28.0972782913641));
#9479=CARTESIAN_POINT('Ctrl Pts',(-49.6000000812809,85.6,-28.1581233447013));
#9480=CARTESIAN_POINT('Ctrl Pts',(-49.6000000812809,85.5861215969799,-28.2279513884319));
#9481=CARTESIAN_POINT('Ctrl Pts',(-49.6000000812809,85.5407527744903,-28.337557930124));
#9482=CARTESIAN_POINT('Ctrl Pts',(-49.6000000812809,85.5012451863062,-28.3967387608472));
#9483=CARTESIAN_POINT('Ctrl Pts',(-49.6000000812809,85.4174488915579,-28.48059826422));
#9484=CARTESIAN_POINT('Ctrl Pts',(-49.6000000812809,85.3583450822494,-28.5201276236277));
#9485=CARTESIAN_POINT('Ctrl Pts',(-49.6000000812809,85.248905921263,-28.565492551848));
#9486=CARTESIAN_POINT('Ctrl Pts',(-49.6000000812809,85.1792153750583,-28.5793681093519));
#9487=CARTESIAN_POINT('Ctrl Pts',(-49.6000000812809,85.12,-28.5793681093519));
#9488=CARTESIAN_POINT('Origin',(-49.2143655718204,85.12,-36.2328140954166));
#9489=CARTESIAN_POINT('',(-55.5200006773272,85.12,-31.8781711304082));
#9490=CARTESIAN_POINT('Origin',(-49.2143655718204,85.12,-36.2328140954166));
#9491=CARTESIAN_POINT('',(-56.0000003522039,85.5999999999999,-31.7310217015766));
#9492=CARTESIAN_POINT('Ctrl Pts',(-56.0000003793041,85.5999999999999,-31.7310217914458));
#9493=CARTESIAN_POINT('Ctrl Pts',(-55.9990731597278,85.5999999994242,-31.7313013954861));
#9494=CARTESIAN_POINT('Ctrl Pts',(-55.9981462466724,85.5999973133245,-31.7315809331327));
#9495=CARTESIAN_POINT('Ctrl Pts',(-55.9630021743672,85.5997936484274,-31.742180640144));
#9496=CARTESIAN_POINT('Ctrl Pts',(-55.9288794691962,85.5959369298732,-31.7525081959903));
#9497=CARTESIAN_POINT('Ctrl Pts',(-55.8621001660084,85.581031550365,-31.77278811099));
#9498=CARTESIAN_POINT('Ctrl Pts',(-55.829568086756,85.5700346142242,-31.7827024012021));
#9499=CARTESIAN_POINT('Ctrl Pts',(-55.7422072432716,85.5296074724688,-31.8094092516758));
#9500=CARTESIAN_POINT('Ctrl Pts',(-55.6911023962136,85.4927438676079,-31.8251346286202));
#9501=CARTESIAN_POINT('Ctrl Pts',(-55.6074719322673,85.4027014588865,-31.8509694605051));
#9502=CARTESIAN_POINT('Ctrl Pts',(-55.5749197308772,85.3511207800755,-31.8610787229155));
#9503=CARTESIAN_POINT('Ctrl Pts',(-55.5311895656893,85.2389636210475,-31.8746793138356));
#9504=CARTESIAN_POINT('Ctrl Pts',(-55.5200006773272,85.1798442898992,-31.8781711304082));
#9505=CARTESIAN_POINT('Ctrl Pts',(-55.5200006773272,85.12,-31.8781711304082));
#9506=CARTESIAN_POINT('',(-56.0000003522039,84.6400000000001,-31.7310217015766));
#9507=CARTESIAN_POINT('Origin',(-56.0000005779622,85.12,-31.7310215518019));
#9508=CARTESIAN_POINT('Ctrl Pts',(-55.5200006773272,85.12,-31.8781711304082));
#9509=CARTESIAN_POINT('Ctrl Pts',(-55.5200006773272,85.1170230787028,-31.8781711304082));
#9510=CARTESIAN_POINT('Ctrl Pts',(-55.5200283711463,85.1140445179296,-31.8781624970864));
#9511=CARTESIAN_POINT('Ctrl Pts',(-55.5211946473274,85.0514036681675,-31.8777989232927));
#9512=CARTESIAN_POINT('Ctrl Pts',(-55.5334122501694,84.9926858323171,-31.8739865879902));
#9513=CARTESIAN_POINT('Ctrl Pts',(-55.5788001003555,84.8820310098936,-31.8598735704157));
#9514=CARTESIAN_POINT('Ctrl Pts',(-55.6118224062949,84.8314675606983,-31.8496216745147));
#9515=CARTESIAN_POINT('Ctrl Pts',(-55.6958748040904,84.7434588417277,-31.823664853722));
#9516=CARTESIAN_POINT('Ctrl Pts',(-55.7468831387392,84.7075725778739,-31.807974808973));
#9517=CARTESIAN_POINT('Ctrl Pts',(-55.8637359033864,84.6549246588204,-31.7722629068047));
#9518=CARTESIAN_POINT('Ctrl Pts',(-55.9295135469877,84.6405805355702,-31.7522828003405));
#9519=CARTESIAN_POINT('Ctrl Pts',(-55.9972867845967,84.64000575434,-31.731840134566));
#9520=CARTESIAN_POINT('Ctrl Pts',(-55.9986435154265,84.6400000009192,-31.7314310532005));
#9521=CARTESIAN_POINT('Ctrl Pts',(-56.0000004064042,84.6400000000001,-31.731021881315));
#9522=CARTESIAN_POINT('Origin',(-56.0000005779622,85.12,-31.7310215518019));
#9523=CARTESIAN_POINT('Origin',(-56.0000006773272,85.12,-31.7310217015766));
#9524=CARTESIAN_POINT('Origin',(-56.0000005779622,85.12,-44.4482971939882));
#9525=CARTESIAN_POINT('Origin',(-56.0000006773272,85.12,-44.4482970442134));
#9526=CARTESIAN_POINT('Origin',(-56.0000006773272,85.12,-44.448296864475));
#9527=CARTESIAN_POINT('',(-55.5200006773272,85.12,-44.448296864475));
#9528=CARTESIAN_POINT('',(0.,0.,0.));
#9529=CARTESIAN_POINT('',(0.,0.,0.));
#9530=CARTESIAN_POINT('',(0.,0.,0.));
#9531=CARTESIAN_POINT('',(0.,0.,0.));
#9532=UNCERTAINTY_MEASURE_WITH_UNIT(LENGTH_MEASURE(0.01),#9544,
'DISTANCE_ACCURACY_VALUE',
'Maximum model space distance between geometric entities at asserted c
onnectivities');
#9533=UNCERTAINTY_MEASURE_WITH_UNIT(LENGTH_MEASURE(0.01),#9544,
'DISTANCE_ACCURACY_VALUE',
'Maximum model space distance between geometric entities at asserted c
onnectivities');
#9534=UNCERTAINTY_MEASURE_WITH_UNIT(LENGTH_MEASURE(0.01),#9544,
'DISTANCE_ACCURACY_VALUE',
'Maximum model space distance between geometric entities at asserted c
onnectivities');
#9535=UNCERTAINTY_MEASURE_WITH_UNIT(LENGTH_MEASURE(0.01),#9544,
'DISTANCE_ACCURACY_VALUE',
'Maximum model space distance between geometric entities at asserted c
onnectivities');
#9536=UNCERTAINTY_MEASURE_WITH_UNIT(LENGTH_MEASURE(0.01),#9544,
'DISTANCE_ACCURACY_VALUE',
'Maximum model space distance between geometric entities at asserted c
onnectivities');
#9537=UNCERTAINTY_MEASURE_WITH_UNIT(LENGTH_MEASURE(0.01),#9544,
'DISTANCE_ACCURACY_VALUE',
'Maximum model space distance between geometric entities at asserted c
onnectivities');
#9538=(
GEOMETRIC_REPRESENTATION_CONTEXT(3)
GLOBAL_UNCERTAINTY_ASSIGNED_CONTEXT((#9532))
GLOBAL_UNIT_ASSIGNED_CONTEXT((#9544,#9546,#9547))
REPRESENTATION_CONTEXT('','3D')
);
#9539=(
GEOMETRIC_REPRESENTATION_CONTEXT(3)
GLOBAL_UNCERTAINTY_ASSIGNED_CONTEXT((#9533))
GLOBAL_UNIT_ASSIGNED_CONTEXT((#9544,#9546,#9547))
REPRESENTATION_CONTEXT('','3D')
);
#9540=(
GEOMETRIC_REPRESENTATION_CONTEXT(3)
GLOBAL_UNCERTAINTY_ASSIGNED_CONTEXT((#9534))
GLOBAL_UNIT_ASSIGNED_CONTEXT((#9544,#9546,#9547))
REPRESENTATION_CONTEXT('','3D')
);
#9541=(
GEOMETRIC_REPRESENTATION_CONTEXT(3)
GLOBAL_UNCERTAINTY_ASSIGNED_CONTEXT((#9535))
GLOBAL_UNIT_ASSIGNED_CONTEXT((#9544,#9546,#9547))
REPRESENTATION_CONTEXT('','3D')
);
#9542=(
GEOMETRIC_REPRESENTATION_CONTEXT(3)
GLOBAL_UNCERTAINTY_ASSIGNED_CONTEXT((#9536))
GLOBAL_UNIT_ASSIGNED_CONTEXT((#9544,#9546,#9547))
REPRESENTATION_CONTEXT('','3D')
);
#9543=(
GEOMETRIC_REPRESENTATION_CONTEXT(3)
GLOBAL_UNCERTAINTY_ASSIGNED_CONTEXT((#9537))
GLOBAL_UNIT_ASSIGNED_CONTEXT((#9544,#9546,#9547))
REPRESENTATION_CONTEXT('','3D')
);
#9544=(
LENGTH_UNIT()
NAMED_UNIT(*)
SI_UNIT(.MILLI.,.METRE.)
);
#9545=(
LENGTH_UNIT()
NAMED_UNIT(*)
SI_UNIT($,.METRE.)
);
#9546=(
NAMED_UNIT(*)
PLANE_ANGLE_UNIT()
SI_UNIT($,.RADIAN.)
);
#9547=(
NAMED_UNIT(*)
SI_UNIT($,.STERADIAN.)
SOLID_ANGLE_UNIT()
);
#9548=SHAPE_DEFINITION_REPRESENTATION(#9553,#9562);
#9549=SHAPE_DEFINITION_REPRESENTATION(#9554,#9563);
#9550=SHAPE_DEFINITION_REPRESENTATION(#9555,#9564);
#9551=SHAPE_DEFINITION_REPRESENTATION(#9556,#9565);
#9552=SHAPE_DEFINITION_REPRESENTATION(#9557,#9566);
#9553=PRODUCT_DEFINITION_SHAPE('',$,#9568);
#9554=PRODUCT_DEFINITION_SHAPE('',$,#9569);
#9555=PRODUCT_DEFINITION_SHAPE('',$,#9570);
#9556=PRODUCT_DEFINITION_SHAPE('',$,#9571);
#9557=PRODUCT_DEFINITION_SHAPE('',$,#9572);
#9558=PRODUCT_DEFINITION_SHAPE($,$,#23);
#9559=PRODUCT_DEFINITION_SHAPE($,$,#24);
#9560=PRODUCT_DEFINITION_SHAPE($,$,#25);
#9561=PRODUCT_DEFINITION_SHAPE($,$,#26);
#9562=SHAPE_REPRESENTATION('',(#2455,#2653,#2654,#2655,#2656),#9538);
#9563=SHAPE_REPRESENTATION('',(#2456),#9539);
#9564=SHAPE_REPRESENTATION('',(#2499),#9540);
#9565=SHAPE_REPRESENTATION('',(#2545),#9541);
#9566=SHAPE_REPRESENTATION('',(#2603),#9542);
#9567=PRODUCT_DEFINITION_CONTEXT('part definition',#9584,'design');
#9568=PRODUCT_DEFINITION('Entire product','Untitled v28',#9573,#9567);
#9569=PRODUCT_DEFINITION('Component4','Component4',#9574,#9567);
#9570=PRODUCT_DEFINITION('Component5','Component5',#9575,#9567);
#9571=PRODUCT_DEFINITION('Component6','Component6',#9576,#9567);
#9572=PRODUCT_DEFINITION('Component7','Component7',#9577,#9567);
#9573=PRODUCT_DEFINITION_FORMATION('',$,#9586);
#9574=PRODUCT_DEFINITION_FORMATION('',$,#9587);
#9575=PRODUCT_DEFINITION_FORMATION('',$,#9588);
#9576=PRODUCT_DEFINITION_FORMATION('',$,#9589);
#9577=PRODUCT_DEFINITION_FORMATION('',$,#9590);
#9578=PRODUCT_RELATED_PRODUCT_CATEGORY('Untitled v28','Untitled v28',(#9586));
#9579=PRODUCT_RELATED_PRODUCT_CATEGORY('Component4','Component4',(#9587));
#9580=PRODUCT_RELATED_PRODUCT_CATEGORY('Component5','Component5',(#9588));
#9581=PRODUCT_RELATED_PRODUCT_CATEGORY('Component6','Component6',(#9589));
#9582=PRODUCT_RELATED_PRODUCT_CATEGORY('Component7','Component7',(#9590));
#9583=APPLICATION_PROTOCOL_DEFINITION('international standard',
'automotive_design',2009,#9584);
#9584=APPLICATION_CONTEXT(
'Core Data for Automotive Mechanical Design Process');
#9585=PRODUCT_CONTEXT('part definition',#9584,'mechanical');
#9586=PRODUCT('Entire product','Untitled v28',$,(#9585));
#9587=PRODUCT('Component4','Component4',$,(#9585));
#9588=PRODUCT('Component5','Component5',$,(#9585));
#9589=PRODUCT('Component6','Component6',$,(#9585));
#9590=PRODUCT('Component7','Component7',$,(#9585));
#9591=PRESENTATION_STYLE_ASSIGNMENT((#9602));
#9592=PRESENTATION_STYLE_ASSIGNMENT((#9603));
#9593=PRESENTATION_STYLE_ASSIGNMENT((#9604));
#9594=PRESENTATION_STYLE_ASSIGNMENT((#9605));
#9595=PRESENTATION_STYLE_ASSIGNMENT((#9606));
#9596=PRESENTATION_STYLE_ASSIGNMENT((#9607));
#9597=PRESENTATION_STYLE_ASSIGNMENT((#9608));
#9598=PRESENTATION_STYLE_ASSIGNMENT((#9609));
#9599=PRESENTATION_STYLE_ASSIGNMENT((#9610));
#9600=PRESENTATION_STYLE_ASSIGNMENT((#9611));
#9601=PRESENTATION_STYLE_ASSIGNMENT((#9612));
#9602=SURFACE_STYLE_USAGE(.BOTH.,#9613);
#9603=SURFACE_STYLE_USAGE(.BOTH.,#9614);
#9604=SURFACE_STYLE_USAGE(.BOTH.,#9615);
#9605=SURFACE_STYLE_USAGE(.BOTH.,#9616);
#9606=SURFACE_STYLE_USAGE(.BOTH.,#9617);
#9607=SURFACE_STYLE_USAGE(.BOTH.,#9618);
#9608=SURFACE_STYLE_USAGE(.BOTH.,#9619);
#9609=SURFACE_STYLE_USAGE(.BOTH.,#9620);
#9610=SURFACE_STYLE_USAGE(.BOTH.,#9621);
#9611=SURFACE_STYLE_USAGE(.BOTH.,#9622);
#9612=SURFACE_STYLE_USAGE(.BOTH.,#9623);
#9613=SURFACE_SIDE_STYLE('',(#9624));
#9614=SURFACE_SIDE_STYLE('',(#9625));
#9615=SURFACE_SIDE_STYLE('',(#9626));
#9616=SURFACE_SIDE_STYLE('',(#9627));
#9617=SURFACE_SIDE_STYLE('',(#9628));
#9618=SURFACE_SIDE_STYLE('',(#9629));
#9619=SURFACE_SIDE_STYLE('',(#9630));
#9620=SURFACE_SIDE_STYLE('',(#9631));
#9621=SURFACE_SIDE_STYLE('',(#9632));
#9622=SURFACE_SIDE_STYLE('',(#9633));
#9623=SURFACE_SIDE_STYLE('',(#9634));
#9624=SURFACE_STYLE_FILL_AREA(#9635);
#9625=SURFACE_STYLE_FILL_AREA(#9636);
#9626=SURFACE_STYLE_FILL_AREA(#9637);
#9627=SURFACE_STYLE_FILL_AREA(#9638);
#9628=SURFACE_STYLE_FILL_AREA(#9639);
#9629=SURFACE_STYLE_FILL_AREA(#9640);
#9630=SURFACE_STYLE_FILL_AREA(#9641);
#9631=SURFACE_STYLE_FILL_AREA(#9642);
#9632=SURFACE_STYLE_FILL_AREA(#9643);
#9633=SURFACE_STYLE_FILL_AREA(#9644);
#9634=SURFACE_STYLE_FILL_AREA(#9645);
#9635=FILL_AREA_STYLE('Steel - Satin',(#9646));
#9636=FILL_AREA_STYLE('Paint - Enamel Glossy (Dark Grey)',(#9647));
#9637=FILL_AREA_STYLE('Rubber - Weathered',(#9648));
#9638=FILL_AREA_STYLE('Paint - Enamel Glossy (Green)',(#9649));
#9639=FILL_AREA_STYLE('Paint - Enamel Glossy (White)',(#9650));
#9640=FILL_AREA_STYLE('Paint - Enamel Glossy (Red)',(#9651));
#9641=FILL_AREA_STYLE('Paint - Metallic (Red)',(#9652));
#9642=FILL_AREA_STYLE('Stainless Steel - Polished',(#9653));
#9643=FILL_AREA_STYLE('Paint - Metallic (Dark Grey)',(#9654));
#9644=FILL_AREA_STYLE('Cherry',(#9655));
#9645=FILL_AREA_STYLE('Paint - Metallic (Yellow)',(#9656));
#9646=FILL_AREA_STYLE_COLOUR('Steel - Satin',#9657);
#9647=FILL_AREA_STYLE_COLOUR('Paint - Enamel Glossy (Dark Grey)',#9658);
#9648=FILL_AREA_STYLE_COLOUR('Rubber - Weathered',#9659);
#9649=FILL_AREA_STYLE_COLOUR('Paint - Enamel Glossy (Green)',#9660);
#9650=FILL_AREA_STYLE_COLOUR('Paint - Enamel Glossy (White)',#9661);
#9651=FILL_AREA_STYLE_COLOUR('Paint - Enamel Glossy (Red)',#9662);
#9652=FILL_AREA_STYLE_COLOUR('Paint - Metallic (Red)',#9663);
#9653=FILL_AREA_STYLE_COLOUR('Stainless Steel - Polished',#9664);
#9654=FILL_AREA_STYLE_COLOUR('Paint - Metallic (Dark Grey)',#9665);
#9655=FILL_AREA_STYLE_COLOUR('Cherry',#9666);
#9656=FILL_AREA_STYLE_COLOUR('Paint - Metallic (Yellow)',#9667);
#9657=COLOUR_RGB('Steel - Satin',0.627450980392157,0.627450980392157,0.627450980392157);
#9658=COLOUR_RGB('Paint - Enamel Glossy (Dark Grey)',0.349019607843137,
0.349019607843137,0.349019607843137);
#9659=COLOUR_RGB('Rubber - Weathered',0.152941176470588,0.152941176470588,
0.152941176470588);
#9660=COLOUR_RGB('Paint - Enamel Glossy (Green)',0.266666666666667,0.588235294117647,
0.282352941176471);
#9661=COLOUR_RGB('Paint - Enamel Glossy (White)',0.964705882352941,0.964705882352941,
0.952941176470588);
#9662=COLOUR_RGB('Paint - Enamel Glossy (Red)',0.768627450980392,0.207843137254902,
0.152941176470588);
#9663=COLOUR_RGB('Paint - Metallic (Red)',0.768627450980392,0.207843137254902,
0.152941176470588);
#9664=COLOUR_RGB('Stainless Steel - Polished',0.796078431372549,0.796078431372549,
0.796078431372549);
#9665=COLOUR_RGB('Paint - Metallic (Dark Grey)',0.349019607843137,0.349019607843137,
0.349019607843137);
#9666=COLOUR_RGB('Cherry',0.,0.,0.);
#9667=COLOUR_RGB('Paint - Metallic (Yellow)',0.909803921568627,0.67843137254902,
0.137254901960784);
ENDSEC;
END-ISO-10303-21;
